"group1","variable","variable_level","context","stat_name","stat"
"Placebo","OVERALL","Any event","incidence","n_subjects",86
"Placebo","OVERALL","Any event","incidence","pct_subjects",100
"Placebo","OVERALL","Any event","incidence","n_events",576
"Zanomaline Low Dose (54 mg)","OVERALL","Any event","incidence","n_subjects",0
"Zanomaline Low Dose (54 mg)","OVERALL","Any event","incidence","pct_subjects",
"Zanomaline Low Dose (54 mg)","OVERALL","Any event","incidence","n_events",0
"Zanomaline High Dose (81 mg)","OVERALL","Any event","incidence","n_subjects",0
"Zanomaline High Dose (81 mg)","OVERALL","Any event","incidence","pct_subjects",
"Zanomaline High Dose (81 mg)","OVERALL","Any event","incidence","n_events",0
"Placebo","SOC","(uncoded - no MedDRA SOC in source)","incidence","n_subjects",86
"Placebo","SOC","(uncoded - no MedDRA SOC in source)","incidence","pct_subjects",100
"Placebo","SOC","(uncoded - no MedDRA SOC in source)","incidence","n_events",576
"Zanomaline Low Dose (54 mg)","SOC","(uncoded - no MedDRA SOC in source)","incidence","n_subjects",0
"Zanomaline Low Dose (54 mg)","SOC","(uncoded - no MedDRA SOC in source)","incidence","pct_subjects",
"Zanomaline Low Dose (54 mg)","SOC","(uncoded - no MedDRA SOC in source)","incidence","n_events",0
"Zanomaline High Dose (81 mg)","SOC","(uncoded - no MedDRA SOC in source)","incidence","n_subjects",0
"Zanomaline High Dose (81 mg)","SOC","(uncoded - no MedDRA SOC in source)","incidence","pct_subjects",
"Zanomaline High Dose (81 mg)","SOC","(uncoded - no MedDRA SOC in source)","incidence","n_events",0
"Placebo","PT|(uncoded - no MedDRA SOC in source)","ALZHEIMER'S DISEASE","incidence","n_subjects",86
"Placebo","PT|(uncoded - no MedDRA SOC in source)","ALZHEIMER'S DISEASE","incidence","pct_subjects",100
"Placebo","PT|(uncoded - no MedDRA SOC in source)","ALZHEIMER'S DISEASE","incidence","n_events",86
"Zanomaline Low Dose (54 mg)","PT|(uncoded - no MedDRA SOC in source)","ALZHEIMER'S DISEASE","incidence","n_subjects",0
"Zanomaline Low Dose (54 mg)","PT|(uncoded - no MedDRA SOC in source)","ALZHEIMER'S DISEASE","incidence","pct_subjects",
"Zanomaline Low Dose (54 mg)","PT|(uncoded - no MedDRA SOC in source)","ALZHEIMER'S DISEASE","incidence","n_events",0
"Zanomaline High Dose (81 mg)","PT|(uncoded - no MedDRA SOC in source)","ALZHEIMER'S DISEASE","incidence","n_subjects",0
"Zanomaline High Dose (81 mg)","PT|(uncoded - no MedDRA SOC in source)","ALZHEIMER'S DISEASE","incidence","pct_subjects",
"Zanomaline High Dose (81 mg)","PT|(uncoded - no MedDRA SOC in source)","ALZHEIMER'S DISEASE","incidence","n_events",0
"Placebo","PT|(uncoded - no MedDRA SOC in source)","VERBATIM_0001","incidence","n_subjects",1
"Placebo","PT|(uncoded - no MedDRA SOC in source)","VERBATIM_0001","incidence","pct_subjects",1.16279069767442
"Placebo","PT|(uncoded - no MedDRA SOC in source)","VERBATIM_0001","incidence","n_events",1
"Zanomaline Low Dose (54 mg)","PT|(uncoded - no MedDRA SOC in source)","VERBATIM_0001","incidence","n_subjects",0
"Zanomaline Low Dose (54 mg)","PT|(uncoded - no MedDRA SOC in source)","VERBATIM_0001","incidence","pct_subjects",
"Zanomaline Low Dose (54 mg)","PT|(uncoded - no MedDRA SOC in source)","VERBATIM_0001","incidence","n_events",0
"Zanomaline High Dose (81 mg)","PT|(uncoded - no MedDRA SOC in source)","VERBATIM_0001","incidence","n_subjects",0
"Zanomaline High Dose (81 mg)","PT|(uncoded - no MedDRA SOC in source)","VERBATIM_0001","incidence","pct_subjects",
"Zanomaline High Dose (81 mg)","PT|(uncoded - no MedDRA SOC in source)","VERBATIM_0001","incidence","n_events",0
"Placebo","PT|(uncoded - no MedDRA SOC in source)","VERBATIM_0007","incidence","n_subjects",1
"Placebo","PT|(uncoded - no MedDRA SOC in source)","VERBATIM_0007","incidence","pct_subjects",1.16279069767442
"Placebo","PT|(uncoded - no MedDRA SOC in source)","VERBATIM_0007","incidence","n_events",1
"Zanomaline Low Dose (54 mg)","PT|(uncoded - no MedDRA SOC in source)","VERBATIM_0007","incidence","n_subjects",0
"Zanomaline Low Dose (54 mg)","PT|(uncoded - no MedDRA SOC in source)","VERBATIM_0007","incidence","pct_subjects",
"Zanomaline Low Dose (54 mg)","PT|(uncoded - no MedDRA SOC in source)","VERBATIM_0007","incidence","n_events",0
"Zanomaline High Dose (81 mg)","PT|(uncoded - no MedDRA SOC in source)","VERBATIM_0007","incidence","n_subjects",0
"Zanomaline High Dose (81 mg)","PT|(uncoded - no MedDRA SOC in source)","VERBATIM_0007","incidence","pct_subjects",
"Zanomaline High Dose (81 mg)","PT|(uncoded - no MedDRA SOC in source)","VERBATIM_0007","incidence","n_events",0
"Placebo","PT|(uncoded - no MedDRA SOC in source)","VERBATIM_0024","incidence","n_subjects",1
"Placebo","PT|(uncoded - no MedDRA SOC in source)","VERBATIM_0024","incidence","pct_subjects",1.16279069767442
"Placebo","PT|(uncoded - no MedDRA SOC in source)","VERBATIM_0024","incidence","n_events",1
"Zanomaline Low Dose (54 mg)","PT|(uncoded - no MedDRA SOC in source)","VERBATIM_0024","incidence","n_subjects",0
"Zanomaline Low Dose (54 mg)","PT|(uncoded - no MedDRA SOC in source)","VERBATIM_0024","incidence","pct_subjects",
"Zanomaline Low Dose (54 mg)","PT|(uncoded - no MedDRA SOC in source)","VERBATIM_0024","incidence","n_events",0
"Zanomaline High Dose (81 mg)","PT|(uncoded - no MedDRA SOC in source)","VERBATIM_0024","incidence","n_subjects",0
"Zanomaline High Dose (81 mg)","PT|(uncoded - no MedDRA SOC in source)","VERBATIM_0024","incidence","pct_subjects",
"Zanomaline High Dose (81 mg)","PT|(uncoded - no MedDRA SOC in source)","VERBATIM_0024","incidence","n_events",0
"Placebo","PT|(uncoded - no MedDRA SOC in source)","VERBATIM_0025","incidence","n_subjects",1
"Placebo","PT|(uncoded - no MedDRA SOC in source)","VERBATIM_0025","incidence","pct_subjects",1.16279069767442
"Placebo","PT|(uncoded - no MedDRA SOC in source)","VERBATIM_0025","incidence","n_events",1
"Zanomaline Low Dose (54 mg)","PT|(uncoded - no MedDRA SOC in source)","VERBATIM_0025","incidence","n_subjects",0
"Zanomaline Low Dose (54 mg)","PT|(uncoded - no MedDRA SOC in source)","VERBATIM_0025","incidence","pct_subjects",
"Zanomaline Low Dose (54 mg)","PT|(uncoded - no MedDRA SOC in source)","VERBATIM_0025","incidence","n_events",0
"Zanomaline High Dose (81 mg)","PT|(uncoded - no MedDRA SOC in source)","VERBATIM_0025","incidence","n_subjects",0
"Zanomaline High Dose (81 mg)","PT|(uncoded - no MedDRA SOC in source)","VERBATIM_0025","incidence","pct_subjects",
"Zanomaline High Dose (81 mg)","PT|(uncoded - no MedDRA SOC in source)","VERBATIM_0025","incidence","n_events",0
"Placebo","PT|(uncoded - no MedDRA SOC in source)","VERBATIM_0030","incidence","n_subjects",1
"Placebo","PT|(uncoded - no MedDRA SOC in source)","VERBATIM_0030","incidence","pct_subjects",1.16279069767442
"Placebo","PT|(uncoded - no MedDRA SOC in source)","VERBATIM_0030","incidence","n_events",1
"Zanomaline Low Dose (54 mg)","PT|(uncoded - no MedDRA SOC in source)","VERBATIM_0030","incidence","n_subjects",0
"Zanomaline Low Dose (54 mg)","PT|(uncoded - no MedDRA SOC in source)","VERBATIM_0030","incidence","pct_subjects",
"Zanomaline Low Dose (54 mg)","PT|(uncoded - no MedDRA SOC in source)","VERBATIM_0030","incidence","n_events",0
"Zanomaline High Dose (81 mg)","PT|(uncoded - no MedDRA SOC in source)","VERBATIM_0030","incidence","n_subjects",0
"Zanomaline High Dose (81 mg)","PT|(uncoded - no MedDRA SOC in source)","VERBATIM_0030","incidence","pct_subjects",
"Zanomaline High Dose (81 mg)","PT|(uncoded - no MedDRA SOC in source)","VERBATIM_0030","incidence","n_events",0
"Placebo","PT|(uncoded - no MedDRA SOC in source)","VERBATIM_0042","incidence","n_subjects",1
"Placebo","PT|(uncoded - no MedDRA SOC in source)","VERBATIM_0042","incidence","pct_subjects",1.16279069767442
"Placebo","PT|(uncoded - no MedDRA SOC in source)","VERBATIM_0042","incidence","n_events",1
"Zanomaline Low Dose (54 mg)","PT|(uncoded - no MedDRA SOC in source)","VERBATIM_0042","incidence","n_subjects",0
"Zanomaline Low Dose (54 mg)","PT|(uncoded - no MedDRA SOC in source)","VERBATIM_0042","incidence","pct_subjects",
"Zanomaline Low Dose (54 mg)","PT|(uncoded - no MedDRA SOC in source)","VERBATIM_0042","incidence","n_events",0
"Zanomaline High Dose (81 mg)","PT|(uncoded - no MedDRA SOC in source)","VERBATIM_0042","incidence","n_subjects",0
"Zanomaline High Dose (81 mg)","PT|(uncoded - no MedDRA SOC in source)","VERBATIM_0042","incidence","pct_subjects",
"Zanomaline High Dose (81 mg)","PT|(uncoded - no MedDRA SOC in source)","VERBATIM_0042","incidence","n_events",0
"Placebo","PT|(uncoded - no MedDRA SOC in source)","VERBATIM_0043","incidence","n_subjects",1
"Placebo","PT|(uncoded - no MedDRA SOC in source)","VERBATIM_0043","incidence","pct_subjects",1.16279069767442
"Placebo","PT|(uncoded - no MedDRA SOC in source)","VERBATIM_0043","incidence","n_events",1
"Zanomaline Low Dose (54 mg)","PT|(uncoded - no MedDRA SOC in source)","VERBATIM_0043","incidence","n_subjects",0
"Zanomaline Low Dose (54 mg)","PT|(uncoded - no MedDRA SOC in source)","VERBATIM_0043","incidence","pct_subjects",
"Zanomaline Low Dose (54 mg)","PT|(uncoded - no MedDRA SOC in source)","VERBATIM_0043","incidence","n_events",0
"Zanomaline High Dose (81 mg)","PT|(uncoded - no MedDRA SOC in source)","VERBATIM_0043","incidence","n_subjects",0
"Zanomaline High Dose (81 mg)","PT|(uncoded - no MedDRA SOC in source)","VERBATIM_0043","incidence","pct_subjects",
"Zanomaline High Dose (81 mg)","PT|(uncoded - no MedDRA SOC in source)","VERBATIM_0043","incidence","n_events",0
"Placebo","PT|(uncoded - no MedDRA SOC in source)","VERBATIM_0048","incidence","n_subjects",1
"Placebo","PT|(uncoded - no MedDRA SOC in source)","VERBATIM_0048","incidence","pct_subjects",1.16279069767442
"Placebo","PT|(uncoded - no MedDRA SOC in source)","VERBATIM_0048","incidence","n_events",1
"Zanomaline Low Dose (54 mg)","PT|(uncoded - no MedDRA SOC in source)","VERBATIM_0048","incidence","n_subjects",0
"Zanomaline Low Dose (54 mg)","PT|(uncoded - no MedDRA SOC in source)","VERBATIM_0048","incidence","pct_subjects",
"Zanomaline Low Dose (54 mg)","PT|(uncoded - no MedDRA SOC in source)","VERBATIM_0048","incidence","n_events",0
"Zanomaline High Dose (81 mg)","PT|(uncoded - no MedDRA SOC in source)","VERBATIM_0048","incidence","n_subjects",0
"Zanomaline High Dose (81 mg)","PT|(uncoded - no MedDRA SOC in source)","VERBATIM_0048","incidence","pct_subjects",
"Zanomaline High Dose (81 mg)","PT|(uncoded - no MedDRA SOC in source)","VERBATIM_0048","incidence","n_events",0
"Placebo","PT|(uncoded - no MedDRA SOC in source)","VERBATIM_0051","incidence","n_subjects",1
"Placebo","PT|(uncoded - no MedDRA SOC in source)","VERBATIM_0051","incidence","pct_subjects",1.16279069767442
"Placebo","PT|(uncoded - no MedDRA SOC in source)","VERBATIM_0051","incidence","n_events",1
"Zanomaline Low Dose (54 mg)","PT|(uncoded - no MedDRA SOC in source)","VERBATIM_0051","incidence","n_subjects",0
"Zanomaline Low Dose (54 mg)","PT|(uncoded - no MedDRA SOC in source)","VERBATIM_0051","incidence","pct_subjects",
"Zanomaline Low Dose (54 mg)","PT|(uncoded - no MedDRA SOC in source)","VERBATIM_0051","incidence","n_events",0
"Zanomaline High Dose (81 mg)","PT|(uncoded - no MedDRA SOC in source)","VERBATIM_0051","incidence","n_subjects",0
"Zanomaline High Dose (81 mg)","PT|(uncoded - no MedDRA SOC in source)","VERBATIM_0051","incidence","pct_subjects",
"Zanomaline High Dose (81 mg)","PT|(uncoded - no MedDRA SOC in source)","VERBATIM_0051","incidence","n_events",0
"Placebo","PT|(uncoded - no MedDRA SOC in source)","VERBATIM_0053","incidence","n_subjects",1
"Placebo","PT|(uncoded - no MedDRA SOC in source)","VERBATIM_0053","incidence","pct_subjects",1.16279069767442
"Placebo","PT|(uncoded - no MedDRA SOC in source)","VERBATIM_0053","incidence","n_events",1
"Zanomaline Low Dose (54 mg)","PT|(uncoded - no MedDRA SOC in source)","VERBATIM_0053","incidence","n_subjects",0
"Zanomaline Low Dose (54 mg)","PT|(uncoded - no MedDRA SOC in source)","VERBATIM_0053","incidence","pct_subjects",
"Zanomaline Low Dose (54 mg)","PT|(uncoded - no MedDRA SOC in source)","VERBATIM_0053","incidence","n_events",0
"Zanomaline High Dose (81 mg)","PT|(uncoded - no MedDRA SOC in source)","VERBATIM_0053","incidence","n_subjects",0
"Zanomaline High Dose (81 mg)","PT|(uncoded - no MedDRA SOC in source)","VERBATIM_0053","incidence","pct_subjects",
"Zanomaline High Dose (81 mg)","PT|(uncoded - no MedDRA SOC in source)","VERBATIM_0053","incidence","n_events",0
"Placebo","PT|(uncoded - no MedDRA SOC in source)","VERBATIM_0054","incidence","n_subjects",1
"Placebo","PT|(uncoded - no MedDRA SOC in source)","VERBATIM_0054","incidence","pct_subjects",1.16279069767442
"Placebo","PT|(uncoded - no MedDRA SOC in source)","VERBATIM_0054","incidence","n_events",1
"Zanomaline Low Dose (54 mg)","PT|(uncoded - no MedDRA SOC in source)","VERBATIM_0054","incidence","n_subjects",0
"Zanomaline Low Dose (54 mg)","PT|(uncoded - no MedDRA SOC in source)","VERBATIM_0054","incidence","pct_subjects",
"Zanomaline Low Dose (54 mg)","PT|(uncoded - no MedDRA SOC in source)","VERBATIM_0054","incidence","n_events",0
"Zanomaline High Dose (81 mg)","PT|(uncoded - no MedDRA SOC in source)","VERBATIM_0054","incidence","n_subjects",0
"Zanomaline High Dose (81 mg)","PT|(uncoded - no MedDRA SOC in source)","VERBATIM_0054","incidence","pct_subjects",
"Zanomaline High Dose (81 mg)","PT|(uncoded - no MedDRA SOC in source)","VERBATIM_0054","incidence","n_events",0
"Placebo","PT|(uncoded - no MedDRA SOC in source)","VERBATIM_0055","incidence","n_subjects",1
"Placebo","PT|(uncoded - no MedDRA SOC in source)","VERBATIM_0055","incidence","pct_subjects",1.16279069767442
"Placebo","PT|(uncoded - no MedDRA SOC in source)","VERBATIM_0055","incidence","n_events",1
"Zanomaline Low Dose (54 mg)","PT|(uncoded - no MedDRA SOC in source)","VERBATIM_0055","incidence","n_subjects",0
"Zanomaline Low Dose (54 mg)","PT|(uncoded - no MedDRA SOC in source)","VERBATIM_0055","incidence","pct_subjects",
"Zanomaline Low Dose (54 mg)","PT|(uncoded - no MedDRA SOC in source)","VERBATIM_0055","incidence","n_events",0
"Zanomaline High Dose (81 mg)","PT|(uncoded - no MedDRA SOC in source)","VERBATIM_0055","incidence","n_subjects",0
"Zanomaline High Dose (81 mg)","PT|(uncoded - no MedDRA SOC in source)","VERBATIM_0055","incidence","pct_subjects",
"Zanomaline High Dose (81 mg)","PT|(uncoded - no MedDRA SOC in source)","VERBATIM_0055","incidence","n_events",0
"Placebo","PT|(uncoded - no MedDRA SOC in source)","VERBATIM_0058","incidence","n_subjects",1
"Placebo","PT|(uncoded - no MedDRA SOC in source)","VERBATIM_0058","incidence","pct_subjects",1.16279069767442
"Placebo","PT|(uncoded - no MedDRA SOC in source)","VERBATIM_0058","incidence","n_events",1
"Zanomaline Low Dose (54 mg)","PT|(uncoded - no MedDRA SOC in source)","VERBATIM_0058","incidence","n_subjects",0
"Zanomaline Low Dose (54 mg)","PT|(uncoded - no MedDRA SOC in source)","VERBATIM_0058","incidence","pct_subjects",
"Zanomaline Low Dose (54 mg)","PT|(uncoded - no MedDRA SOC in source)","VERBATIM_0058","incidence","n_events",0
"Zanomaline High Dose (81 mg)","PT|(uncoded - no MedDRA SOC in source)","VERBATIM_0058","incidence","n_subjects",0
"Zanomaline High Dose (81 mg)","PT|(uncoded - no MedDRA SOC in source)","VERBATIM_0058","incidence","pct_subjects",
"Zanomaline High Dose (81 mg)","PT|(uncoded - no MedDRA SOC in source)","VERBATIM_0058","incidence","n_events",0
"Placebo","PT|(uncoded - no MedDRA SOC in source)","VERBATIM_0071","incidence","n_subjects",1
"Placebo","PT|(uncoded - no MedDRA SOC in source)","VERBATIM_0071","incidence","pct_subjects",1.16279069767442
"Placebo","PT|(uncoded - no MedDRA SOC in source)","VERBATIM_0071","incidence","n_events",1
"Zanomaline Low Dose (54 mg)","PT|(uncoded - no MedDRA SOC in source)","VERBATIM_0071","incidence","n_subjects",0
"Zanomaline Low Dose (54 mg)","PT|(uncoded - no MedDRA SOC in source)","VERBATIM_0071","incidence","pct_subjects",
"Zanomaline Low Dose (54 mg)","PT|(uncoded - no MedDRA SOC in source)","VERBATIM_0071","incidence","n_events",0
"Zanomaline High Dose (81 mg)","PT|(uncoded - no MedDRA SOC in source)","VERBATIM_0071","incidence","n_subjects",0
"Zanomaline High Dose (81 mg)","PT|(uncoded - no MedDRA SOC in source)","VERBATIM_0071","incidence","pct_subjects",
"Zanomaline High Dose (81 mg)","PT|(uncoded - no MedDRA SOC in source)","VERBATIM_0071","incidence","n_events",0
"Placebo","PT|(uncoded - no MedDRA SOC in source)","VERBATIM_0073","incidence","n_subjects",1
"Placebo","PT|(uncoded - no MedDRA SOC in source)","VERBATIM_0073","incidence","pct_subjects",1.16279069767442
"Placebo","PT|(uncoded - no MedDRA SOC in source)","VERBATIM_0073","incidence","n_events",1
"Zanomaline Low Dose (54 mg)","PT|(uncoded - no MedDRA SOC in source)","VERBATIM_0073","incidence","n_subjects",0
"Zanomaline Low Dose (54 mg)","PT|(uncoded - no MedDRA SOC in source)","VERBATIM_0073","incidence","pct_subjects",
"Zanomaline Low Dose (54 mg)","PT|(uncoded - no MedDRA SOC in source)","VERBATIM_0073","incidence","n_events",0
"Zanomaline High Dose (81 mg)","PT|(uncoded - no MedDRA SOC in source)","VERBATIM_0073","incidence","n_subjects",0
"Zanomaline High Dose (81 mg)","PT|(uncoded - no MedDRA SOC in source)","VERBATIM_0073","incidence","pct_subjects",
"Zanomaline High Dose (81 mg)","PT|(uncoded - no MedDRA SOC in source)","VERBATIM_0073","incidence","n_events",0
"Placebo","PT|(uncoded - no MedDRA SOC in source)","VERBATIM_0074","incidence","n_subjects",1
"Placebo","PT|(uncoded - no MedDRA SOC in source)","VERBATIM_0074","incidence","pct_subjects",1.16279069767442
"Placebo","PT|(uncoded - no MedDRA SOC in source)","VERBATIM_0074","incidence","n_events",1
"Zanomaline Low Dose (54 mg)","PT|(uncoded - no MedDRA SOC in source)","VERBATIM_0074","incidence","n_subjects",0
"Zanomaline Low Dose (54 mg)","PT|(uncoded - no MedDRA SOC in source)","VERBATIM_0074","incidence","pct_subjects",
"Zanomaline Low Dose (54 mg)","PT|(uncoded - no MedDRA SOC in source)","VERBATIM_0074","incidence","n_events",0
"Zanomaline High Dose (81 mg)","PT|(uncoded - no MedDRA SOC in source)","VERBATIM_0074","incidence","n_subjects",0
"Zanomaline High Dose (81 mg)","PT|(uncoded - no MedDRA SOC in source)","VERBATIM_0074","incidence","pct_subjects",
"Zanomaline High Dose (81 mg)","PT|(uncoded - no MedDRA SOC in source)","VERBATIM_0074","incidence","n_events",0
"Placebo","PT|(uncoded - no MedDRA SOC in source)","VERBATIM_0082","incidence","n_subjects",1
"Placebo","PT|(uncoded - no MedDRA SOC in source)","VERBATIM_0082","incidence","pct_subjects",1.16279069767442
"Placebo","PT|(uncoded - no MedDRA SOC in source)","VERBATIM_0082","incidence","n_events",1
"Zanomaline Low Dose (54 mg)","PT|(uncoded - no MedDRA SOC in source)","VERBATIM_0082","incidence","n_subjects",0
"Zanomaline Low Dose (54 mg)","PT|(uncoded - no MedDRA SOC in source)","VERBATIM_0082","incidence","pct_subjects",
"Zanomaline Low Dose (54 mg)","PT|(uncoded - no MedDRA SOC in source)","VERBATIM_0082","incidence","n_events",0
"Zanomaline High Dose (81 mg)","PT|(uncoded - no MedDRA SOC in source)","VERBATIM_0082","incidence","n_subjects",0
"Zanomaline High Dose (81 mg)","PT|(uncoded - no MedDRA SOC in source)","VERBATIM_0082","incidence","pct_subjects",
"Zanomaline High Dose (81 mg)","PT|(uncoded - no MedDRA SOC in source)","VERBATIM_0082","incidence","n_events",0
"Placebo","PT|(uncoded - no MedDRA SOC in source)","VERBATIM_0087","incidence","n_subjects",1
"Placebo","PT|(uncoded - no MedDRA SOC in source)","VERBATIM_0087","incidence","pct_subjects",1.16279069767442
"Placebo","PT|(uncoded - no MedDRA SOC in source)","VERBATIM_0087","incidence","n_events",1
"Zanomaline Low Dose (54 mg)","PT|(uncoded - no MedDRA SOC in source)","VERBATIM_0087","incidence","n_subjects",0
"Zanomaline Low Dose (54 mg)","PT|(uncoded - no MedDRA SOC in source)","VERBATIM_0087","incidence","pct_subjects",
"Zanomaline Low Dose (54 mg)","PT|(uncoded - no MedDRA SOC in source)","VERBATIM_0087","incidence","n_events",0
"Zanomaline High Dose (81 mg)","PT|(uncoded - no MedDRA SOC in source)","VERBATIM_0087","incidence","n_subjects",0
"Zanomaline High Dose (81 mg)","PT|(uncoded - no MedDRA SOC in source)","VERBATIM_0087","incidence","pct_subjects",
"Zanomaline High Dose (81 mg)","PT|(uncoded - no MedDRA SOC in source)","VERBATIM_0087","incidence","n_events",0
"Placebo","PT|(uncoded - no MedDRA SOC in source)","VERBATIM_0089","incidence","n_subjects",1
"Placebo","PT|(uncoded - no MedDRA SOC in source)","VERBATIM_0089","incidence","pct_subjects",1.16279069767442
"Placebo","PT|(uncoded - no MedDRA SOC in source)","VERBATIM_0089","incidence","n_events",1
"Zanomaline Low Dose (54 mg)","PT|(uncoded - no MedDRA SOC in source)","VERBATIM_0089","incidence","n_subjects",0
"Zanomaline Low Dose (54 mg)","PT|(uncoded - no MedDRA SOC in source)","VERBATIM_0089","incidence","pct_subjects",
"Zanomaline Low Dose (54 mg)","PT|(uncoded - no MedDRA SOC in source)","VERBATIM_0089","incidence","n_events",0
"Zanomaline High Dose (81 mg)","PT|(uncoded - no MedDRA SOC in source)","VERBATIM_0089","incidence","n_subjects",0
"Zanomaline High Dose (81 mg)","PT|(uncoded - no MedDRA SOC in source)","VERBATIM_0089","incidence","pct_subjects",
"Zanomaline High Dose (81 mg)","PT|(uncoded - no MedDRA SOC in source)","VERBATIM_0089","incidence","n_events",0
"Placebo","PT|(uncoded - no MedDRA SOC in source)","VERBATIM_0092","incidence","n_subjects",1
"Placebo","PT|(uncoded - no MedDRA SOC in source)","VERBATIM_0092","incidence","pct_subjects",1.16279069767442
"Placebo","PT|(uncoded - no MedDRA SOC in source)","VERBATIM_0092","incidence","n_events",1
"Zanomaline Low Dose (54 mg)","PT|(uncoded - no MedDRA SOC in source)","VERBATIM_0092","incidence","n_subjects",0
"Zanomaline Low Dose (54 mg)","PT|(uncoded - no MedDRA SOC in source)","VERBATIM_0092","incidence","pct_subjects",
"Zanomaline Low Dose (54 mg)","PT|(uncoded - no MedDRA SOC in source)","VERBATIM_0092","incidence","n_events",0
"Zanomaline High Dose (81 mg)","PT|(uncoded - no MedDRA SOC in source)","VERBATIM_0092","incidence","n_subjects",0
"Zanomaline High Dose (81 mg)","PT|(uncoded - no MedDRA SOC in source)","VERBATIM_0092","incidence","pct_subjects",
"Zanomaline High Dose (81 mg)","PT|(uncoded - no MedDRA SOC in source)","VERBATIM_0092","incidence","n_events",0
"Placebo","PT|(uncoded - no MedDRA SOC in source)","VERBATIM_0094","incidence","n_subjects",1
"Placebo","PT|(uncoded - no MedDRA SOC in source)","VERBATIM_0094","incidence","pct_subjects",1.16279069767442
"Placebo","PT|(uncoded - no MedDRA SOC in source)","VERBATIM_0094","incidence","n_events",1
"Zanomaline Low Dose (54 mg)","PT|(uncoded - no MedDRA SOC in source)","VERBATIM_0094","incidence","n_subjects",0
"Zanomaline Low Dose (54 mg)","PT|(uncoded - no MedDRA SOC in source)","VERBATIM_0094","incidence","pct_subjects",
"Zanomaline Low Dose (54 mg)","PT|(uncoded - no MedDRA SOC in source)","VERBATIM_0094","incidence","n_events",0
"Zanomaline High Dose (81 mg)","PT|(uncoded - no MedDRA SOC in source)","VERBATIM_0094","incidence","n_subjects",0
"Zanomaline High Dose (81 mg)","PT|(uncoded - no MedDRA SOC in source)","VERBATIM_0094","incidence","pct_subjects",
"Zanomaline High Dose (81 mg)","PT|(uncoded - no MedDRA SOC in source)","VERBATIM_0094","incidence","n_events",0
"Placebo","PT|(uncoded - no MedDRA SOC in source)","VERBATIM_0117","incidence","n_subjects",1
"Placebo","PT|(uncoded - no MedDRA SOC in source)","VERBATIM_0117","incidence","pct_subjects",1.16279069767442
"Placebo","PT|(uncoded - no MedDRA SOC in source)","VERBATIM_0117","incidence","n_events",1
"Zanomaline Low Dose (54 mg)","PT|(uncoded - no MedDRA SOC in source)","VERBATIM_0117","incidence","n_subjects",0
"Zanomaline Low Dose (54 mg)","PT|(uncoded - no MedDRA SOC in source)","VERBATIM_0117","incidence","pct_subjects",
"Zanomaline Low Dose (54 mg)","PT|(uncoded - no MedDRA SOC in source)","VERBATIM_0117","incidence","n_events",0
"Zanomaline High Dose (81 mg)","PT|(uncoded - no MedDRA SOC in source)","VERBATIM_0117","incidence","n_subjects",0
"Zanomaline High Dose (81 mg)","PT|(uncoded - no MedDRA SOC in source)","VERBATIM_0117","incidence","pct_subjects",
"Zanomaline High Dose (81 mg)","PT|(uncoded - no MedDRA SOC in source)","VERBATIM_0117","incidence","n_events",0
"Placebo","PT|(uncoded - no MedDRA SOC in source)","VERBATIM_0120","incidence","n_subjects",2
"Placebo","PT|(uncoded - no MedDRA SOC in source)","VERBATIM_0120","incidence","pct_subjects",2.32558139534884
"Placebo","PT|(uncoded - no MedDRA SOC in source)","VERBATIM_0120","incidence","n_events",2
"Zanomaline Low Dose (54 mg)","PT|(uncoded - no MedDRA SOC in source)","VERBATIM_0120","incidence","n_subjects",0
"Zanomaline Low Dose (54 mg)","PT|(uncoded - no MedDRA SOC in source)","VERBATIM_0120","incidence","pct_subjects",
"Zanomaline Low Dose (54 mg)","PT|(uncoded - no MedDRA SOC in source)","VERBATIM_0120","incidence","n_events",0
"Zanomaline High Dose (81 mg)","PT|(uncoded - no MedDRA SOC in source)","VERBATIM_0120","incidence","n_subjects",0
"Zanomaline High Dose (81 mg)","PT|(uncoded - no MedDRA SOC in source)","VERBATIM_0120","incidence","pct_subjects",
"Zanomaline High Dose (81 mg)","PT|(uncoded - no MedDRA SOC in source)","VERBATIM_0120","incidence","n_events",0
"Placebo","PT|(uncoded - no MedDRA SOC in source)","VERBATIM_0127","incidence","n_subjects",1
"Placebo","PT|(uncoded - no MedDRA SOC in source)","VERBATIM_0127","incidence","pct_subjects",1.16279069767442
"Placebo","PT|(uncoded - no MedDRA SOC in source)","VERBATIM_0127","incidence","n_events",1
"Zanomaline Low Dose (54 mg)","PT|(uncoded - no MedDRA SOC in source)","VERBATIM_0127","incidence","n_subjects",0
"Zanomaline Low Dose (54 mg)","PT|(uncoded - no MedDRA SOC in source)","VERBATIM_0127","incidence","pct_subjects",
"Zanomaline Low Dose (54 mg)","PT|(uncoded - no MedDRA SOC in source)","VERBATIM_0127","incidence","n_events",0
"Zanomaline High Dose (81 mg)","PT|(uncoded - no MedDRA SOC in source)","VERBATIM_0127","incidence","n_subjects",0
"Zanomaline High Dose (81 mg)","PT|(uncoded - no MedDRA SOC in source)","VERBATIM_0127","incidence","pct_subjects",
"Zanomaline High Dose (81 mg)","PT|(uncoded - no MedDRA SOC in source)","VERBATIM_0127","incidence","n_events",0
"Placebo","PT|(uncoded - no MedDRA SOC in source)","VERBATIM_0129","incidence","n_subjects",1
"Placebo","PT|(uncoded - no MedDRA SOC in source)","VERBATIM_0129","incidence","pct_subjects",1.16279069767442
"Placebo","PT|(uncoded - no MedDRA SOC in source)","VERBATIM_0129","incidence","n_events",1
"Zanomaline Low Dose (54 mg)","PT|(uncoded - no MedDRA SOC in source)","VERBATIM_0129","incidence","n_subjects",0
"Zanomaline Low Dose (54 mg)","PT|(uncoded - no MedDRA SOC in source)","VERBATIM_0129","incidence","pct_subjects",
"Zanomaline Low Dose (54 mg)","PT|(uncoded - no MedDRA SOC in source)","VERBATIM_0129","incidence","n_events",0
"Zanomaline High Dose (81 mg)","PT|(uncoded - no MedDRA SOC in source)","VERBATIM_0129","incidence","n_subjects",0
"Zanomaline High Dose (81 mg)","PT|(uncoded - no MedDRA SOC in source)","VERBATIM_0129","incidence","pct_subjects",
"Zanomaline High Dose (81 mg)","PT|(uncoded - no MedDRA SOC in source)","VERBATIM_0129","incidence","n_events",0
"Placebo","PT|(uncoded - no MedDRA SOC in source)","VERBATIM_0135","incidence","n_subjects",1
"Placebo","PT|(uncoded - no MedDRA SOC in source)","VERBATIM_0135","incidence","pct_subjects",1.16279069767442
"Placebo","PT|(uncoded - no MedDRA SOC in source)","VERBATIM_0135","incidence","n_events",1
"Zanomaline Low Dose (54 mg)","PT|(uncoded - no MedDRA SOC in source)","VERBATIM_0135","incidence","n_subjects",0
"Zanomaline Low Dose (54 mg)","PT|(uncoded - no MedDRA SOC in source)","VERBATIM_0135","incidence","pct_subjects",
"Zanomaline Low Dose (54 mg)","PT|(uncoded - no MedDRA SOC in source)","VERBATIM_0135","incidence","n_events",0
"Zanomaline High Dose (81 mg)","PT|(uncoded - no MedDRA SOC in source)","VERBATIM_0135","incidence","n_subjects",0
"Zanomaline High Dose (81 mg)","PT|(uncoded - no MedDRA SOC in source)","VERBATIM_0135","incidence","pct_subjects",
"Zanomaline High Dose (81 mg)","PT|(uncoded - no MedDRA SOC in source)","VERBATIM_0135","incidence","n_events",0
"Placebo","PT|(uncoded - no MedDRA SOC in source)","VERBATIM_0140","incidence","n_subjects",1
"Placebo","PT|(uncoded - no MedDRA SOC in source)","VERBATIM_0140","incidence","pct_subjects",1.16279069767442
"Placebo","PT|(uncoded - no MedDRA SOC in source)","VERBATIM_0140","incidence","n_events",1
"Zanomaline Low Dose (54 mg)","PT|(uncoded - no MedDRA SOC in source)","VERBATIM_0140","incidence","n_subjects",0
"Zanomaline Low Dose (54 mg)","PT|(uncoded - no MedDRA SOC in source)","VERBATIM_0140","incidence","pct_subjects",
"Zanomaline Low Dose (54 mg)","PT|(uncoded - no MedDRA SOC in source)","VERBATIM_0140","incidence","n_events",0
"Zanomaline High Dose (81 mg)","PT|(uncoded - no MedDRA SOC in source)","VERBATIM_0140","incidence","n_subjects",0
"Zanomaline High Dose (81 mg)","PT|(uncoded - no MedDRA SOC in source)","VERBATIM_0140","incidence","pct_subjects",
"Zanomaline High Dose (81 mg)","PT|(uncoded - no MedDRA SOC in source)","VERBATIM_0140","incidence","n_events",0
"Placebo","PT|(uncoded - no MedDRA SOC in source)","VERBATIM_0144","incidence","n_subjects",1
"Placebo","PT|(uncoded - no MedDRA SOC in source)","VERBATIM_0144","incidence","pct_subjects",1.16279069767442
"Placebo","PT|(uncoded - no MedDRA SOC in source)","VERBATIM_0144","incidence","n_events",1
"Zanomaline Low Dose (54 mg)","PT|(uncoded - no MedDRA SOC in source)","VERBATIM_0144","incidence","n_subjects",0
"Zanomaline Low Dose (54 mg)","PT|(uncoded - no MedDRA SOC in source)","VERBATIM_0144","incidence","pct_subjects",
"Zanomaline Low Dose (54 mg)","PT|(uncoded - no MedDRA SOC in source)","VERBATIM_0144","incidence","n_events",0
"Zanomaline High Dose (81 mg)","PT|(uncoded - no MedDRA SOC in source)","VERBATIM_0144","incidence","n_subjects",0
"Zanomaline High Dose (81 mg)","PT|(uncoded - no MedDRA SOC in source)","VERBATIM_0144","incidence","pct_subjects",
"Zanomaline High Dose (81 mg)","PT|(uncoded - no MedDRA SOC in source)","VERBATIM_0144","incidence","n_events",0
"Placebo","PT|(uncoded - no MedDRA SOC in source)","VERBATIM_0151","incidence","n_subjects",1
"Placebo","PT|(uncoded - no MedDRA SOC in source)","VERBATIM_0151","incidence","pct_subjects",1.16279069767442
"Placebo","PT|(uncoded - no MedDRA SOC in source)","VERBATIM_0151","incidence","n_events",1
"Zanomaline Low Dose (54 mg)","PT|(uncoded - no MedDRA SOC in source)","VERBATIM_0151","incidence","n_subjects",0
"Zanomaline Low Dose (54 mg)","PT|(uncoded - no MedDRA SOC in source)","VERBATIM_0151","incidence","pct_subjects",
"Zanomaline Low Dose (54 mg)","PT|(uncoded - no MedDRA SOC in source)","VERBATIM_0151","incidence","n_events",0
"Zanomaline High Dose (81 mg)","PT|(uncoded - no MedDRA SOC in source)","VERBATIM_0151","incidence","n_subjects",0
"Zanomaline High Dose (81 mg)","PT|(uncoded - no MedDRA SOC in source)","VERBATIM_0151","incidence","pct_subjects",
"Zanomaline High Dose (81 mg)","PT|(uncoded - no MedDRA SOC in source)","VERBATIM_0151","incidence","n_events",0
"Placebo","PT|(uncoded - no MedDRA SOC in source)","VERBATIM_0154","incidence","n_subjects",2
"Placebo","PT|(uncoded - no MedDRA SOC in source)","VERBATIM_0154","incidence","pct_subjects",2.32558139534884
"Placebo","PT|(uncoded - no MedDRA SOC in source)","VERBATIM_0154","incidence","n_events",2
"Zanomaline Low Dose (54 mg)","PT|(uncoded - no MedDRA SOC in source)","VERBATIM_0154","incidence","n_subjects",0
"Zanomaline Low Dose (54 mg)","PT|(uncoded - no MedDRA SOC in source)","VERBATIM_0154","incidence","pct_subjects",
"Zanomaline Low Dose (54 mg)","PT|(uncoded - no MedDRA SOC in source)","VERBATIM_0154","incidence","n_events",0
"Zanomaline High Dose (81 mg)","PT|(uncoded - no MedDRA SOC in source)","VERBATIM_0154","incidence","n_subjects",0
"Zanomaline High Dose (81 mg)","PT|(uncoded - no MedDRA SOC in source)","VERBATIM_0154","incidence","pct_subjects",
"Zanomaline High Dose (81 mg)","PT|(uncoded - no MedDRA SOC in source)","VERBATIM_0154","incidence","n_events",0
"Placebo","PT|(uncoded - no MedDRA SOC in source)","VERBATIM_0164","incidence","n_subjects",5
"Placebo","PT|(uncoded - no MedDRA SOC in source)","VERBATIM_0164","incidence","pct_subjects",5.81395348837209
"Placebo","PT|(uncoded - no MedDRA SOC in source)","VERBATIM_0164","incidence","n_events",5
"Zanomaline Low Dose (54 mg)","PT|(uncoded - no MedDRA SOC in source)","VERBATIM_0164","incidence","n_subjects",0
"Zanomaline Low Dose (54 mg)","PT|(uncoded - no MedDRA SOC in source)","VERBATIM_0164","incidence","pct_subjects",
"Zanomaline Low Dose (54 mg)","PT|(uncoded - no MedDRA SOC in source)","VERBATIM_0164","incidence","n_events",0
"Zanomaline High Dose (81 mg)","PT|(uncoded - no MedDRA SOC in source)","VERBATIM_0164","incidence","n_subjects",0
"Zanomaline High Dose (81 mg)","PT|(uncoded - no MedDRA SOC in source)","VERBATIM_0164","incidence","pct_subjects",
"Zanomaline High Dose (81 mg)","PT|(uncoded - no MedDRA SOC in source)","VERBATIM_0164","incidence","n_events",0
"Placebo","PT|(uncoded - no MedDRA SOC in source)","VERBATIM_0171","incidence","n_subjects",1
"Placebo","PT|(uncoded - no MedDRA SOC in source)","VERBATIM_0171","incidence","pct_subjects",1.16279069767442
"Placebo","PT|(uncoded - no MedDRA SOC in source)","VERBATIM_0171","incidence","n_events",1
"Zanomaline Low Dose (54 mg)","PT|(uncoded - no MedDRA SOC in source)","VERBATIM_0171","incidence","n_subjects",0
"Zanomaline Low Dose (54 mg)","PT|(uncoded - no MedDRA SOC in source)","VERBATIM_0171","incidence","pct_subjects",
"Zanomaline Low Dose (54 mg)","PT|(uncoded - no MedDRA SOC in source)","VERBATIM_0171","incidence","n_events",0
"Zanomaline High Dose (81 mg)","PT|(uncoded - no MedDRA SOC in source)","VERBATIM_0171","incidence","n_subjects",0
"Zanomaline High Dose (81 mg)","PT|(uncoded - no MedDRA SOC in source)","VERBATIM_0171","incidence","pct_subjects",
"Zanomaline High Dose (81 mg)","PT|(uncoded - no MedDRA SOC in source)","VERBATIM_0171","incidence","n_events",0
"Placebo","PT|(uncoded - no MedDRA SOC in source)","VERBATIM_0177","incidence","n_subjects",1
"Placebo","PT|(uncoded - no MedDRA SOC in source)","VERBATIM_0177","incidence","pct_subjects",1.16279069767442
"Placebo","PT|(uncoded - no MedDRA SOC in source)","VERBATIM_0177","incidence","n_events",1
"Zanomaline Low Dose (54 mg)","PT|(uncoded - no MedDRA SOC in source)","VERBATIM_0177","incidence","n_subjects",0
"Zanomaline Low Dose (54 mg)","PT|(uncoded - no MedDRA SOC in source)","VERBATIM_0177","incidence","pct_subjects",
"Zanomaline Low Dose (54 mg)","PT|(uncoded - no MedDRA SOC in source)","VERBATIM_0177","incidence","n_events",0
"Zanomaline High Dose (81 mg)","PT|(uncoded - no MedDRA SOC in source)","VERBATIM_0177","incidence","n_subjects",0
"Zanomaline High Dose (81 mg)","PT|(uncoded - no MedDRA SOC in source)","VERBATIM_0177","incidence","pct_subjects",
"Zanomaline High Dose (81 mg)","PT|(uncoded - no MedDRA SOC in source)","VERBATIM_0177","incidence","n_events",0
"Placebo","PT|(uncoded - no MedDRA SOC in source)","VERBATIM_0187","incidence","n_subjects",1
"Placebo","PT|(uncoded - no MedDRA SOC in source)","VERBATIM_0187","incidence","pct_subjects",1.16279069767442
"Placebo","PT|(uncoded - no MedDRA SOC in source)","VERBATIM_0187","incidence","n_events",1
"Zanomaline Low Dose (54 mg)","PT|(uncoded - no MedDRA SOC in source)","VERBATIM_0187","incidence","n_subjects",0
"Zanomaline Low Dose (54 mg)","PT|(uncoded - no MedDRA SOC in source)","VERBATIM_0187","incidence","pct_subjects",
"Zanomaline Low Dose (54 mg)","PT|(uncoded - no MedDRA SOC in source)","VERBATIM_0187","incidence","n_events",0
"Zanomaline High Dose (81 mg)","PT|(uncoded - no MedDRA SOC in source)","VERBATIM_0187","incidence","n_subjects",0
"Zanomaline High Dose (81 mg)","PT|(uncoded - no MedDRA SOC in source)","VERBATIM_0187","incidence","pct_subjects",
"Zanomaline High Dose (81 mg)","PT|(uncoded - no MedDRA SOC in source)","VERBATIM_0187","incidence","n_events",0
"Placebo","PT|(uncoded - no MedDRA SOC in source)","VERBATIM_0211","incidence","n_subjects",1
"Placebo","PT|(uncoded - no MedDRA SOC in source)","VERBATIM_0211","incidence","pct_subjects",1.16279069767442
"Placebo","PT|(uncoded - no MedDRA SOC in source)","VERBATIM_0211","incidence","n_events",1
"Zanomaline Low Dose (54 mg)","PT|(uncoded - no MedDRA SOC in source)","VERBATIM_0211","incidence","n_subjects",0
"Zanomaline Low Dose (54 mg)","PT|(uncoded - no MedDRA SOC in source)","VERBATIM_0211","incidence","pct_subjects",
"Zanomaline Low Dose (54 mg)","PT|(uncoded - no MedDRA SOC in source)","VERBATIM_0211","incidence","n_events",0
"Zanomaline High Dose (81 mg)","PT|(uncoded - no MedDRA SOC in source)","VERBATIM_0211","incidence","n_subjects",0
"Zanomaline High Dose (81 mg)","PT|(uncoded - no MedDRA SOC in source)","VERBATIM_0211","incidence","pct_subjects",
"Zanomaline High Dose (81 mg)","PT|(uncoded - no MedDRA SOC in source)","VERBATIM_0211","incidence","n_events",0
"Placebo","PT|(uncoded - no MedDRA SOC in source)","VERBATIM_0218","incidence","n_subjects",1
"Placebo","PT|(uncoded - no MedDRA SOC in source)","VERBATIM_0218","incidence","pct_subjects",1.16279069767442
"Placebo","PT|(uncoded - no MedDRA SOC in source)","VERBATIM_0218","incidence","n_events",1
"Zanomaline Low Dose (54 mg)","PT|(uncoded - no MedDRA SOC in source)","VERBATIM_0218","incidence","n_subjects",0
"Zanomaline Low Dose (54 mg)","PT|(uncoded - no MedDRA SOC in source)","VERBATIM_0218","incidence","pct_subjects",
"Zanomaline Low Dose (54 mg)","PT|(uncoded - no MedDRA SOC in source)","VERBATIM_0218","incidence","n_events",0
"Zanomaline High Dose (81 mg)","PT|(uncoded - no MedDRA SOC in source)","VERBATIM_0218","incidence","n_subjects",0
"Zanomaline High Dose (81 mg)","PT|(uncoded - no MedDRA SOC in source)","VERBATIM_0218","incidence","pct_subjects",
"Zanomaline High Dose (81 mg)","PT|(uncoded - no MedDRA SOC in source)","VERBATIM_0218","incidence","n_events",0
"Placebo","PT|(uncoded - no MedDRA SOC in source)","VERBATIM_0223","incidence","n_subjects",1
"Placebo","PT|(uncoded - no MedDRA SOC in source)","VERBATIM_0223","incidence","pct_subjects",1.16279069767442
"Placebo","PT|(uncoded - no MedDRA SOC in source)","VERBATIM_0223","incidence","n_events",1
"Zanomaline Low Dose (54 mg)","PT|(uncoded - no MedDRA SOC in source)","VERBATIM_0223","incidence","n_subjects",0
"Zanomaline Low Dose (54 mg)","PT|(uncoded - no MedDRA SOC in source)","VERBATIM_0223","incidence","pct_subjects",
"Zanomaline Low Dose (54 mg)","PT|(uncoded - no MedDRA SOC in source)","VERBATIM_0223","incidence","n_events",0
"Zanomaline High Dose (81 mg)","PT|(uncoded - no MedDRA SOC in source)","VERBATIM_0223","incidence","n_subjects",0
"Zanomaline High Dose (81 mg)","PT|(uncoded - no MedDRA SOC in source)","VERBATIM_0223","incidence","pct_subjects",
"Zanomaline High Dose (81 mg)","PT|(uncoded - no MedDRA SOC in source)","VERBATIM_0223","incidence","n_events",0
"Placebo","PT|(uncoded - no MedDRA SOC in source)","VERBATIM_0227","incidence","n_subjects",1
"Placebo","PT|(uncoded - no MedDRA SOC in source)","VERBATIM_0227","incidence","pct_subjects",1.16279069767442
"Placebo","PT|(uncoded - no MedDRA SOC in source)","VERBATIM_0227","incidence","n_events",1
"Zanomaline Low Dose (54 mg)","PT|(uncoded - no MedDRA SOC in source)","VERBATIM_0227","incidence","n_subjects",0
"Zanomaline Low Dose (54 mg)","PT|(uncoded - no MedDRA SOC in source)","VERBATIM_0227","incidence","pct_subjects",
"Zanomaline Low Dose (54 mg)","PT|(uncoded - no MedDRA SOC in source)","VERBATIM_0227","incidence","n_events",0
"Zanomaline High Dose (81 mg)","PT|(uncoded - no MedDRA SOC in source)","VERBATIM_0227","incidence","n_subjects",0
"Zanomaline High Dose (81 mg)","PT|(uncoded - no MedDRA SOC in source)","VERBATIM_0227","incidence","pct_subjects",
"Zanomaline High Dose (81 mg)","PT|(uncoded - no MedDRA SOC in source)","VERBATIM_0227","incidence","n_events",0
"Placebo","PT|(uncoded - no MedDRA SOC in source)","VERBATIM_0237","incidence","n_subjects",1
"Placebo","PT|(uncoded - no MedDRA SOC in source)","VERBATIM_0237","incidence","pct_subjects",1.16279069767442
"Placebo","PT|(uncoded - no MedDRA SOC in source)","VERBATIM_0237","incidence","n_events",1
"Zanomaline Low Dose (54 mg)","PT|(uncoded - no MedDRA SOC in source)","VERBATIM_0237","incidence","n_subjects",0
"Zanomaline Low Dose (54 mg)","PT|(uncoded - no MedDRA SOC in source)","VERBATIM_0237","incidence","pct_subjects",
"Zanomaline Low Dose (54 mg)","PT|(uncoded - no MedDRA SOC in source)","VERBATIM_0237","incidence","n_events",0
"Zanomaline High Dose (81 mg)","PT|(uncoded - no MedDRA SOC in source)","VERBATIM_0237","incidence","n_subjects",0
"Zanomaline High Dose (81 mg)","PT|(uncoded - no MedDRA SOC in source)","VERBATIM_0237","incidence","pct_subjects",
"Zanomaline High Dose (81 mg)","PT|(uncoded - no MedDRA SOC in source)","VERBATIM_0237","incidence","n_events",0
"Placebo","PT|(uncoded - no MedDRA SOC in source)","VERBATIM_0239","incidence","n_subjects",1
"Placebo","PT|(uncoded - no MedDRA SOC in source)","VERBATIM_0239","incidence","pct_subjects",1.16279069767442
"Placebo","PT|(uncoded - no MedDRA SOC in source)","VERBATIM_0239","incidence","n_events",1
"Zanomaline Low Dose (54 mg)","PT|(uncoded - no MedDRA SOC in source)","VERBATIM_0239","incidence","n_subjects",0
"Zanomaline Low Dose (54 mg)","PT|(uncoded - no MedDRA SOC in source)","VERBATIM_0239","incidence","pct_subjects",
"Zanomaline Low Dose (54 mg)","PT|(uncoded - no MedDRA SOC in source)","VERBATIM_0239","incidence","n_events",0
"Zanomaline High Dose (81 mg)","PT|(uncoded - no MedDRA SOC in source)","VERBATIM_0239","incidence","n_subjects",0
"Zanomaline High Dose (81 mg)","PT|(uncoded - no MedDRA SOC in source)","VERBATIM_0239","incidence","pct_subjects",
"Zanomaline High Dose (81 mg)","PT|(uncoded - no MedDRA SOC in source)","VERBATIM_0239","incidence","n_events",0
"Placebo","PT|(uncoded - no MedDRA SOC in source)","VERBATIM_0242","incidence","n_subjects",1
"Placebo","PT|(uncoded - no MedDRA SOC in source)","VERBATIM_0242","incidence","pct_subjects",1.16279069767442
"Placebo","PT|(uncoded - no MedDRA SOC in source)","VERBATIM_0242","incidence","n_events",1
"Zanomaline Low Dose (54 mg)","PT|(uncoded - no MedDRA SOC in source)","VERBATIM_0242","incidence","n_subjects",0
"Zanomaline Low Dose (54 mg)","PT|(uncoded - no MedDRA SOC in source)","VERBATIM_0242","incidence","pct_subjects",
"Zanomaline Low Dose (54 mg)","PT|(uncoded - no MedDRA SOC in source)","VERBATIM_0242","incidence","n_events",0
"Zanomaline High Dose (81 mg)","PT|(uncoded - no MedDRA SOC in source)","VERBATIM_0242","incidence","n_subjects",0
"Zanomaline High Dose (81 mg)","PT|(uncoded - no MedDRA SOC in source)","VERBATIM_0242","incidence","pct_subjects",
"Zanomaline High Dose (81 mg)","PT|(uncoded - no MedDRA SOC in source)","VERBATIM_0242","incidence","n_events",0
"Placebo","PT|(uncoded - no MedDRA SOC in source)","VERBATIM_0243","incidence","n_subjects",1
"Placebo","PT|(uncoded - no MedDRA SOC in source)","VERBATIM_0243","incidence","pct_subjects",1.16279069767442
"Placebo","PT|(uncoded - no MedDRA SOC in source)","VERBATIM_0243","incidence","n_events",1
"Zanomaline Low Dose (54 mg)","PT|(uncoded - no MedDRA SOC in source)","VERBATIM_0243","incidence","n_subjects",0
"Zanomaline Low Dose (54 mg)","PT|(uncoded - no MedDRA SOC in source)","VERBATIM_0243","incidence","pct_subjects",
"Zanomaline Low Dose (54 mg)","PT|(uncoded - no MedDRA SOC in source)","VERBATIM_0243","incidence","n_events",0
"Zanomaline High Dose (81 mg)","PT|(uncoded - no MedDRA SOC in source)","VERBATIM_0243","incidence","n_subjects",0
"Zanomaline High Dose (81 mg)","PT|(uncoded - no MedDRA SOC in source)","VERBATIM_0243","incidence","pct_subjects",
"Zanomaline High Dose (81 mg)","PT|(uncoded - no MedDRA SOC in source)","VERBATIM_0243","incidence","n_events",0
"Placebo","PT|(uncoded - no MedDRA SOC in source)","VERBATIM_0249","incidence","n_subjects",1
"Placebo","PT|(uncoded - no MedDRA SOC in source)","VERBATIM_0249","incidence","pct_subjects",1.16279069767442
"Placebo","PT|(uncoded - no MedDRA SOC in source)","VERBATIM_0249","incidence","n_events",1
"Zanomaline Low Dose (54 mg)","PT|(uncoded - no MedDRA SOC in source)","VERBATIM_0249","incidence","n_subjects",0
"Zanomaline Low Dose (54 mg)","PT|(uncoded - no MedDRA SOC in source)","VERBATIM_0249","incidence","pct_subjects",
"Zanomaline Low Dose (54 mg)","PT|(uncoded - no MedDRA SOC in source)","VERBATIM_0249","incidence","n_events",0
"Zanomaline High Dose (81 mg)","PT|(uncoded - no MedDRA SOC in source)","VERBATIM_0249","incidence","n_subjects",0
"Zanomaline High Dose (81 mg)","PT|(uncoded - no MedDRA SOC in source)","VERBATIM_0249","incidence","pct_subjects",
"Zanomaline High Dose (81 mg)","PT|(uncoded - no MedDRA SOC in source)","VERBATIM_0249","incidence","n_events",0
"Placebo","PT|(uncoded - no MedDRA SOC in source)","VERBATIM_0250","incidence","n_subjects",1
"Placebo","PT|(uncoded - no MedDRA SOC in source)","VERBATIM_0250","incidence","pct_subjects",1.16279069767442
"Placebo","PT|(uncoded - no MedDRA SOC in source)","VERBATIM_0250","incidence","n_events",1
"Zanomaline Low Dose (54 mg)","PT|(uncoded - no MedDRA SOC in source)","VERBATIM_0250","incidence","n_subjects",0
"Zanomaline Low Dose (54 mg)","PT|(uncoded - no MedDRA SOC in source)","VERBATIM_0250","incidence","pct_subjects",
"Zanomaline Low Dose (54 mg)","PT|(uncoded - no MedDRA SOC in source)","VERBATIM_0250","incidence","n_events",0
"Zanomaline High Dose (81 mg)","PT|(uncoded - no MedDRA SOC in source)","VERBATIM_0250","incidence","n_subjects",0
"Zanomaline High Dose (81 mg)","PT|(uncoded - no MedDRA SOC in source)","VERBATIM_0250","incidence","pct_subjects",
"Zanomaline High Dose (81 mg)","PT|(uncoded - no MedDRA SOC in source)","VERBATIM_0250","incidence","n_events",0
"Placebo","PT|(uncoded - no MedDRA SOC in source)","VERBATIM_0253","incidence","n_subjects",1
"Placebo","PT|(uncoded - no MedDRA SOC in source)","VERBATIM_0253","incidence","pct_subjects",1.16279069767442
"Placebo","PT|(uncoded - no MedDRA SOC in source)","VERBATIM_0253","incidence","n_events",1
"Zanomaline Low Dose (54 mg)","PT|(uncoded - no MedDRA SOC in source)","VERBATIM_0253","incidence","n_subjects",0
"Zanomaline Low Dose (54 mg)","PT|(uncoded - no MedDRA SOC in source)","VERBATIM_0253","incidence","pct_subjects",
"Zanomaline Low Dose (54 mg)","PT|(uncoded - no MedDRA SOC in source)","VERBATIM_0253","incidence","n_events",0
"Zanomaline High Dose (81 mg)","PT|(uncoded - no MedDRA SOC in source)","VERBATIM_0253","incidence","n_subjects",0
"Zanomaline High Dose (81 mg)","PT|(uncoded - no MedDRA SOC in source)","VERBATIM_0253","incidence","pct_subjects",
"Zanomaline High Dose (81 mg)","PT|(uncoded - no MedDRA SOC in source)","VERBATIM_0253","incidence","n_events",0
"Placebo","PT|(uncoded - no MedDRA SOC in source)","VERBATIM_0255","incidence","n_subjects",4
"Placebo","PT|(uncoded - no MedDRA SOC in source)","VERBATIM_0255","incidence","pct_subjects",4.65116279069767
"Placebo","PT|(uncoded - no MedDRA SOC in source)","VERBATIM_0255","incidence","n_events",4
"Zanomaline Low Dose (54 mg)","PT|(uncoded - no MedDRA SOC in source)","VERBATIM_0255","incidence","n_subjects",0
"Zanomaline Low Dose (54 mg)","PT|(uncoded - no MedDRA SOC in source)","VERBATIM_0255","incidence","pct_subjects",
"Zanomaline Low Dose (54 mg)","PT|(uncoded - no MedDRA SOC in source)","VERBATIM_0255","incidence","n_events",0
"Zanomaline High Dose (81 mg)","PT|(uncoded - no MedDRA SOC in source)","VERBATIM_0255","incidence","n_subjects",0
"Zanomaline High Dose (81 mg)","PT|(uncoded - no MedDRA SOC in source)","VERBATIM_0255","incidence","pct_subjects",
"Zanomaline High Dose (81 mg)","PT|(uncoded - no MedDRA SOC in source)","VERBATIM_0255","incidence","n_events",0
"Placebo","PT|(uncoded - no MedDRA SOC in source)","VERBATIM_0257","incidence","n_subjects",1
"Placebo","PT|(uncoded - no MedDRA SOC in source)","VERBATIM_0257","incidence","pct_subjects",1.16279069767442
"Placebo","PT|(uncoded - no MedDRA SOC in source)","VERBATIM_0257","incidence","n_events",1
"Zanomaline Low Dose (54 mg)","PT|(uncoded - no MedDRA SOC in source)","VERBATIM_0257","incidence","n_subjects",0
"Zanomaline Low Dose (54 mg)","PT|(uncoded - no MedDRA SOC in source)","VERBATIM_0257","incidence","pct_subjects",
"Zanomaline Low Dose (54 mg)","PT|(uncoded - no MedDRA SOC in source)","VERBATIM_0257","incidence","n_events",0
"Zanomaline High Dose (81 mg)","PT|(uncoded - no MedDRA SOC in source)","VERBATIM_0257","incidence","n_subjects",0
"Zanomaline High Dose (81 mg)","PT|(uncoded - no MedDRA SOC in source)","VERBATIM_0257","incidence","pct_subjects",
"Zanomaline High Dose (81 mg)","PT|(uncoded - no MedDRA SOC in source)","VERBATIM_0257","incidence","n_events",0
"Placebo","PT|(uncoded - no MedDRA SOC in source)","VERBATIM_0259","incidence","n_subjects",1
"Placebo","PT|(uncoded - no MedDRA SOC in source)","VERBATIM_0259","incidence","pct_subjects",1.16279069767442
"Placebo","PT|(uncoded - no MedDRA SOC in source)","VERBATIM_0259","incidence","n_events",1
"Zanomaline Low Dose (54 mg)","PT|(uncoded - no MedDRA SOC in source)","VERBATIM_0259","incidence","n_subjects",0
"Zanomaline Low Dose (54 mg)","PT|(uncoded - no MedDRA SOC in source)","VERBATIM_0259","incidence","pct_subjects",
"Zanomaline Low Dose (54 mg)","PT|(uncoded - no MedDRA SOC in source)","VERBATIM_0259","incidence","n_events",0
"Zanomaline High Dose (81 mg)","PT|(uncoded - no MedDRA SOC in source)","VERBATIM_0259","incidence","n_subjects",0
"Zanomaline High Dose (81 mg)","PT|(uncoded - no MedDRA SOC in source)","VERBATIM_0259","incidence","pct_subjects",
"Zanomaline High Dose (81 mg)","PT|(uncoded - no MedDRA SOC in source)","VERBATIM_0259","incidence","n_events",0
"Placebo","PT|(uncoded - no MedDRA SOC in source)","VERBATIM_0260","incidence","n_subjects",1
"Placebo","PT|(uncoded - no MedDRA SOC in source)","VERBATIM_0260","incidence","pct_subjects",1.16279069767442
"Placebo","PT|(uncoded - no MedDRA SOC in source)","VERBATIM_0260","incidence","n_events",1
"Zanomaline Low Dose (54 mg)","PT|(uncoded - no MedDRA SOC in source)","VERBATIM_0260","incidence","n_subjects",0
"Zanomaline Low Dose (54 mg)","PT|(uncoded - no MedDRA SOC in source)","VERBATIM_0260","incidence","pct_subjects",
"Zanomaline Low Dose (54 mg)","PT|(uncoded - no MedDRA SOC in source)","VERBATIM_0260","incidence","n_events",0
"Zanomaline High Dose (81 mg)","PT|(uncoded - no MedDRA SOC in source)","VERBATIM_0260","incidence","n_subjects",0
"Zanomaline High Dose (81 mg)","PT|(uncoded - no MedDRA SOC in source)","VERBATIM_0260","incidence","pct_subjects",
"Zanomaline High Dose (81 mg)","PT|(uncoded - no MedDRA SOC in source)","VERBATIM_0260","incidence","n_events",0
"Placebo","PT|(uncoded - no MedDRA SOC in source)","VERBATIM_0261","incidence","n_subjects",1
"Placebo","PT|(uncoded - no MedDRA SOC in source)","VERBATIM_0261","incidence","pct_subjects",1.16279069767442
"Placebo","PT|(uncoded - no MedDRA SOC in source)","VERBATIM_0261","incidence","n_events",1
"Zanomaline Low Dose (54 mg)","PT|(uncoded - no MedDRA SOC in source)","VERBATIM_0261","incidence","n_subjects",0
"Zanomaline Low Dose (54 mg)","PT|(uncoded - no MedDRA SOC in source)","VERBATIM_0261","incidence","pct_subjects",
"Zanomaline Low Dose (54 mg)","PT|(uncoded - no MedDRA SOC in source)","VERBATIM_0261","incidence","n_events",0
"Zanomaline High Dose (81 mg)","PT|(uncoded - no MedDRA SOC in source)","VERBATIM_0261","incidence","n_subjects",0
"Zanomaline High Dose (81 mg)","PT|(uncoded - no MedDRA SOC in source)","VERBATIM_0261","incidence","pct_subjects",
"Zanomaline High Dose (81 mg)","PT|(uncoded - no MedDRA SOC in source)","VERBATIM_0261","incidence","n_events",0
"Placebo","PT|(uncoded - no MedDRA SOC in source)","VERBATIM_0263","incidence","n_subjects",1
"Placebo","PT|(uncoded - no MedDRA SOC in source)","VERBATIM_0263","incidence","pct_subjects",1.16279069767442
"Placebo","PT|(uncoded - no MedDRA SOC in source)","VERBATIM_0263","incidence","n_events",1
"Zanomaline Low Dose (54 mg)","PT|(uncoded - no MedDRA SOC in source)","VERBATIM_0263","incidence","n_subjects",0
"Zanomaline Low Dose (54 mg)","PT|(uncoded - no MedDRA SOC in source)","VERBATIM_0263","incidence","pct_subjects",
"Zanomaline Low Dose (54 mg)","PT|(uncoded - no MedDRA SOC in source)","VERBATIM_0263","incidence","n_events",0
"Zanomaline High Dose (81 mg)","PT|(uncoded - no MedDRA SOC in source)","VERBATIM_0263","incidence","n_subjects",0
"Zanomaline High Dose (81 mg)","PT|(uncoded - no MedDRA SOC in source)","VERBATIM_0263","incidence","pct_subjects",
"Zanomaline High Dose (81 mg)","PT|(uncoded - no MedDRA SOC in source)","VERBATIM_0263","incidence","n_events",0
"Placebo","PT|(uncoded - no MedDRA SOC in source)","VERBATIM_0266","incidence","n_subjects",1
"Placebo","PT|(uncoded - no MedDRA SOC in source)","VERBATIM_0266","incidence","pct_subjects",1.16279069767442
"Placebo","PT|(uncoded - no MedDRA SOC in source)","VERBATIM_0266","incidence","n_events",1
"Zanomaline Low Dose (54 mg)","PT|(uncoded - no MedDRA SOC in source)","VERBATIM_0266","incidence","n_subjects",0
"Zanomaline Low Dose (54 mg)","PT|(uncoded - no MedDRA SOC in source)","VERBATIM_0266","incidence","pct_subjects",
"Zanomaline Low Dose (54 mg)","PT|(uncoded - no MedDRA SOC in source)","VERBATIM_0266","incidence","n_events",0
"Zanomaline High Dose (81 mg)","PT|(uncoded - no MedDRA SOC in source)","VERBATIM_0266","incidence","n_subjects",0
"Zanomaline High Dose (81 mg)","PT|(uncoded - no MedDRA SOC in source)","VERBATIM_0266","incidence","pct_subjects",
"Zanomaline High Dose (81 mg)","PT|(uncoded - no MedDRA SOC in source)","VERBATIM_0266","incidence","n_events",0
"Placebo","PT|(uncoded - no MedDRA SOC in source)","VERBATIM_0267","incidence","n_subjects",3
"Placebo","PT|(uncoded - no MedDRA SOC in source)","VERBATIM_0267","incidence","pct_subjects",3.48837209302326
"Placebo","PT|(uncoded - no MedDRA SOC in source)","VERBATIM_0267","incidence","n_events",3
"Zanomaline Low Dose (54 mg)","PT|(uncoded - no MedDRA SOC in source)","VERBATIM_0267","incidence","n_subjects",0
"Zanomaline Low Dose (54 mg)","PT|(uncoded - no MedDRA SOC in source)","VERBATIM_0267","incidence","pct_subjects",
"Zanomaline Low Dose (54 mg)","PT|(uncoded - no MedDRA SOC in source)","VERBATIM_0267","incidence","n_events",0
"Zanomaline High Dose (81 mg)","PT|(uncoded - no MedDRA SOC in source)","VERBATIM_0267","incidence","n_subjects",0
"Zanomaline High Dose (81 mg)","PT|(uncoded - no MedDRA SOC in source)","VERBATIM_0267","incidence","pct_subjects",
"Zanomaline High Dose (81 mg)","PT|(uncoded - no MedDRA SOC in source)","VERBATIM_0267","incidence","n_events",0
"Placebo","PT|(uncoded - no MedDRA SOC in source)","VERBATIM_0287","incidence","n_subjects",1
"Placebo","PT|(uncoded - no MedDRA SOC in source)","VERBATIM_0287","incidence","pct_subjects",1.16279069767442
"Placebo","PT|(uncoded - no MedDRA SOC in source)","VERBATIM_0287","incidence","n_events",1
"Zanomaline Low Dose (54 mg)","PT|(uncoded - no MedDRA SOC in source)","VERBATIM_0287","incidence","n_subjects",0
"Zanomaline Low Dose (54 mg)","PT|(uncoded - no MedDRA SOC in source)","VERBATIM_0287","incidence","pct_subjects",
"Zanomaline Low Dose (54 mg)","PT|(uncoded - no MedDRA SOC in source)","VERBATIM_0287","incidence","n_events",0
"Zanomaline High Dose (81 mg)","PT|(uncoded - no MedDRA SOC in source)","VERBATIM_0287","incidence","n_subjects",0
"Zanomaline High Dose (81 mg)","PT|(uncoded - no MedDRA SOC in source)","VERBATIM_0287","incidence","pct_subjects",
"Zanomaline High Dose (81 mg)","PT|(uncoded - no MedDRA SOC in source)","VERBATIM_0287","incidence","n_events",0
"Placebo","PT|(uncoded - no MedDRA SOC in source)","VERBATIM_0291","incidence","n_subjects",1
"Placebo","PT|(uncoded - no MedDRA SOC in source)","VERBATIM_0291","incidence","pct_subjects",1.16279069767442
"Placebo","PT|(uncoded - no MedDRA SOC in source)","VERBATIM_0291","incidence","n_events",1
"Zanomaline Low Dose (54 mg)","PT|(uncoded - no MedDRA SOC in source)","VERBATIM_0291","incidence","n_subjects",0
"Zanomaline Low Dose (54 mg)","PT|(uncoded - no MedDRA SOC in source)","VERBATIM_0291","incidence","pct_subjects",
"Zanomaline Low Dose (54 mg)","PT|(uncoded - no MedDRA SOC in source)","VERBATIM_0291","incidence","n_events",0
"Zanomaline High Dose (81 mg)","PT|(uncoded - no MedDRA SOC in source)","VERBATIM_0291","incidence","n_subjects",0
"Zanomaline High Dose (81 mg)","PT|(uncoded - no MedDRA SOC in source)","VERBATIM_0291","incidence","pct_subjects",
"Zanomaline High Dose (81 mg)","PT|(uncoded - no MedDRA SOC in source)","VERBATIM_0291","incidence","n_events",0
"Placebo","PT|(uncoded - no MedDRA SOC in source)","VERBATIM_0293","incidence","n_subjects",1
"Placebo","PT|(uncoded - no MedDRA SOC in source)","VERBATIM_0293","incidence","pct_subjects",1.16279069767442
"Placebo","PT|(uncoded - no MedDRA SOC in source)","VERBATIM_0293","incidence","n_events",1
"Zanomaline Low Dose (54 mg)","PT|(uncoded - no MedDRA SOC in source)","VERBATIM_0293","incidence","n_subjects",0
"Zanomaline Low Dose (54 mg)","PT|(uncoded - no MedDRA SOC in source)","VERBATIM_0293","incidence","pct_subjects",
"Zanomaline Low Dose (54 mg)","PT|(uncoded - no MedDRA SOC in source)","VERBATIM_0293","incidence","n_events",0
"Zanomaline High Dose (81 mg)","PT|(uncoded - no MedDRA SOC in source)","VERBATIM_0293","incidence","n_subjects",0
"Zanomaline High Dose (81 mg)","PT|(uncoded - no MedDRA SOC in source)","VERBATIM_0293","incidence","pct_subjects",
"Zanomaline High Dose (81 mg)","PT|(uncoded - no MedDRA SOC in source)","VERBATIM_0293","incidence","n_events",0
"Placebo","PT|(uncoded - no MedDRA SOC in source)","VERBATIM_0301","incidence","n_subjects",5
"Placebo","PT|(uncoded - no MedDRA SOC in source)","VERBATIM_0301","incidence","pct_subjects",5.81395348837209
"Placebo","PT|(uncoded - no MedDRA SOC in source)","VERBATIM_0301","incidence","n_events",5
"Zanomaline Low Dose (54 mg)","PT|(uncoded - no MedDRA SOC in source)","VERBATIM_0301","incidence","n_subjects",0
"Zanomaline Low Dose (54 mg)","PT|(uncoded - no MedDRA SOC in source)","VERBATIM_0301","incidence","pct_subjects",
"Zanomaline Low Dose (54 mg)","PT|(uncoded - no MedDRA SOC in source)","VERBATIM_0301","incidence","n_events",0
"Zanomaline High Dose (81 mg)","PT|(uncoded - no MedDRA SOC in source)","VERBATIM_0301","incidence","n_subjects",0
"Zanomaline High Dose (81 mg)","PT|(uncoded - no MedDRA SOC in source)","VERBATIM_0301","incidence","pct_subjects",
"Zanomaline High Dose (81 mg)","PT|(uncoded - no MedDRA SOC in source)","VERBATIM_0301","incidence","n_events",0
"Placebo","PT|(uncoded - no MedDRA SOC in source)","VERBATIM_0302","incidence","n_subjects",1
"Placebo","PT|(uncoded - no MedDRA SOC in source)","VERBATIM_0302","incidence","pct_subjects",1.16279069767442
"Placebo","PT|(uncoded - no MedDRA SOC in source)","VERBATIM_0302","incidence","n_events",1
"Zanomaline Low Dose (54 mg)","PT|(uncoded - no MedDRA SOC in source)","VERBATIM_0302","incidence","n_subjects",0
"Zanomaline Low Dose (54 mg)","PT|(uncoded - no MedDRA SOC in source)","VERBATIM_0302","incidence","pct_subjects",
"Zanomaline Low Dose (54 mg)","PT|(uncoded - no MedDRA SOC in source)","VERBATIM_0302","incidence","n_events",0
"Zanomaline High Dose (81 mg)","PT|(uncoded - no MedDRA SOC in source)","VERBATIM_0302","incidence","n_subjects",0
"Zanomaline High Dose (81 mg)","PT|(uncoded - no MedDRA SOC in source)","VERBATIM_0302","incidence","pct_subjects",
"Zanomaline High Dose (81 mg)","PT|(uncoded - no MedDRA SOC in source)","VERBATIM_0302","incidence","n_events",0
"Placebo","PT|(uncoded - no MedDRA SOC in source)","VERBATIM_0308","incidence","n_subjects",6
"Placebo","PT|(uncoded - no MedDRA SOC in source)","VERBATIM_0308","incidence","pct_subjects",6.97674418604651
"Placebo","PT|(uncoded - no MedDRA SOC in source)","VERBATIM_0308","incidence","n_events",6
"Zanomaline Low Dose (54 mg)","PT|(uncoded - no MedDRA SOC in source)","VERBATIM_0308","incidence","n_subjects",0
"Zanomaline Low Dose (54 mg)","PT|(uncoded - no MedDRA SOC in source)","VERBATIM_0308","incidence","pct_subjects",
"Zanomaline Low Dose (54 mg)","PT|(uncoded - no MedDRA SOC in source)","VERBATIM_0308","incidence","n_events",0
"Zanomaline High Dose (81 mg)","PT|(uncoded - no MedDRA SOC in source)","VERBATIM_0308","incidence","n_subjects",0
"Zanomaline High Dose (81 mg)","PT|(uncoded - no MedDRA SOC in source)","VERBATIM_0308","incidence","pct_subjects",
"Zanomaline High Dose (81 mg)","PT|(uncoded - no MedDRA SOC in source)","VERBATIM_0308","incidence","n_events",0
"Placebo","PT|(uncoded - no MedDRA SOC in source)","VERBATIM_0310","incidence","n_subjects",1
"Placebo","PT|(uncoded - no MedDRA SOC in source)","VERBATIM_0310","incidence","pct_subjects",1.16279069767442
"Placebo","PT|(uncoded - no MedDRA SOC in source)","VERBATIM_0310","incidence","n_events",1
"Zanomaline Low Dose (54 mg)","PT|(uncoded - no MedDRA SOC in source)","VERBATIM_0310","incidence","n_subjects",0
"Zanomaline Low Dose (54 mg)","PT|(uncoded - no MedDRA SOC in source)","VERBATIM_0310","incidence","pct_subjects",
"Zanomaline Low Dose (54 mg)","PT|(uncoded - no MedDRA SOC in source)","VERBATIM_0310","incidence","n_events",0
"Zanomaline High Dose (81 mg)","PT|(uncoded - no MedDRA SOC in source)","VERBATIM_0310","incidence","n_subjects",0
"Zanomaline High Dose (81 mg)","PT|(uncoded - no MedDRA SOC in source)","VERBATIM_0310","incidence","pct_subjects",
"Zanomaline High Dose (81 mg)","PT|(uncoded - no MedDRA SOC in source)","VERBATIM_0310","incidence","n_events",0
"Placebo","PT|(uncoded - no MedDRA SOC in source)","VERBATIM_0328","incidence","n_subjects",1
"Placebo","PT|(uncoded - no MedDRA SOC in source)","VERBATIM_0328","incidence","pct_subjects",1.16279069767442
"Placebo","PT|(uncoded - no MedDRA SOC in source)","VERBATIM_0328","incidence","n_events",1
"Zanomaline Low Dose (54 mg)","PT|(uncoded - no MedDRA SOC in source)","VERBATIM_0328","incidence","n_subjects",0
"Zanomaline Low Dose (54 mg)","PT|(uncoded - no MedDRA SOC in source)","VERBATIM_0328","incidence","pct_subjects",
"Zanomaline Low Dose (54 mg)","PT|(uncoded - no MedDRA SOC in source)","VERBATIM_0328","incidence","n_events",0
"Zanomaline High Dose (81 mg)","PT|(uncoded - no MedDRA SOC in source)","VERBATIM_0328","incidence","n_subjects",0
"Zanomaline High Dose (81 mg)","PT|(uncoded - no MedDRA SOC in source)","VERBATIM_0328","incidence","pct_subjects",
"Zanomaline High Dose (81 mg)","PT|(uncoded - no MedDRA SOC in source)","VERBATIM_0328","incidence","n_events",0
"Placebo","PT|(uncoded - no MedDRA SOC in source)","VERBATIM_0329","incidence","n_subjects",1
"Placebo","PT|(uncoded - no MedDRA SOC in source)","VERBATIM_0329","incidence","pct_subjects",1.16279069767442
"Placebo","PT|(uncoded - no MedDRA SOC in source)","VERBATIM_0329","incidence","n_events",1
"Zanomaline Low Dose (54 mg)","PT|(uncoded - no MedDRA SOC in source)","VERBATIM_0329","incidence","n_subjects",0
"Zanomaline Low Dose (54 mg)","PT|(uncoded - no MedDRA SOC in source)","VERBATIM_0329","incidence","pct_subjects",
"Zanomaline Low Dose (54 mg)","PT|(uncoded - no MedDRA SOC in source)","VERBATIM_0329","incidence","n_events",0
"Zanomaline High Dose (81 mg)","PT|(uncoded - no MedDRA SOC in source)","VERBATIM_0329","incidence","n_subjects",0
"Zanomaline High Dose (81 mg)","PT|(uncoded - no MedDRA SOC in source)","VERBATIM_0329","incidence","pct_subjects",
"Zanomaline High Dose (81 mg)","PT|(uncoded - no MedDRA SOC in source)","VERBATIM_0329","incidence","n_events",0
"Placebo","PT|(uncoded - no MedDRA SOC in source)","VERBATIM_0331","incidence","n_subjects",1
"Placebo","PT|(uncoded - no MedDRA SOC in source)","VERBATIM_0331","incidence","pct_subjects",1.16279069767442
"Placebo","PT|(uncoded - no MedDRA SOC in source)","VERBATIM_0331","incidence","n_events",1
"Zanomaline Low Dose (54 mg)","PT|(uncoded - no MedDRA SOC in source)","VERBATIM_0331","incidence","n_subjects",0
"Zanomaline Low Dose (54 mg)","PT|(uncoded - no MedDRA SOC in source)","VERBATIM_0331","incidence","pct_subjects",
"Zanomaline Low Dose (54 mg)","PT|(uncoded - no MedDRA SOC in source)","VERBATIM_0331","incidence","n_events",0
"Zanomaline High Dose (81 mg)","PT|(uncoded - no MedDRA SOC in source)","VERBATIM_0331","incidence","n_subjects",0
"Zanomaline High Dose (81 mg)","PT|(uncoded - no MedDRA SOC in source)","VERBATIM_0331","incidence","pct_subjects",
"Zanomaline High Dose (81 mg)","PT|(uncoded - no MedDRA SOC in source)","VERBATIM_0331","incidence","n_events",0
"Placebo","PT|(uncoded - no MedDRA SOC in source)","VERBATIM_0336","incidence","n_subjects",1
"Placebo","PT|(uncoded - no MedDRA SOC in source)","VERBATIM_0336","incidence","pct_subjects",1.16279069767442
"Placebo","PT|(uncoded - no MedDRA SOC in source)","VERBATIM_0336","incidence","n_events",1
"Zanomaline Low Dose (54 mg)","PT|(uncoded - no MedDRA SOC in source)","VERBATIM_0336","incidence","n_subjects",0
"Zanomaline Low Dose (54 mg)","PT|(uncoded - no MedDRA SOC in source)","VERBATIM_0336","incidence","pct_subjects",
"Zanomaline Low Dose (54 mg)","PT|(uncoded - no MedDRA SOC in source)","VERBATIM_0336","incidence","n_events",0
"Zanomaline High Dose (81 mg)","PT|(uncoded - no MedDRA SOC in source)","VERBATIM_0336","incidence","n_subjects",0
"Zanomaline High Dose (81 mg)","PT|(uncoded - no MedDRA SOC in source)","VERBATIM_0336","incidence","pct_subjects",
"Zanomaline High Dose (81 mg)","PT|(uncoded - no MedDRA SOC in source)","VERBATIM_0336","incidence","n_events",0
"Placebo","PT|(uncoded - no MedDRA SOC in source)","VERBATIM_0337","incidence","n_subjects",1
"Placebo","PT|(uncoded - no MedDRA SOC in source)","VERBATIM_0337","incidence","pct_subjects",1.16279069767442
"Placebo","PT|(uncoded - no MedDRA SOC in source)","VERBATIM_0337","incidence","n_events",1
"Zanomaline Low Dose (54 mg)","PT|(uncoded - no MedDRA SOC in source)","VERBATIM_0337","incidence","n_subjects",0
"Zanomaline Low Dose (54 mg)","PT|(uncoded - no MedDRA SOC in source)","VERBATIM_0337","incidence","pct_subjects",
"Zanomaline Low Dose (54 mg)","PT|(uncoded - no MedDRA SOC in source)","VERBATIM_0337","incidence","n_events",0
"Zanomaline High Dose (81 mg)","PT|(uncoded - no MedDRA SOC in source)","VERBATIM_0337","incidence","n_subjects",0
"Zanomaline High Dose (81 mg)","PT|(uncoded - no MedDRA SOC in source)","VERBATIM_0337","incidence","pct_subjects",
"Zanomaline High Dose (81 mg)","PT|(uncoded - no MedDRA SOC in source)","VERBATIM_0337","incidence","n_events",0
"Placebo","PT|(uncoded - no MedDRA SOC in source)","VERBATIM_0339","incidence","n_subjects",1
"Placebo","PT|(uncoded - no MedDRA SOC in source)","VERBATIM_0339","incidence","pct_subjects",1.16279069767442
"Placebo","PT|(uncoded - no MedDRA SOC in source)","VERBATIM_0339","incidence","n_events",1
"Zanomaline Low Dose (54 mg)","PT|(uncoded - no MedDRA SOC in source)","VERBATIM_0339","incidence","n_subjects",0
"Zanomaline Low Dose (54 mg)","PT|(uncoded - no MedDRA SOC in source)","VERBATIM_0339","incidence","pct_subjects",
"Zanomaline Low Dose (54 mg)","PT|(uncoded - no MedDRA SOC in source)","VERBATIM_0339","incidence","n_events",0
"Zanomaline High Dose (81 mg)","PT|(uncoded - no MedDRA SOC in source)","VERBATIM_0339","incidence","n_subjects",0
"Zanomaline High Dose (81 mg)","PT|(uncoded - no MedDRA SOC in source)","VERBATIM_0339","incidence","pct_subjects",
"Zanomaline High Dose (81 mg)","PT|(uncoded - no MedDRA SOC in source)","VERBATIM_0339","incidence","n_events",0
"Placebo","PT|(uncoded - no MedDRA SOC in source)","VERBATIM_0342","incidence","n_subjects",20
"Placebo","PT|(uncoded - no MedDRA SOC in source)","VERBATIM_0342","incidence","pct_subjects",23.2558139534884
"Placebo","PT|(uncoded - no MedDRA SOC in source)","VERBATIM_0342","incidence","n_events",20
"Zanomaline Low Dose (54 mg)","PT|(uncoded - no MedDRA SOC in source)","VERBATIM_0342","incidence","n_subjects",0
"Zanomaline Low Dose (54 mg)","PT|(uncoded - no MedDRA SOC in source)","VERBATIM_0342","incidence","pct_subjects",
"Zanomaline Low Dose (54 mg)","PT|(uncoded - no MedDRA SOC in source)","VERBATIM_0342","incidence","n_events",0
"Zanomaline High Dose (81 mg)","PT|(uncoded - no MedDRA SOC in source)","VERBATIM_0342","incidence","n_subjects",0
"Zanomaline High Dose (81 mg)","PT|(uncoded - no MedDRA SOC in source)","VERBATIM_0342","incidence","pct_subjects",
"Zanomaline High Dose (81 mg)","PT|(uncoded - no MedDRA SOC in source)","VERBATIM_0342","incidence","n_events",0
"Placebo","PT|(uncoded - no MedDRA SOC in source)","VERBATIM_0344","incidence","n_subjects",1
"Placebo","PT|(uncoded - no MedDRA SOC in source)","VERBATIM_0344","incidence","pct_subjects",1.16279069767442
"Placebo","PT|(uncoded - no MedDRA SOC in source)","VERBATIM_0344","incidence","n_events",1
"Zanomaline Low Dose (54 mg)","PT|(uncoded - no MedDRA SOC in source)","VERBATIM_0344","incidence","n_subjects",0
"Zanomaline Low Dose (54 mg)","PT|(uncoded - no MedDRA SOC in source)","VERBATIM_0344","incidence","pct_subjects",
"Zanomaline Low Dose (54 mg)","PT|(uncoded - no MedDRA SOC in source)","VERBATIM_0344","incidence","n_events",0
"Zanomaline High Dose (81 mg)","PT|(uncoded - no MedDRA SOC in source)","VERBATIM_0344","incidence","n_subjects",0
"Zanomaline High Dose (81 mg)","PT|(uncoded - no MedDRA SOC in source)","VERBATIM_0344","incidence","pct_subjects",
"Zanomaline High Dose (81 mg)","PT|(uncoded - no MedDRA SOC in source)","VERBATIM_0344","incidence","n_events",0
"Placebo","PT|(uncoded - no MedDRA SOC in source)","VERBATIM_0351","incidence","n_subjects",1
"Placebo","PT|(uncoded - no MedDRA SOC in source)","VERBATIM_0351","incidence","pct_subjects",1.16279069767442
"Placebo","PT|(uncoded - no MedDRA SOC in source)","VERBATIM_0351","incidence","n_events",1
"Zanomaline Low Dose (54 mg)","PT|(uncoded - no MedDRA SOC in source)","VERBATIM_0351","incidence","n_subjects",0
"Zanomaline Low Dose (54 mg)","PT|(uncoded - no MedDRA SOC in source)","VERBATIM_0351","incidence","pct_subjects",
"Zanomaline Low Dose (54 mg)","PT|(uncoded - no MedDRA SOC in source)","VERBATIM_0351","incidence","n_events",0
"Zanomaline High Dose (81 mg)","PT|(uncoded - no MedDRA SOC in source)","VERBATIM_0351","incidence","n_subjects",0
"Zanomaline High Dose (81 mg)","PT|(uncoded - no MedDRA SOC in source)","VERBATIM_0351","incidence","pct_subjects",
"Zanomaline High Dose (81 mg)","PT|(uncoded - no MedDRA SOC in source)","VERBATIM_0351","incidence","n_events",0
"Placebo","PT|(uncoded - no MedDRA SOC in source)","VERBATIM_0353","incidence","n_subjects",2
"Placebo","PT|(uncoded - no MedDRA SOC in source)","VERBATIM_0353","incidence","pct_subjects",2.32558139534884
"Placebo","PT|(uncoded - no MedDRA SOC in source)","VERBATIM_0353","incidence","n_events",2
"Zanomaline Low Dose (54 mg)","PT|(uncoded - no MedDRA SOC in source)","VERBATIM_0353","incidence","n_subjects",0
"Zanomaline Low Dose (54 mg)","PT|(uncoded - no MedDRA SOC in source)","VERBATIM_0353","incidence","pct_subjects",
"Zanomaline Low Dose (54 mg)","PT|(uncoded - no MedDRA SOC in source)","VERBATIM_0353","incidence","n_events",0
"Zanomaline High Dose (81 mg)","PT|(uncoded - no MedDRA SOC in source)","VERBATIM_0353","incidence","n_subjects",0
"Zanomaline High Dose (81 mg)","PT|(uncoded - no MedDRA SOC in source)","VERBATIM_0353","incidence","pct_subjects",
"Zanomaline High Dose (81 mg)","PT|(uncoded - no MedDRA SOC in source)","VERBATIM_0353","incidence","n_events",0
"Placebo","PT|(uncoded - no MedDRA SOC in source)","VERBATIM_0355","incidence","n_subjects",2
"Placebo","PT|(uncoded - no MedDRA SOC in source)","VERBATIM_0355","incidence","pct_subjects",2.32558139534884
"Placebo","PT|(uncoded - no MedDRA SOC in source)","VERBATIM_0355","incidence","n_events",2
"Zanomaline Low Dose (54 mg)","PT|(uncoded - no MedDRA SOC in source)","VERBATIM_0355","incidence","n_subjects",0
"Zanomaline Low Dose (54 mg)","PT|(uncoded - no MedDRA SOC in source)","VERBATIM_0355","incidence","pct_subjects",
"Zanomaline Low Dose (54 mg)","PT|(uncoded - no MedDRA SOC in source)","VERBATIM_0355","incidence","n_events",0
"Zanomaline High Dose (81 mg)","PT|(uncoded - no MedDRA SOC in source)","VERBATIM_0355","incidence","n_subjects",0
"Zanomaline High Dose (81 mg)","PT|(uncoded - no MedDRA SOC in source)","VERBATIM_0355","incidence","pct_subjects",
"Zanomaline High Dose (81 mg)","PT|(uncoded - no MedDRA SOC in source)","VERBATIM_0355","incidence","n_events",0
"Placebo","PT|(uncoded - no MedDRA SOC in source)","VERBATIM_0357","incidence","n_subjects",1
"Placebo","PT|(uncoded - no MedDRA SOC in source)","VERBATIM_0357","incidence","pct_subjects",1.16279069767442
"Placebo","PT|(uncoded - no MedDRA SOC in source)","VERBATIM_0357","incidence","n_events",1
"Zanomaline Low Dose (54 mg)","PT|(uncoded - no MedDRA SOC in source)","VERBATIM_0357","incidence","n_subjects",0
"Zanomaline Low Dose (54 mg)","PT|(uncoded - no MedDRA SOC in source)","VERBATIM_0357","incidence","pct_subjects",
"Zanomaline Low Dose (54 mg)","PT|(uncoded - no MedDRA SOC in source)","VERBATIM_0357","incidence","n_events",0
"Zanomaline High Dose (81 mg)","PT|(uncoded - no MedDRA SOC in source)","VERBATIM_0357","incidence","n_subjects",0
"Zanomaline High Dose (81 mg)","PT|(uncoded - no MedDRA SOC in source)","VERBATIM_0357","incidence","pct_subjects",
"Zanomaline High Dose (81 mg)","PT|(uncoded - no MedDRA SOC in source)","VERBATIM_0357","incidence","n_events",0
"Placebo","PT|(uncoded - no MedDRA SOC in source)","VERBATIM_0361","incidence","n_subjects",2
"Placebo","PT|(uncoded - no MedDRA SOC in source)","VERBATIM_0361","incidence","pct_subjects",2.32558139534884
"Placebo","PT|(uncoded - no MedDRA SOC in source)","VERBATIM_0361","incidence","n_events",2
"Zanomaline Low Dose (54 mg)","PT|(uncoded - no MedDRA SOC in source)","VERBATIM_0361","incidence","n_subjects",0
"Zanomaline Low Dose (54 mg)","PT|(uncoded - no MedDRA SOC in source)","VERBATIM_0361","incidence","pct_subjects",
"Zanomaline Low Dose (54 mg)","PT|(uncoded - no MedDRA SOC in source)","VERBATIM_0361","incidence","n_events",0
"Zanomaline High Dose (81 mg)","PT|(uncoded - no MedDRA SOC in source)","VERBATIM_0361","incidence","n_subjects",0
"Zanomaline High Dose (81 mg)","PT|(uncoded - no MedDRA SOC in source)","VERBATIM_0361","incidence","pct_subjects",
"Zanomaline High Dose (81 mg)","PT|(uncoded - no MedDRA SOC in source)","VERBATIM_0361","incidence","n_events",0
"Placebo","PT|(uncoded - no MedDRA SOC in source)","VERBATIM_0367","incidence","n_subjects",1
"Placebo","PT|(uncoded - no MedDRA SOC in source)","VERBATIM_0367","incidence","pct_subjects",1.16279069767442
"Placebo","PT|(uncoded - no MedDRA SOC in source)","VERBATIM_0367","incidence","n_events",1
"Zanomaline Low Dose (54 mg)","PT|(uncoded - no MedDRA SOC in source)","VERBATIM_0367","incidence","n_subjects",0
"Zanomaline Low Dose (54 mg)","PT|(uncoded - no MedDRA SOC in source)","VERBATIM_0367","incidence","pct_subjects",
"Zanomaline Low Dose (54 mg)","PT|(uncoded - no MedDRA SOC in source)","VERBATIM_0367","incidence","n_events",0
"Zanomaline High Dose (81 mg)","PT|(uncoded - no MedDRA SOC in source)","VERBATIM_0367","incidence","n_subjects",0
"Zanomaline High Dose (81 mg)","PT|(uncoded - no MedDRA SOC in source)","VERBATIM_0367","incidence","pct_subjects",
"Zanomaline High Dose (81 mg)","PT|(uncoded - no MedDRA SOC in source)","VERBATIM_0367","incidence","n_events",0
"Placebo","PT|(uncoded - no MedDRA SOC in source)","VERBATIM_0376","incidence","n_subjects",1
"Placebo","PT|(uncoded - no MedDRA SOC in source)","VERBATIM_0376","incidence","pct_subjects",1.16279069767442
"Placebo","PT|(uncoded - no MedDRA SOC in source)","VERBATIM_0376","incidence","n_events",1
"Zanomaline Low Dose (54 mg)","PT|(uncoded - no MedDRA SOC in source)","VERBATIM_0376","incidence","n_subjects",0
"Zanomaline Low Dose (54 mg)","PT|(uncoded - no MedDRA SOC in source)","VERBATIM_0376","incidence","pct_subjects",
"Zanomaline Low Dose (54 mg)","PT|(uncoded - no MedDRA SOC in source)","VERBATIM_0376","incidence","n_events",0
"Zanomaline High Dose (81 mg)","PT|(uncoded - no MedDRA SOC in source)","VERBATIM_0376","incidence","n_subjects",0
"Zanomaline High Dose (81 mg)","PT|(uncoded - no MedDRA SOC in source)","VERBATIM_0376","incidence","pct_subjects",
"Zanomaline High Dose (81 mg)","PT|(uncoded - no MedDRA SOC in source)","VERBATIM_0376","incidence","n_events",0
"Placebo","PT|(uncoded - no MedDRA SOC in source)","VERBATIM_0377","incidence","n_subjects",1
"Placebo","PT|(uncoded - no MedDRA SOC in source)","VERBATIM_0377","incidence","pct_subjects",1.16279069767442
"Placebo","PT|(uncoded - no MedDRA SOC in source)","VERBATIM_0377","incidence","n_events",1
"Zanomaline Low Dose (54 mg)","PT|(uncoded - no MedDRA SOC in source)","VERBATIM_0377","incidence","n_subjects",0
"Zanomaline Low Dose (54 mg)","PT|(uncoded - no MedDRA SOC in source)","VERBATIM_0377","incidence","pct_subjects",
"Zanomaline Low Dose (54 mg)","PT|(uncoded - no MedDRA SOC in source)","VERBATIM_0377","incidence","n_events",0
"Zanomaline High Dose (81 mg)","PT|(uncoded - no MedDRA SOC in source)","VERBATIM_0377","incidence","n_subjects",0
"Zanomaline High Dose (81 mg)","PT|(uncoded - no MedDRA SOC in source)","VERBATIM_0377","incidence","pct_subjects",
"Zanomaline High Dose (81 mg)","PT|(uncoded - no MedDRA SOC in source)","VERBATIM_0377","incidence","n_events",0
"Placebo","PT|(uncoded - no MedDRA SOC in source)","VERBATIM_0378","incidence","n_subjects",1
"Placebo","PT|(uncoded - no MedDRA SOC in source)","VERBATIM_0378","incidence","pct_subjects",1.16279069767442
"Placebo","PT|(uncoded - no MedDRA SOC in source)","VERBATIM_0378","incidence","n_events",1
"Zanomaline Low Dose (54 mg)","PT|(uncoded - no MedDRA SOC in source)","VERBATIM_0378","incidence","n_subjects",0
"Zanomaline Low Dose (54 mg)","PT|(uncoded - no MedDRA SOC in source)","VERBATIM_0378","incidence","pct_subjects",
"Zanomaline Low Dose (54 mg)","PT|(uncoded - no MedDRA SOC in source)","VERBATIM_0378","incidence","n_events",0
"Zanomaline High Dose (81 mg)","PT|(uncoded - no MedDRA SOC in source)","VERBATIM_0378","incidence","n_subjects",0
"Zanomaline High Dose (81 mg)","PT|(uncoded - no MedDRA SOC in source)","VERBATIM_0378","incidence","pct_subjects",
"Zanomaline High Dose (81 mg)","PT|(uncoded - no MedDRA SOC in source)","VERBATIM_0378","incidence","n_events",0
"Placebo","PT|(uncoded - no MedDRA SOC in source)","VERBATIM_0388","incidence","n_subjects",1
"Placebo","PT|(uncoded - no MedDRA SOC in source)","VERBATIM_0388","incidence","pct_subjects",1.16279069767442
"Placebo","PT|(uncoded - no MedDRA SOC in source)","VERBATIM_0388","incidence","n_events",1
"Zanomaline Low Dose (54 mg)","PT|(uncoded - no MedDRA SOC in source)","VERBATIM_0388","incidence","n_subjects",0
"Zanomaline Low Dose (54 mg)","PT|(uncoded - no MedDRA SOC in source)","VERBATIM_0388","incidence","pct_subjects",
"Zanomaline Low Dose (54 mg)","PT|(uncoded - no MedDRA SOC in source)","VERBATIM_0388","incidence","n_events",0
"Zanomaline High Dose (81 mg)","PT|(uncoded - no MedDRA SOC in source)","VERBATIM_0388","incidence","n_subjects",0
"Zanomaline High Dose (81 mg)","PT|(uncoded - no MedDRA SOC in source)","VERBATIM_0388","incidence","pct_subjects",
"Zanomaline High Dose (81 mg)","PT|(uncoded - no MedDRA SOC in source)","VERBATIM_0388","incidence","n_events",0
"Placebo","PT|(uncoded - no MedDRA SOC in source)","VERBATIM_0390","incidence","n_subjects",1
"Placebo","PT|(uncoded - no MedDRA SOC in source)","VERBATIM_0390","incidence","pct_subjects",1.16279069767442
"Placebo","PT|(uncoded - no MedDRA SOC in source)","VERBATIM_0390","incidence","n_events",1
"Zanomaline Low Dose (54 mg)","PT|(uncoded - no MedDRA SOC in source)","VERBATIM_0390","incidence","n_subjects",0
"Zanomaline Low Dose (54 mg)","PT|(uncoded - no MedDRA SOC in source)","VERBATIM_0390","incidence","pct_subjects",
"Zanomaline Low Dose (54 mg)","PT|(uncoded - no MedDRA SOC in source)","VERBATIM_0390","incidence","n_events",0
"Zanomaline High Dose (81 mg)","PT|(uncoded - no MedDRA SOC in source)","VERBATIM_0390","incidence","n_subjects",0
"Zanomaline High Dose (81 mg)","PT|(uncoded - no MedDRA SOC in source)","VERBATIM_0390","incidence","pct_subjects",
"Zanomaline High Dose (81 mg)","PT|(uncoded - no MedDRA SOC in source)","VERBATIM_0390","incidence","n_events",0
"Placebo","PT|(uncoded - no MedDRA SOC in source)","VERBATIM_0391","incidence","n_subjects",4
"Placebo","PT|(uncoded - no MedDRA SOC in source)","VERBATIM_0391","incidence","pct_subjects",4.65116279069767
"Placebo","PT|(uncoded - no MedDRA SOC in source)","VERBATIM_0391","incidence","n_events",4
"Zanomaline Low Dose (54 mg)","PT|(uncoded - no MedDRA SOC in source)","VERBATIM_0391","incidence","n_subjects",0
"Zanomaline Low Dose (54 mg)","PT|(uncoded - no MedDRA SOC in source)","VERBATIM_0391","incidence","pct_subjects",
"Zanomaline Low Dose (54 mg)","PT|(uncoded - no MedDRA SOC in source)","VERBATIM_0391","incidence","n_events",0
"Zanomaline High Dose (81 mg)","PT|(uncoded - no MedDRA SOC in source)","VERBATIM_0391","incidence","n_subjects",0
"Zanomaline High Dose (81 mg)","PT|(uncoded - no MedDRA SOC in source)","VERBATIM_0391","incidence","pct_subjects",
"Zanomaline High Dose (81 mg)","PT|(uncoded - no MedDRA SOC in source)","VERBATIM_0391","incidence","n_events",0
"Placebo","PT|(uncoded - no MedDRA SOC in source)","VERBATIM_0392","incidence","n_subjects",1
"Placebo","PT|(uncoded - no MedDRA SOC in source)","VERBATIM_0392","incidence","pct_subjects",1.16279069767442
"Placebo","PT|(uncoded - no MedDRA SOC in source)","VERBATIM_0392","incidence","n_events",1
"Zanomaline Low Dose (54 mg)","PT|(uncoded - no MedDRA SOC in source)","VERBATIM_0392","incidence","n_subjects",0
"Zanomaline Low Dose (54 mg)","PT|(uncoded - no MedDRA SOC in source)","VERBATIM_0392","incidence","pct_subjects",
"Zanomaline Low Dose (54 mg)","PT|(uncoded - no MedDRA SOC in source)","VERBATIM_0392","incidence","n_events",0
"Zanomaline High Dose (81 mg)","PT|(uncoded - no MedDRA SOC in source)","VERBATIM_0392","incidence","n_subjects",0
"Zanomaline High Dose (81 mg)","PT|(uncoded - no MedDRA SOC in source)","VERBATIM_0392","incidence","pct_subjects",
"Zanomaline High Dose (81 mg)","PT|(uncoded - no MedDRA SOC in source)","VERBATIM_0392","incidence","n_events",0
"Placebo","PT|(uncoded - no MedDRA SOC in source)","VERBATIM_0393","incidence","n_subjects",1
"Placebo","PT|(uncoded - no MedDRA SOC in source)","VERBATIM_0393","incidence","pct_subjects",1.16279069767442
"Placebo","PT|(uncoded - no MedDRA SOC in source)","VERBATIM_0393","incidence","n_events",1
"Zanomaline Low Dose (54 mg)","PT|(uncoded - no MedDRA SOC in source)","VERBATIM_0393","incidence","n_subjects",0
"Zanomaline Low Dose (54 mg)","PT|(uncoded - no MedDRA SOC in source)","VERBATIM_0393","incidence","pct_subjects",
"Zanomaline Low Dose (54 mg)","PT|(uncoded - no MedDRA SOC in source)","VERBATIM_0393","incidence","n_events",0
"Zanomaline High Dose (81 mg)","PT|(uncoded - no MedDRA SOC in source)","VERBATIM_0393","incidence","n_subjects",0
"Zanomaline High Dose (81 mg)","PT|(uncoded - no MedDRA SOC in source)","VERBATIM_0393","incidence","pct_subjects",
"Zanomaline High Dose (81 mg)","PT|(uncoded - no MedDRA SOC in source)","VERBATIM_0393","incidence","n_events",0
"Placebo","PT|(uncoded - no MedDRA SOC in source)","VERBATIM_0398","incidence","n_subjects",1
"Placebo","PT|(uncoded - no MedDRA SOC in source)","VERBATIM_0398","incidence","pct_subjects",1.16279069767442
"Placebo","PT|(uncoded - no MedDRA SOC in source)","VERBATIM_0398","incidence","n_events",1
"Zanomaline Low Dose (54 mg)","PT|(uncoded - no MedDRA SOC in source)","VERBATIM_0398","incidence","n_subjects",0
"Zanomaline Low Dose (54 mg)","PT|(uncoded - no MedDRA SOC in source)","VERBATIM_0398","incidence","pct_subjects",
"Zanomaline Low Dose (54 mg)","PT|(uncoded - no MedDRA SOC in source)","VERBATIM_0398","incidence","n_events",0
"Zanomaline High Dose (81 mg)","PT|(uncoded - no MedDRA SOC in source)","VERBATIM_0398","incidence","n_subjects",0
"Zanomaline High Dose (81 mg)","PT|(uncoded - no MedDRA SOC in source)","VERBATIM_0398","incidence","pct_subjects",
"Zanomaline High Dose (81 mg)","PT|(uncoded - no MedDRA SOC in source)","VERBATIM_0398","incidence","n_events",0
"Placebo","PT|(uncoded - no MedDRA SOC in source)","VERBATIM_0399","incidence","n_subjects",1
"Placebo","PT|(uncoded - no MedDRA SOC in source)","VERBATIM_0399","incidence","pct_subjects",1.16279069767442
"Placebo","PT|(uncoded - no MedDRA SOC in source)","VERBATIM_0399","incidence","n_events",1
"Zanomaline Low Dose (54 mg)","PT|(uncoded - no MedDRA SOC in source)","VERBATIM_0399","incidence","n_subjects",0
"Zanomaline Low Dose (54 mg)","PT|(uncoded - no MedDRA SOC in source)","VERBATIM_0399","incidence","pct_subjects",
"Zanomaline Low Dose (54 mg)","PT|(uncoded - no MedDRA SOC in source)","VERBATIM_0399","incidence","n_events",0
"Zanomaline High Dose (81 mg)","PT|(uncoded - no MedDRA SOC in source)","VERBATIM_0399","incidence","n_subjects",0
"Zanomaline High Dose (81 mg)","PT|(uncoded - no MedDRA SOC in source)","VERBATIM_0399","incidence","pct_subjects",
"Zanomaline High Dose (81 mg)","PT|(uncoded - no MedDRA SOC in source)","VERBATIM_0399","incidence","n_events",0
"Placebo","PT|(uncoded - no MedDRA SOC in source)","VERBATIM_0409","incidence","n_subjects",1
"Placebo","PT|(uncoded - no MedDRA SOC in source)","VERBATIM_0409","incidence","pct_subjects",1.16279069767442
"Placebo","PT|(uncoded - no MedDRA SOC in source)","VERBATIM_0409","incidence","n_events",1
"Zanomaline Low Dose (54 mg)","PT|(uncoded - no MedDRA SOC in source)","VERBATIM_0409","incidence","n_subjects",0
"Zanomaline Low Dose (54 mg)","PT|(uncoded - no MedDRA SOC in source)","VERBATIM_0409","incidence","pct_subjects",
"Zanomaline Low Dose (54 mg)","PT|(uncoded - no MedDRA SOC in source)","VERBATIM_0409","incidence","n_events",0
"Zanomaline High Dose (81 mg)","PT|(uncoded - no MedDRA SOC in source)","VERBATIM_0409","incidence","n_subjects",0
"Zanomaline High Dose (81 mg)","PT|(uncoded - no MedDRA SOC in source)","VERBATIM_0409","incidence","pct_subjects",
"Zanomaline High Dose (81 mg)","PT|(uncoded - no MedDRA SOC in source)","VERBATIM_0409","incidence","n_events",0
"Placebo","PT|(uncoded - no MedDRA SOC in source)","VERBATIM_0418","incidence","n_subjects",1
"Placebo","PT|(uncoded - no MedDRA SOC in source)","VERBATIM_0418","incidence","pct_subjects",1.16279069767442
"Placebo","PT|(uncoded - no MedDRA SOC in source)","VERBATIM_0418","incidence","n_events",1
"Zanomaline Low Dose (54 mg)","PT|(uncoded - no MedDRA SOC in source)","VERBATIM_0418","incidence","n_subjects",0
"Zanomaline Low Dose (54 mg)","PT|(uncoded - no MedDRA SOC in source)","VERBATIM_0418","incidence","pct_subjects",
"Zanomaline Low Dose (54 mg)","PT|(uncoded - no MedDRA SOC in source)","VERBATIM_0418","incidence","n_events",0
"Zanomaline High Dose (81 mg)","PT|(uncoded - no MedDRA SOC in source)","VERBATIM_0418","incidence","n_subjects",0
"Zanomaline High Dose (81 mg)","PT|(uncoded - no MedDRA SOC in source)","VERBATIM_0418","incidence","pct_subjects",
"Zanomaline High Dose (81 mg)","PT|(uncoded - no MedDRA SOC in source)","VERBATIM_0418","incidence","n_events",0
"Placebo","PT|(uncoded - no MedDRA SOC in source)","VERBATIM_0419","incidence","n_subjects",1
"Placebo","PT|(uncoded - no MedDRA SOC in source)","VERBATIM_0419","incidence","pct_subjects",1.16279069767442
"Placebo","PT|(uncoded - no MedDRA SOC in source)","VERBATIM_0419","incidence","n_events",1
"Zanomaline Low Dose (54 mg)","PT|(uncoded - no MedDRA SOC in source)","VERBATIM_0419","incidence","n_subjects",0
"Zanomaline Low Dose (54 mg)","PT|(uncoded - no MedDRA SOC in source)","VERBATIM_0419","incidence","pct_subjects",
"Zanomaline Low Dose (54 mg)","PT|(uncoded - no MedDRA SOC in source)","VERBATIM_0419","incidence","n_events",0
"Zanomaline High Dose (81 mg)","PT|(uncoded - no MedDRA SOC in source)","VERBATIM_0419","incidence","n_subjects",0
"Zanomaline High Dose (81 mg)","PT|(uncoded - no MedDRA SOC in source)","VERBATIM_0419","incidence","pct_subjects",
"Zanomaline High Dose (81 mg)","PT|(uncoded - no MedDRA SOC in source)","VERBATIM_0419","incidence","n_events",0
"Placebo","PT|(uncoded - no MedDRA SOC in source)","VERBATIM_0420","incidence","n_subjects",1
"Placebo","PT|(uncoded - no MedDRA SOC in source)","VERBATIM_0420","incidence","pct_subjects",1.16279069767442
"Placebo","PT|(uncoded - no MedDRA SOC in source)","VERBATIM_0420","incidence","n_events",1
"Zanomaline Low Dose (54 mg)","PT|(uncoded - no MedDRA SOC in source)","VERBATIM_0420","incidence","n_subjects",0
"Zanomaline Low Dose (54 mg)","PT|(uncoded - no MedDRA SOC in source)","VERBATIM_0420","incidence","pct_subjects",
"Zanomaline Low Dose (54 mg)","PT|(uncoded - no MedDRA SOC in source)","VERBATIM_0420","incidence","n_events",0
"Zanomaline High Dose (81 mg)","PT|(uncoded - no MedDRA SOC in source)","VERBATIM_0420","incidence","n_subjects",0
"Zanomaline High Dose (81 mg)","PT|(uncoded - no MedDRA SOC in source)","VERBATIM_0420","incidence","pct_subjects",
"Zanomaline High Dose (81 mg)","PT|(uncoded - no MedDRA SOC in source)","VERBATIM_0420","incidence","n_events",0
"Placebo","PT|(uncoded - no MedDRA SOC in source)","VERBATIM_0424","incidence","n_subjects",1
"Placebo","PT|(uncoded - no MedDRA SOC in source)","VERBATIM_0424","incidence","pct_subjects",1.16279069767442
"Placebo","PT|(uncoded - no MedDRA SOC in source)","VERBATIM_0424","incidence","n_events",1
"Zanomaline Low Dose (54 mg)","PT|(uncoded - no MedDRA SOC in source)","VERBATIM_0424","incidence","n_subjects",0
"Zanomaline Low Dose (54 mg)","PT|(uncoded - no MedDRA SOC in source)","VERBATIM_0424","incidence","pct_subjects",
"Zanomaline Low Dose (54 mg)","PT|(uncoded - no MedDRA SOC in source)","VERBATIM_0424","incidence","n_events",0
"Zanomaline High Dose (81 mg)","PT|(uncoded - no MedDRA SOC in source)","VERBATIM_0424","incidence","n_subjects",0
"Zanomaline High Dose (81 mg)","PT|(uncoded - no MedDRA SOC in source)","VERBATIM_0424","incidence","pct_subjects",
"Zanomaline High Dose (81 mg)","PT|(uncoded - no MedDRA SOC in source)","VERBATIM_0424","incidence","n_events",0
"Placebo","PT|(uncoded - no MedDRA SOC in source)","VERBATIM_0443","incidence","n_subjects",6
"Placebo","PT|(uncoded - no MedDRA SOC in source)","VERBATIM_0443","incidence","pct_subjects",6.97674418604651
"Placebo","PT|(uncoded - no MedDRA SOC in source)","VERBATIM_0443","incidence","n_events",6
"Zanomaline Low Dose (54 mg)","PT|(uncoded - no MedDRA SOC in source)","VERBATIM_0443","incidence","n_subjects",0
"Zanomaline Low Dose (54 mg)","PT|(uncoded - no MedDRA SOC in source)","VERBATIM_0443","incidence","pct_subjects",
"Zanomaline Low Dose (54 mg)","PT|(uncoded - no MedDRA SOC in source)","VERBATIM_0443","incidence","n_events",0
"Zanomaline High Dose (81 mg)","PT|(uncoded - no MedDRA SOC in source)","VERBATIM_0443","incidence","n_subjects",0
"Zanomaline High Dose (81 mg)","PT|(uncoded - no MedDRA SOC in source)","VERBATIM_0443","incidence","pct_subjects",
"Zanomaline High Dose (81 mg)","PT|(uncoded - no MedDRA SOC in source)","VERBATIM_0443","incidence","n_events",0
"Placebo","PT|(uncoded - no MedDRA SOC in source)","VERBATIM_0447","incidence","n_subjects",1
"Placebo","PT|(uncoded - no MedDRA SOC in source)","VERBATIM_0447","incidence","pct_subjects",1.16279069767442
"Placebo","PT|(uncoded - no MedDRA SOC in source)","VERBATIM_0447","incidence","n_events",1
"Zanomaline Low Dose (54 mg)","PT|(uncoded - no MedDRA SOC in source)","VERBATIM_0447","incidence","n_subjects",0
"Zanomaline Low Dose (54 mg)","PT|(uncoded - no MedDRA SOC in source)","VERBATIM_0447","incidence","pct_subjects",
"Zanomaline Low Dose (54 mg)","PT|(uncoded - no MedDRA SOC in source)","VERBATIM_0447","incidence","n_events",0
"Zanomaline High Dose (81 mg)","PT|(uncoded - no MedDRA SOC in source)","VERBATIM_0447","incidence","n_subjects",0
"Zanomaline High Dose (81 mg)","PT|(uncoded - no MedDRA SOC in source)","VERBATIM_0447","incidence","pct_subjects",
"Zanomaline High Dose (81 mg)","PT|(uncoded - no MedDRA SOC in source)","VERBATIM_0447","incidence","n_events",0
"Placebo","PT|(uncoded - no MedDRA SOC in source)","VERBATIM_0448","incidence","n_subjects",1
"Placebo","PT|(uncoded - no MedDRA SOC in source)","VERBATIM_0448","incidence","pct_subjects",1.16279069767442
"Placebo","PT|(uncoded - no MedDRA SOC in source)","VERBATIM_0448","incidence","n_events",1
"Zanomaline Low Dose (54 mg)","PT|(uncoded - no MedDRA SOC in source)","VERBATIM_0448","incidence","n_subjects",0
"Zanomaline Low Dose (54 mg)","PT|(uncoded - no MedDRA SOC in source)","VERBATIM_0448","incidence","pct_subjects",
"Zanomaline Low Dose (54 mg)","PT|(uncoded - no MedDRA SOC in source)","VERBATIM_0448","incidence","n_events",0
"Zanomaline High Dose (81 mg)","PT|(uncoded - no MedDRA SOC in source)","VERBATIM_0448","incidence","n_subjects",0
"Zanomaline High Dose (81 mg)","PT|(uncoded - no MedDRA SOC in source)","VERBATIM_0448","incidence","pct_subjects",
"Zanomaline High Dose (81 mg)","PT|(uncoded - no MedDRA SOC in source)","VERBATIM_0448","incidence","n_events",0
"Placebo","PT|(uncoded - no MedDRA SOC in source)","VERBATIM_0457","incidence","n_subjects",1
"Placebo","PT|(uncoded - no MedDRA SOC in source)","VERBATIM_0457","incidence","pct_subjects",1.16279069767442
"Placebo","PT|(uncoded - no MedDRA SOC in source)","VERBATIM_0457","incidence","n_events",1
"Zanomaline Low Dose (54 mg)","PT|(uncoded - no MedDRA SOC in source)","VERBATIM_0457","incidence","n_subjects",0
"Zanomaline Low Dose (54 mg)","PT|(uncoded - no MedDRA SOC in source)","VERBATIM_0457","incidence","pct_subjects",
"Zanomaline Low Dose (54 mg)","PT|(uncoded - no MedDRA SOC in source)","VERBATIM_0457","incidence","n_events",0
"Zanomaline High Dose (81 mg)","PT|(uncoded - no MedDRA SOC in source)","VERBATIM_0457","incidence","n_subjects",0
"Zanomaline High Dose (81 mg)","PT|(uncoded - no MedDRA SOC in source)","VERBATIM_0457","incidence","pct_subjects",
"Zanomaline High Dose (81 mg)","PT|(uncoded - no MedDRA SOC in source)","VERBATIM_0457","incidence","n_events",0
"Placebo","PT|(uncoded - no MedDRA SOC in source)","VERBATIM_0461","incidence","n_subjects",1
"Placebo","PT|(uncoded - no MedDRA SOC in source)","VERBATIM_0461","incidence","pct_subjects",1.16279069767442
"Placebo","PT|(uncoded - no MedDRA SOC in source)","VERBATIM_0461","incidence","n_events",1
"Zanomaline Low Dose (54 mg)","PT|(uncoded - no MedDRA SOC in source)","VERBATIM_0461","incidence","n_subjects",0
"Zanomaline Low Dose (54 mg)","PT|(uncoded - no MedDRA SOC in source)","VERBATIM_0461","incidence","pct_subjects",
"Zanomaline Low Dose (54 mg)","PT|(uncoded - no MedDRA SOC in source)","VERBATIM_0461","incidence","n_events",0
"Zanomaline High Dose (81 mg)","PT|(uncoded - no MedDRA SOC in source)","VERBATIM_0461","incidence","n_subjects",0
"Zanomaline High Dose (81 mg)","PT|(uncoded - no MedDRA SOC in source)","VERBATIM_0461","incidence","pct_subjects",
"Zanomaline High Dose (81 mg)","PT|(uncoded - no MedDRA SOC in source)","VERBATIM_0461","incidence","n_events",0
"Placebo","PT|(uncoded - no MedDRA SOC in source)","VERBATIM_0463","incidence","n_subjects",1
"Placebo","PT|(uncoded - no MedDRA SOC in source)","VERBATIM_0463","incidence","pct_subjects",1.16279069767442
"Placebo","PT|(uncoded - no MedDRA SOC in source)","VERBATIM_0463","incidence","n_events",1
"Zanomaline Low Dose (54 mg)","PT|(uncoded - no MedDRA SOC in source)","VERBATIM_0463","incidence","n_subjects",0
"Zanomaline Low Dose (54 mg)","PT|(uncoded - no MedDRA SOC in source)","VERBATIM_0463","incidence","pct_subjects",
"Zanomaline Low Dose (54 mg)","PT|(uncoded - no MedDRA SOC in source)","VERBATIM_0463","incidence","n_events",0
"Zanomaline High Dose (81 mg)","PT|(uncoded - no MedDRA SOC in source)","VERBATIM_0463","incidence","n_subjects",0
"Zanomaline High Dose (81 mg)","PT|(uncoded - no MedDRA SOC in source)","VERBATIM_0463","incidence","pct_subjects",
"Zanomaline High Dose (81 mg)","PT|(uncoded - no MedDRA SOC in source)","VERBATIM_0463","incidence","n_events",0
"Placebo","PT|(uncoded - no MedDRA SOC in source)","VERBATIM_0469","incidence","n_subjects",1
"Placebo","PT|(uncoded - no MedDRA SOC in source)","VERBATIM_0469","incidence","pct_subjects",1.16279069767442
"Placebo","PT|(uncoded - no MedDRA SOC in source)","VERBATIM_0469","incidence","n_events",1
"Zanomaline Low Dose (54 mg)","PT|(uncoded - no MedDRA SOC in source)","VERBATIM_0469","incidence","n_subjects",0
"Zanomaline Low Dose (54 mg)","PT|(uncoded - no MedDRA SOC in source)","VERBATIM_0469","incidence","pct_subjects",
"Zanomaline Low Dose (54 mg)","PT|(uncoded - no MedDRA SOC in source)","VERBATIM_0469","incidence","n_events",0
"Zanomaline High Dose (81 mg)","PT|(uncoded - no MedDRA SOC in source)","VERBATIM_0469","incidence","n_subjects",0
"Zanomaline High Dose (81 mg)","PT|(uncoded - no MedDRA SOC in source)","VERBATIM_0469","incidence","pct_subjects",
"Zanomaline High Dose (81 mg)","PT|(uncoded - no MedDRA SOC in source)","VERBATIM_0469","incidence","n_events",0
"Placebo","PT|(uncoded - no MedDRA SOC in source)","VERBATIM_0472","incidence","n_subjects",2
"Placebo","PT|(uncoded - no MedDRA SOC in source)","VERBATIM_0472","incidence","pct_subjects",2.32558139534884
"Placebo","PT|(uncoded - no MedDRA SOC in source)","VERBATIM_0472","incidence","n_events",7
"Zanomaline Low Dose (54 mg)","PT|(uncoded - no MedDRA SOC in source)","VERBATIM_0472","incidence","n_subjects",0
"Zanomaline Low Dose (54 mg)","PT|(uncoded - no MedDRA SOC in source)","VERBATIM_0472","incidence","pct_subjects",
"Zanomaline Low Dose (54 mg)","PT|(uncoded - no MedDRA SOC in source)","VERBATIM_0472","incidence","n_events",0
"Zanomaline High Dose (81 mg)","PT|(uncoded - no MedDRA SOC in source)","VERBATIM_0472","incidence","n_subjects",0
"Zanomaline High Dose (81 mg)","PT|(uncoded - no MedDRA SOC in source)","VERBATIM_0472","incidence","pct_subjects",
"Zanomaline High Dose (81 mg)","PT|(uncoded - no MedDRA SOC in source)","VERBATIM_0472","incidence","n_events",0
"Placebo","PT|(uncoded - no MedDRA SOC in source)","VERBATIM_0473","incidence","n_subjects",1
"Placebo","PT|(uncoded - no MedDRA SOC in source)","VERBATIM_0473","incidence","pct_subjects",1.16279069767442
"Placebo","PT|(uncoded - no MedDRA SOC in source)","VERBATIM_0473","incidence","n_events",1
"Zanomaline Low Dose (54 mg)","PT|(uncoded - no MedDRA SOC in source)","VERBATIM_0473","incidence","n_subjects",0
"Zanomaline Low Dose (54 mg)","PT|(uncoded - no MedDRA SOC in source)","VERBATIM_0473","incidence","pct_subjects",
"Zanomaline Low Dose (54 mg)","PT|(uncoded - no MedDRA SOC in source)","VERBATIM_0473","incidence","n_events",0
"Zanomaline High Dose (81 mg)","PT|(uncoded - no MedDRA SOC in source)","VERBATIM_0473","incidence","n_subjects",0
"Zanomaline High Dose (81 mg)","PT|(uncoded - no MedDRA SOC in source)","VERBATIM_0473","incidence","pct_subjects",
"Zanomaline High Dose (81 mg)","PT|(uncoded - no MedDRA SOC in source)","VERBATIM_0473","incidence","n_events",0
"Placebo","PT|(uncoded - no MedDRA SOC in source)","VERBATIM_0486","incidence","n_subjects",1
"Placebo","PT|(uncoded - no MedDRA SOC in source)","VERBATIM_0486","incidence","pct_subjects",1.16279069767442
"Placebo","PT|(uncoded - no MedDRA SOC in source)","VERBATIM_0486","incidence","n_events",1
"Zanomaline Low Dose (54 mg)","PT|(uncoded - no MedDRA SOC in source)","VERBATIM_0486","incidence","n_subjects",0
"Zanomaline Low Dose (54 mg)","PT|(uncoded - no MedDRA SOC in source)","VERBATIM_0486","incidence","pct_subjects",
"Zanomaline Low Dose (54 mg)","PT|(uncoded - no MedDRA SOC in source)","VERBATIM_0486","incidence","n_events",0
"Zanomaline High Dose (81 mg)","PT|(uncoded - no MedDRA SOC in source)","VERBATIM_0486","incidence","n_subjects",0
"Zanomaline High Dose (81 mg)","PT|(uncoded - no MedDRA SOC in source)","VERBATIM_0486","incidence","pct_subjects",
"Zanomaline High Dose (81 mg)","PT|(uncoded - no MedDRA SOC in source)","VERBATIM_0486","incidence","n_events",0
"Placebo","PT|(uncoded - no MedDRA SOC in source)","VERBATIM_0491","incidence","n_subjects",1
"Placebo","PT|(uncoded - no MedDRA SOC in source)","VERBATIM_0491","incidence","pct_subjects",1.16279069767442
"Placebo","PT|(uncoded - no MedDRA SOC in source)","VERBATIM_0491","incidence","n_events",1
"Zanomaline Low Dose (54 mg)","PT|(uncoded - no MedDRA SOC in source)","VERBATIM_0491","incidence","n_subjects",0
"Zanomaline Low Dose (54 mg)","PT|(uncoded - no MedDRA SOC in source)","VERBATIM_0491","incidence","pct_subjects",
"Zanomaline Low Dose (54 mg)","PT|(uncoded - no MedDRA SOC in source)","VERBATIM_0491","incidence","n_events",0
"Zanomaline High Dose (81 mg)","PT|(uncoded - no MedDRA SOC in source)","VERBATIM_0491","incidence","n_subjects",0
"Zanomaline High Dose (81 mg)","PT|(uncoded - no MedDRA SOC in source)","VERBATIM_0491","incidence","pct_subjects",
"Zanomaline High Dose (81 mg)","PT|(uncoded - no MedDRA SOC in source)","VERBATIM_0491","incidence","n_events",0
"Placebo","PT|(uncoded - no MedDRA SOC in source)","VERBATIM_0492","incidence","n_subjects",1
"Placebo","PT|(uncoded - no MedDRA SOC in source)","VERBATIM_0492","incidence","pct_subjects",1.16279069767442
"Placebo","PT|(uncoded - no MedDRA SOC in source)","VERBATIM_0492","incidence","n_events",1
"Zanomaline Low Dose (54 mg)","PT|(uncoded - no MedDRA SOC in source)","VERBATIM_0492","incidence","n_subjects",0
"Zanomaline Low Dose (54 mg)","PT|(uncoded - no MedDRA SOC in source)","VERBATIM_0492","incidence","pct_subjects",
"Zanomaline Low Dose (54 mg)","PT|(uncoded - no MedDRA SOC in source)","VERBATIM_0492","incidence","n_events",0
"Zanomaline High Dose (81 mg)","PT|(uncoded - no MedDRA SOC in source)","VERBATIM_0492","incidence","n_subjects",0
"Zanomaline High Dose (81 mg)","PT|(uncoded - no MedDRA SOC in source)","VERBATIM_0492","incidence","pct_subjects",
"Zanomaline High Dose (81 mg)","PT|(uncoded - no MedDRA SOC in source)","VERBATIM_0492","incidence","n_events",0
"Placebo","PT|(uncoded - no MedDRA SOC in source)","VERBATIM_0496","incidence","n_subjects",1
"Placebo","PT|(uncoded - no MedDRA SOC in source)","VERBATIM_0496","incidence","pct_subjects",1.16279069767442
"Placebo","PT|(uncoded - no MedDRA SOC in source)","VERBATIM_0496","incidence","n_events",1
"Zanomaline Low Dose (54 mg)","PT|(uncoded - no MedDRA SOC in source)","VERBATIM_0496","incidence","n_subjects",0
"Zanomaline Low Dose (54 mg)","PT|(uncoded - no MedDRA SOC in source)","VERBATIM_0496","incidence","pct_subjects",
"Zanomaline Low Dose (54 mg)","PT|(uncoded - no MedDRA SOC in source)","VERBATIM_0496","incidence","n_events",0
"Zanomaline High Dose (81 mg)","PT|(uncoded - no MedDRA SOC in source)","VERBATIM_0496","incidence","n_subjects",0
"Zanomaline High Dose (81 mg)","PT|(uncoded - no MedDRA SOC in source)","VERBATIM_0496","incidence","pct_subjects",
"Zanomaline High Dose (81 mg)","PT|(uncoded - no MedDRA SOC in source)","VERBATIM_0496","incidence","n_events",0
"Placebo","PT|(uncoded - no MedDRA SOC in source)","VERBATIM_0500","incidence","n_subjects",1
"Placebo","PT|(uncoded - no MedDRA SOC in source)","VERBATIM_0500","incidence","pct_subjects",1.16279069767442
"Placebo","PT|(uncoded - no MedDRA SOC in source)","VERBATIM_0500","incidence","n_events",2
"Zanomaline Low Dose (54 mg)","PT|(uncoded - no MedDRA SOC in source)","VERBATIM_0500","incidence","n_subjects",0
"Zanomaline Low Dose (54 mg)","PT|(uncoded - no MedDRA SOC in source)","VERBATIM_0500","incidence","pct_subjects",
"Zanomaline Low Dose (54 mg)","PT|(uncoded - no MedDRA SOC in source)","VERBATIM_0500","incidence","n_events",0
"Zanomaline High Dose (81 mg)","PT|(uncoded - no MedDRA SOC in source)","VERBATIM_0500","incidence","n_subjects",0
"Zanomaline High Dose (81 mg)","PT|(uncoded - no MedDRA SOC in source)","VERBATIM_0500","incidence","pct_subjects",
"Zanomaline High Dose (81 mg)","PT|(uncoded - no MedDRA SOC in source)","VERBATIM_0500","incidence","n_events",0
"Placebo","PT|(uncoded - no MedDRA SOC in source)","VERBATIM_0502","incidence","n_subjects",1
"Placebo","PT|(uncoded - no MedDRA SOC in source)","VERBATIM_0502","incidence","pct_subjects",1.16279069767442
"Placebo","PT|(uncoded - no MedDRA SOC in source)","VERBATIM_0502","incidence","n_events",1
"Zanomaline Low Dose (54 mg)","PT|(uncoded - no MedDRA SOC in source)","VERBATIM_0502","incidence","n_subjects",0
"Zanomaline Low Dose (54 mg)","PT|(uncoded - no MedDRA SOC in source)","VERBATIM_0502","incidence","pct_subjects",
"Zanomaline Low Dose (54 mg)","PT|(uncoded - no MedDRA SOC in source)","VERBATIM_0502","incidence","n_events",0
"Zanomaline High Dose (81 mg)","PT|(uncoded - no MedDRA SOC in source)","VERBATIM_0502","incidence","n_subjects",0
"Zanomaline High Dose (81 mg)","PT|(uncoded - no MedDRA SOC in source)","VERBATIM_0502","incidence","pct_subjects",
"Zanomaline High Dose (81 mg)","PT|(uncoded - no MedDRA SOC in source)","VERBATIM_0502","incidence","n_events",0
"Placebo","PT|(uncoded - no MedDRA SOC in source)","VERBATIM_0507","incidence","n_subjects",4
"Placebo","PT|(uncoded - no MedDRA SOC in source)","VERBATIM_0507","incidence","pct_subjects",4.65116279069767
"Placebo","PT|(uncoded - no MedDRA SOC in source)","VERBATIM_0507","incidence","n_events",4
"Zanomaline Low Dose (54 mg)","PT|(uncoded - no MedDRA SOC in source)","VERBATIM_0507","incidence","n_subjects",0
"Zanomaline Low Dose (54 mg)","PT|(uncoded - no MedDRA SOC in source)","VERBATIM_0507","incidence","pct_subjects",
"Zanomaline Low Dose (54 mg)","PT|(uncoded - no MedDRA SOC in source)","VERBATIM_0507","incidence","n_events",0
"Zanomaline High Dose (81 mg)","PT|(uncoded - no MedDRA SOC in source)","VERBATIM_0507","incidence","n_subjects",0
"Zanomaline High Dose (81 mg)","PT|(uncoded - no MedDRA SOC in source)","VERBATIM_0507","incidence","pct_subjects",
"Zanomaline High Dose (81 mg)","PT|(uncoded - no MedDRA SOC in source)","VERBATIM_0507","incidence","n_events",0
"Placebo","PT|(uncoded - no MedDRA SOC in source)","VERBATIM_0511","incidence","n_subjects",1
"Placebo","PT|(uncoded - no MedDRA SOC in source)","VERBATIM_0511","incidence","pct_subjects",1.16279069767442
"Placebo","PT|(uncoded - no MedDRA SOC in source)","VERBATIM_0511","incidence","n_events",1
"Zanomaline Low Dose (54 mg)","PT|(uncoded - no MedDRA SOC in source)","VERBATIM_0511","incidence","n_subjects",0
"Zanomaline Low Dose (54 mg)","PT|(uncoded - no MedDRA SOC in source)","VERBATIM_0511","incidence","pct_subjects",
"Zanomaline Low Dose (54 mg)","PT|(uncoded - no MedDRA SOC in source)","VERBATIM_0511","incidence","n_events",0
"Zanomaline High Dose (81 mg)","PT|(uncoded - no MedDRA SOC in source)","VERBATIM_0511","incidence","n_subjects",0
"Zanomaline High Dose (81 mg)","PT|(uncoded - no MedDRA SOC in source)","VERBATIM_0511","incidence","pct_subjects",
"Zanomaline High Dose (81 mg)","PT|(uncoded - no MedDRA SOC in source)","VERBATIM_0511","incidence","n_events",0
"Placebo","PT|(uncoded - no MedDRA SOC in source)","VERBATIM_0513","incidence","n_subjects",1
"Placebo","PT|(uncoded - no MedDRA SOC in source)","VERBATIM_0513","incidence","pct_subjects",1.16279069767442
"Placebo","PT|(uncoded - no MedDRA SOC in source)","VERBATIM_0513","incidence","n_events",1
"Zanomaline Low Dose (54 mg)","PT|(uncoded - no MedDRA SOC in source)","VERBATIM_0513","incidence","n_subjects",0
"Zanomaline Low Dose (54 mg)","PT|(uncoded - no MedDRA SOC in source)","VERBATIM_0513","incidence","pct_subjects",
"Zanomaline Low Dose (54 mg)","PT|(uncoded - no MedDRA SOC in source)","VERBATIM_0513","incidence","n_events",0
"Zanomaline High Dose (81 mg)","PT|(uncoded - no MedDRA SOC in source)","VERBATIM_0513","incidence","n_subjects",0
"Zanomaline High Dose (81 mg)","PT|(uncoded - no MedDRA SOC in source)","VERBATIM_0513","incidence","pct_subjects",
"Zanomaline High Dose (81 mg)","PT|(uncoded - no MedDRA SOC in source)","VERBATIM_0513","incidence","n_events",0
"Placebo","PT|(uncoded - no MedDRA SOC in source)","VERBATIM_0514","incidence","n_subjects",1
"Placebo","PT|(uncoded - no MedDRA SOC in source)","VERBATIM_0514","incidence","pct_subjects",1.16279069767442
"Placebo","PT|(uncoded - no MedDRA SOC in source)","VERBATIM_0514","incidence","n_events",1
"Zanomaline Low Dose (54 mg)","PT|(uncoded - no MedDRA SOC in source)","VERBATIM_0514","incidence","n_subjects",0
"Zanomaline Low Dose (54 mg)","PT|(uncoded - no MedDRA SOC in source)","VERBATIM_0514","incidence","pct_subjects",
"Zanomaline Low Dose (54 mg)","PT|(uncoded - no MedDRA SOC in source)","VERBATIM_0514","incidence","n_events",0
"Zanomaline High Dose (81 mg)","PT|(uncoded - no MedDRA SOC in source)","VERBATIM_0514","incidence","n_subjects",0
"Zanomaline High Dose (81 mg)","PT|(uncoded - no MedDRA SOC in source)","VERBATIM_0514","incidence","pct_subjects",
"Zanomaline High Dose (81 mg)","PT|(uncoded - no MedDRA SOC in source)","VERBATIM_0514","incidence","n_events",0
"Placebo","PT|(uncoded - no MedDRA SOC in source)","VERBATIM_0515","incidence","n_subjects",1
"Placebo","PT|(uncoded - no MedDRA SOC in source)","VERBATIM_0515","incidence","pct_subjects",1.16279069767442
"Placebo","PT|(uncoded - no MedDRA SOC in source)","VERBATIM_0515","incidence","n_events",1
"Zanomaline Low Dose (54 mg)","PT|(uncoded - no MedDRA SOC in source)","VERBATIM_0515","incidence","n_subjects",0
"Zanomaline Low Dose (54 mg)","PT|(uncoded - no MedDRA SOC in source)","VERBATIM_0515","incidence","pct_subjects",
"Zanomaline Low Dose (54 mg)","PT|(uncoded - no MedDRA SOC in source)","VERBATIM_0515","incidence","n_events",0
"Zanomaline High Dose (81 mg)","PT|(uncoded - no MedDRA SOC in source)","VERBATIM_0515","incidence","n_subjects",0
"Zanomaline High Dose (81 mg)","PT|(uncoded - no MedDRA SOC in source)","VERBATIM_0515","incidence","pct_subjects",
"Zanomaline High Dose (81 mg)","PT|(uncoded - no MedDRA SOC in source)","VERBATIM_0515","incidence","n_events",0
"Placebo","PT|(uncoded - no MedDRA SOC in source)","VERBATIM_0524","incidence","n_subjects",1
"Placebo","PT|(uncoded - no MedDRA SOC in source)","VERBATIM_0524","incidence","pct_subjects",1.16279069767442
"Placebo","PT|(uncoded - no MedDRA SOC in source)","VERBATIM_0524","incidence","n_events",1
"Zanomaline Low Dose (54 mg)","PT|(uncoded - no MedDRA SOC in source)","VERBATIM_0524","incidence","n_subjects",0
"Zanomaline Low Dose (54 mg)","PT|(uncoded - no MedDRA SOC in source)","VERBATIM_0524","incidence","pct_subjects",
"Zanomaline Low Dose (54 mg)","PT|(uncoded - no MedDRA SOC in source)","VERBATIM_0524","incidence","n_events",0
"Zanomaline High Dose (81 mg)","PT|(uncoded - no MedDRA SOC in source)","VERBATIM_0524","incidence","n_subjects",0
"Zanomaline High Dose (81 mg)","PT|(uncoded - no MedDRA SOC in source)","VERBATIM_0524","incidence","pct_subjects",
"Zanomaline High Dose (81 mg)","PT|(uncoded - no MedDRA SOC in source)","VERBATIM_0524","incidence","n_events",0
"Placebo","PT|(uncoded - no MedDRA SOC in source)","VERBATIM_0534","incidence","n_subjects",1
"Placebo","PT|(uncoded - no MedDRA SOC in source)","VERBATIM_0534","incidence","pct_subjects",1.16279069767442
"Placebo","PT|(uncoded - no MedDRA SOC in source)","VERBATIM_0534","incidence","n_events",1
"Zanomaline Low Dose (54 mg)","PT|(uncoded - no MedDRA SOC in source)","VERBATIM_0534","incidence","n_subjects",0
"Zanomaline Low Dose (54 mg)","PT|(uncoded - no MedDRA SOC in source)","VERBATIM_0534","incidence","pct_subjects",
"Zanomaline Low Dose (54 mg)","PT|(uncoded - no MedDRA SOC in source)","VERBATIM_0534","incidence","n_events",0
"Zanomaline High Dose (81 mg)","PT|(uncoded - no MedDRA SOC in source)","VERBATIM_0534","incidence","n_subjects",0
"Zanomaline High Dose (81 mg)","PT|(uncoded - no MedDRA SOC in source)","VERBATIM_0534","incidence","pct_subjects",
"Zanomaline High Dose (81 mg)","PT|(uncoded - no MedDRA SOC in source)","VERBATIM_0534","incidence","n_events",0
"Placebo","PT|(uncoded - no MedDRA SOC in source)","VERBATIM_0538","incidence","n_subjects",1
"Placebo","PT|(uncoded - no MedDRA SOC in source)","VERBATIM_0538","incidence","pct_subjects",1.16279069767442
"Placebo","PT|(uncoded - no MedDRA SOC in source)","VERBATIM_0538","incidence","n_events",1
"Zanomaline Low Dose (54 mg)","PT|(uncoded - no MedDRA SOC in source)","VERBATIM_0538","incidence","n_subjects",0
"Zanomaline Low Dose (54 mg)","PT|(uncoded - no MedDRA SOC in source)","VERBATIM_0538","incidence","pct_subjects",
"Zanomaline Low Dose (54 mg)","PT|(uncoded - no MedDRA SOC in source)","VERBATIM_0538","incidence","n_events",0
"Zanomaline High Dose (81 mg)","PT|(uncoded - no MedDRA SOC in source)","VERBATIM_0538","incidence","n_subjects",0
"Zanomaline High Dose (81 mg)","PT|(uncoded - no MedDRA SOC in source)","VERBATIM_0538","incidence","pct_subjects",
"Zanomaline High Dose (81 mg)","PT|(uncoded - no MedDRA SOC in source)","VERBATIM_0538","incidence","n_events",0
"Placebo","PT|(uncoded - no MedDRA SOC in source)","VERBATIM_0539","incidence","n_subjects",1
"Placebo","PT|(uncoded - no MedDRA SOC in source)","VERBATIM_0539","incidence","pct_subjects",1.16279069767442
"Placebo","PT|(uncoded - no MedDRA SOC in source)","VERBATIM_0539","incidence","n_events",1
"Zanomaline Low Dose (54 mg)","PT|(uncoded - no MedDRA SOC in source)","VERBATIM_0539","incidence","n_subjects",0
"Zanomaline Low Dose (54 mg)","PT|(uncoded - no MedDRA SOC in source)","VERBATIM_0539","incidence","pct_subjects",
"Zanomaline Low Dose (54 mg)","PT|(uncoded - no MedDRA SOC in source)","VERBATIM_0539","incidence","n_events",0
"Zanomaline High Dose (81 mg)","PT|(uncoded - no MedDRA SOC in source)","VERBATIM_0539","incidence","n_subjects",0
"Zanomaline High Dose (81 mg)","PT|(uncoded - no MedDRA SOC in source)","VERBATIM_0539","incidence","pct_subjects",
"Zanomaline High Dose (81 mg)","PT|(uncoded - no MedDRA SOC in source)","VERBATIM_0539","incidence","n_events",0
"Placebo","PT|(uncoded - no MedDRA SOC in source)","VERBATIM_0545","incidence","n_subjects",1
"Placebo","PT|(uncoded - no MedDRA SOC in source)","VERBATIM_0545","incidence","pct_subjects",1.16279069767442
"Placebo","PT|(uncoded - no MedDRA SOC in source)","VERBATIM_0545","incidence","n_events",1
"Zanomaline Low Dose (54 mg)","PT|(uncoded - no MedDRA SOC in source)","VERBATIM_0545","incidence","n_subjects",0
"Zanomaline Low Dose (54 mg)","PT|(uncoded - no MedDRA SOC in source)","VERBATIM_0545","incidence","pct_subjects",
"Zanomaline Low Dose (54 mg)","PT|(uncoded - no MedDRA SOC in source)","VERBATIM_0545","incidence","n_events",0
"Zanomaline High Dose (81 mg)","PT|(uncoded - no MedDRA SOC in source)","VERBATIM_0545","incidence","n_subjects",0
"Zanomaline High Dose (81 mg)","PT|(uncoded - no MedDRA SOC in source)","VERBATIM_0545","incidence","pct_subjects",
"Zanomaline High Dose (81 mg)","PT|(uncoded - no MedDRA SOC in source)","VERBATIM_0545","incidence","n_events",0
"Placebo","PT|(uncoded - no MedDRA SOC in source)","VERBATIM_0549","incidence","n_subjects",1
"Placebo","PT|(uncoded - no MedDRA SOC in source)","VERBATIM_0549","incidence","pct_subjects",1.16279069767442
"Placebo","PT|(uncoded - no MedDRA SOC in source)","VERBATIM_0549","incidence","n_events",1
"Zanomaline Low Dose (54 mg)","PT|(uncoded - no MedDRA SOC in source)","VERBATIM_0549","incidence","n_subjects",0
"Zanomaline Low Dose (54 mg)","PT|(uncoded - no MedDRA SOC in source)","VERBATIM_0549","incidence","pct_subjects",
"Zanomaline Low Dose (54 mg)","PT|(uncoded - no MedDRA SOC in source)","VERBATIM_0549","incidence","n_events",0
"Zanomaline High Dose (81 mg)","PT|(uncoded - no MedDRA SOC in source)","VERBATIM_0549","incidence","n_subjects",0
"Zanomaline High Dose (81 mg)","PT|(uncoded - no MedDRA SOC in source)","VERBATIM_0549","incidence","pct_subjects",
"Zanomaline High Dose (81 mg)","PT|(uncoded - no MedDRA SOC in source)","VERBATIM_0549","incidence","n_events",0
"Placebo","PT|(uncoded - no MedDRA SOC in source)","VERBATIM_0559","incidence","n_subjects",1
"Placebo","PT|(uncoded - no MedDRA SOC in source)","VERBATIM_0559","incidence","pct_subjects",1.16279069767442
"Placebo","PT|(uncoded - no MedDRA SOC in source)","VERBATIM_0559","incidence","n_events",1
"Zanomaline Low Dose (54 mg)","PT|(uncoded - no MedDRA SOC in source)","VERBATIM_0559","incidence","n_subjects",0
"Zanomaline Low Dose (54 mg)","PT|(uncoded - no MedDRA SOC in source)","VERBATIM_0559","incidence","pct_subjects",
"Zanomaline Low Dose (54 mg)","PT|(uncoded - no MedDRA SOC in source)","VERBATIM_0559","incidence","n_events",0
"Zanomaline High Dose (81 mg)","PT|(uncoded - no MedDRA SOC in source)","VERBATIM_0559","incidence","n_subjects",0
"Zanomaline High Dose (81 mg)","PT|(uncoded - no MedDRA SOC in source)","VERBATIM_0559","incidence","pct_subjects",
"Zanomaline High Dose (81 mg)","PT|(uncoded - no MedDRA SOC in source)","VERBATIM_0559","incidence","n_events",0
"Placebo","PT|(uncoded - no MedDRA SOC in source)","VERBATIM_0562","incidence","n_subjects",1
"Placebo","PT|(uncoded - no MedDRA SOC in source)","VERBATIM_0562","incidence","pct_subjects",1.16279069767442
"Placebo","PT|(uncoded - no MedDRA SOC in source)","VERBATIM_0562","incidence","n_events",1
"Zanomaline Low Dose (54 mg)","PT|(uncoded - no MedDRA SOC in source)","VERBATIM_0562","incidence","n_subjects",0
"Zanomaline Low Dose (54 mg)","PT|(uncoded - no MedDRA SOC in source)","VERBATIM_0562","incidence","pct_subjects",
"Zanomaline Low Dose (54 mg)","PT|(uncoded - no MedDRA SOC in source)","VERBATIM_0562","incidence","n_events",0
"Zanomaline High Dose (81 mg)","PT|(uncoded - no MedDRA SOC in source)","VERBATIM_0562","incidence","n_subjects",0
"Zanomaline High Dose (81 mg)","PT|(uncoded - no MedDRA SOC in source)","VERBATIM_0562","incidence","pct_subjects",
"Zanomaline High Dose (81 mg)","PT|(uncoded - no MedDRA SOC in source)","VERBATIM_0562","incidence","n_events",0
"Placebo","PT|(uncoded - no MedDRA SOC in source)","VERBATIM_0564","incidence","n_subjects",1
"Placebo","PT|(uncoded - no MedDRA SOC in source)","VERBATIM_0564","incidence","pct_subjects",1.16279069767442
"Placebo","PT|(uncoded - no MedDRA SOC in source)","VERBATIM_0564","incidence","n_events",1
"Zanomaline Low Dose (54 mg)","PT|(uncoded - no MedDRA SOC in source)","VERBATIM_0564","incidence","n_subjects",0
"Zanomaline Low Dose (54 mg)","PT|(uncoded - no MedDRA SOC in source)","VERBATIM_0564","incidence","pct_subjects",
"Zanomaline Low Dose (54 mg)","PT|(uncoded - no MedDRA SOC in source)","VERBATIM_0564","incidence","n_events",0
"Zanomaline High Dose (81 mg)","PT|(uncoded - no MedDRA SOC in source)","VERBATIM_0564","incidence","n_subjects",0
"Zanomaline High Dose (81 mg)","PT|(uncoded - no MedDRA SOC in source)","VERBATIM_0564","incidence","pct_subjects",
"Zanomaline High Dose (81 mg)","PT|(uncoded - no MedDRA SOC in source)","VERBATIM_0564","incidence","n_events",0
"Placebo","PT|(uncoded - no MedDRA SOC in source)","VERBATIM_0569","incidence","n_subjects",1
"Placebo","PT|(uncoded - no MedDRA SOC in source)","VERBATIM_0569","incidence","pct_subjects",1.16279069767442
"Placebo","PT|(uncoded - no MedDRA SOC in source)","VERBATIM_0569","incidence","n_events",1
"Zanomaline Low Dose (54 mg)","PT|(uncoded - no MedDRA SOC in source)","VERBATIM_0569","incidence","n_subjects",0
"Zanomaline Low Dose (54 mg)","PT|(uncoded - no MedDRA SOC in source)","VERBATIM_0569","incidence","pct_subjects",
"Zanomaline Low Dose (54 mg)","PT|(uncoded - no MedDRA SOC in source)","VERBATIM_0569","incidence","n_events",0
"Zanomaline High Dose (81 mg)","PT|(uncoded - no MedDRA SOC in source)","VERBATIM_0569","incidence","n_subjects",0
"Zanomaline High Dose (81 mg)","PT|(uncoded - no MedDRA SOC in source)","VERBATIM_0569","incidence","pct_subjects",
"Zanomaline High Dose (81 mg)","PT|(uncoded - no MedDRA SOC in source)","VERBATIM_0569","incidence","n_events",0
"Placebo","PT|(uncoded - no MedDRA SOC in source)","VERBATIM_0570","incidence","n_subjects",1
"Placebo","PT|(uncoded - no MedDRA SOC in source)","VERBATIM_0570","incidence","pct_subjects",1.16279069767442
"Placebo","PT|(uncoded - no MedDRA SOC in source)","VERBATIM_0570","incidence","n_events",1
"Zanomaline Low Dose (54 mg)","PT|(uncoded - no MedDRA SOC in source)","VERBATIM_0570","incidence","n_subjects",0
"Zanomaline Low Dose (54 mg)","PT|(uncoded - no MedDRA SOC in source)","VERBATIM_0570","incidence","pct_subjects",
"Zanomaline Low Dose (54 mg)","PT|(uncoded - no MedDRA SOC in source)","VERBATIM_0570","incidence","n_events",0
"Zanomaline High Dose (81 mg)","PT|(uncoded - no MedDRA SOC in source)","VERBATIM_0570","incidence","n_subjects",0
"Zanomaline High Dose (81 mg)","PT|(uncoded - no MedDRA SOC in source)","VERBATIM_0570","incidence","pct_subjects",
"Zanomaline High Dose (81 mg)","PT|(uncoded - no MedDRA SOC in source)","VERBATIM_0570","incidence","n_events",0
"Placebo","PT|(uncoded - no MedDRA SOC in source)","VERBATIM_0579","incidence","n_subjects",1
"Placebo","PT|(uncoded - no MedDRA SOC in source)","VERBATIM_0579","incidence","pct_subjects",1.16279069767442
"Placebo","PT|(uncoded - no MedDRA SOC in source)","VERBATIM_0579","incidence","n_events",1
"Zanomaline Low Dose (54 mg)","PT|(uncoded - no MedDRA SOC in source)","VERBATIM_0579","incidence","n_subjects",0
"Zanomaline Low Dose (54 mg)","PT|(uncoded - no MedDRA SOC in source)","VERBATIM_0579","incidence","pct_subjects",
"Zanomaline Low Dose (54 mg)","PT|(uncoded - no MedDRA SOC in source)","VERBATIM_0579","incidence","n_events",0
"Zanomaline High Dose (81 mg)","PT|(uncoded - no MedDRA SOC in source)","VERBATIM_0579","incidence","n_subjects",0
"Zanomaline High Dose (81 mg)","PT|(uncoded - no MedDRA SOC in source)","VERBATIM_0579","incidence","pct_subjects",
"Zanomaline High Dose (81 mg)","PT|(uncoded - no MedDRA SOC in source)","VERBATIM_0579","incidence","n_events",0
"Placebo","PT|(uncoded - no MedDRA SOC in source)","VERBATIM_0580","incidence","n_subjects",1
"Placebo","PT|(uncoded - no MedDRA SOC in source)","VERBATIM_0580","incidence","pct_subjects",1.16279069767442
"Placebo","PT|(uncoded - no MedDRA SOC in source)","VERBATIM_0580","incidence","n_events",1
"Zanomaline Low Dose (54 mg)","PT|(uncoded - no MedDRA SOC in source)","VERBATIM_0580","incidence","n_subjects",0
"Zanomaline Low Dose (54 mg)","PT|(uncoded - no MedDRA SOC in source)","VERBATIM_0580","incidence","pct_subjects",
"Zanomaline Low Dose (54 mg)","PT|(uncoded - no MedDRA SOC in source)","VERBATIM_0580","incidence","n_events",0
"Zanomaline High Dose (81 mg)","PT|(uncoded - no MedDRA SOC in source)","VERBATIM_0580","incidence","n_subjects",0
"Zanomaline High Dose (81 mg)","PT|(uncoded - no MedDRA SOC in source)","VERBATIM_0580","incidence","pct_subjects",
"Zanomaline High Dose (81 mg)","PT|(uncoded - no MedDRA SOC in source)","VERBATIM_0580","incidence","n_events",0
"Placebo","PT|(uncoded - no MedDRA SOC in source)","VERBATIM_0584","incidence","n_subjects",1
"Placebo","PT|(uncoded - no MedDRA SOC in source)","VERBATIM_0584","incidence","pct_subjects",1.16279069767442
"Placebo","PT|(uncoded - no MedDRA SOC in source)","VERBATIM_0584","incidence","n_events",1
"Zanomaline Low Dose (54 mg)","PT|(uncoded - no MedDRA SOC in source)","VERBATIM_0584","incidence","n_subjects",0
"Zanomaline Low Dose (54 mg)","PT|(uncoded - no MedDRA SOC in source)","VERBATIM_0584","incidence","pct_subjects",
"Zanomaline Low Dose (54 mg)","PT|(uncoded - no MedDRA SOC in source)","VERBATIM_0584","incidence","n_events",0
"Zanomaline High Dose (81 mg)","PT|(uncoded - no MedDRA SOC in source)","VERBATIM_0584","incidence","n_subjects",0
"Zanomaline High Dose (81 mg)","PT|(uncoded - no MedDRA SOC in source)","VERBATIM_0584","incidence","pct_subjects",
"Zanomaline High Dose (81 mg)","PT|(uncoded - no MedDRA SOC in source)","VERBATIM_0584","incidence","n_events",0
"Placebo","PT|(uncoded - no MedDRA SOC in source)","VERBATIM_0596","incidence","n_subjects",1
"Placebo","PT|(uncoded - no MedDRA SOC in source)","VERBATIM_0596","incidence","pct_subjects",1.16279069767442
"Placebo","PT|(uncoded - no MedDRA SOC in source)","VERBATIM_0596","incidence","n_events",1
"Zanomaline Low Dose (54 mg)","PT|(uncoded - no MedDRA SOC in source)","VERBATIM_0596","incidence","n_subjects",0
"Zanomaline Low Dose (54 mg)","PT|(uncoded - no MedDRA SOC in source)","VERBATIM_0596","incidence","pct_subjects",
"Zanomaline Low Dose (54 mg)","PT|(uncoded - no MedDRA SOC in source)","VERBATIM_0596","incidence","n_events",0
"Zanomaline High Dose (81 mg)","PT|(uncoded - no MedDRA SOC in source)","VERBATIM_0596","incidence","n_subjects",0
"Zanomaline High Dose (81 mg)","PT|(uncoded - no MedDRA SOC in source)","VERBATIM_0596","incidence","pct_subjects",
"Zanomaline High Dose (81 mg)","PT|(uncoded - no MedDRA SOC in source)","VERBATIM_0596","incidence","n_events",0
"Placebo","PT|(uncoded - no MedDRA SOC in source)","VERBATIM_0599","incidence","n_subjects",1
"Placebo","PT|(uncoded - no MedDRA SOC in source)","VERBATIM_0599","incidence","pct_subjects",1.16279069767442
"Placebo","PT|(uncoded - no MedDRA SOC in source)","VERBATIM_0599","incidence","n_events",1
"Zanomaline Low Dose (54 mg)","PT|(uncoded - no MedDRA SOC in source)","VERBATIM_0599","incidence","n_subjects",0
"Zanomaline Low Dose (54 mg)","PT|(uncoded - no MedDRA SOC in source)","VERBATIM_0599","incidence","pct_subjects",
"Zanomaline Low Dose (54 mg)","PT|(uncoded - no MedDRA SOC in source)","VERBATIM_0599","incidence","n_events",0
"Zanomaline High Dose (81 mg)","PT|(uncoded - no MedDRA SOC in source)","VERBATIM_0599","incidence","n_subjects",0
"Zanomaline High Dose (81 mg)","PT|(uncoded - no MedDRA SOC in source)","VERBATIM_0599","incidence","pct_subjects",
"Zanomaline High Dose (81 mg)","PT|(uncoded - no MedDRA SOC in source)","VERBATIM_0599","incidence","n_events",0
"Placebo","PT|(uncoded - no MedDRA SOC in source)","VERBATIM_0602","incidence","n_subjects",1
"Placebo","PT|(uncoded - no MedDRA SOC in source)","VERBATIM_0602","incidence","pct_subjects",1.16279069767442
"Placebo","PT|(uncoded - no MedDRA SOC in source)","VERBATIM_0602","incidence","n_events",1
"Zanomaline Low Dose (54 mg)","PT|(uncoded - no MedDRA SOC in source)","VERBATIM_0602","incidence","n_subjects",0
"Zanomaline Low Dose (54 mg)","PT|(uncoded - no MedDRA SOC in source)","VERBATIM_0602","incidence","pct_subjects",
"Zanomaline Low Dose (54 mg)","PT|(uncoded - no MedDRA SOC in source)","VERBATIM_0602","incidence","n_events",0
"Zanomaline High Dose (81 mg)","PT|(uncoded - no MedDRA SOC in source)","VERBATIM_0602","incidence","n_subjects",0
"Zanomaline High Dose (81 mg)","PT|(uncoded - no MedDRA SOC in source)","VERBATIM_0602","incidence","pct_subjects",
"Zanomaline High Dose (81 mg)","PT|(uncoded - no MedDRA SOC in source)","VERBATIM_0602","incidence","n_events",0
"Placebo","PT|(uncoded - no MedDRA SOC in source)","VERBATIM_0606","incidence","n_subjects",1
"Placebo","PT|(uncoded - no MedDRA SOC in source)","VERBATIM_0606","incidence","pct_subjects",1.16279069767442
"Placebo","PT|(uncoded - no MedDRA SOC in source)","VERBATIM_0606","incidence","n_events",1
"Zanomaline Low Dose (54 mg)","PT|(uncoded - no MedDRA SOC in source)","VERBATIM_0606","incidence","n_subjects",0
"Zanomaline Low Dose (54 mg)","PT|(uncoded - no MedDRA SOC in source)","VERBATIM_0606","incidence","pct_subjects",
"Zanomaline Low Dose (54 mg)","PT|(uncoded - no MedDRA SOC in source)","VERBATIM_0606","incidence","n_events",0
"Zanomaline High Dose (81 mg)","PT|(uncoded - no MedDRA SOC in source)","VERBATIM_0606","incidence","n_subjects",0
"Zanomaline High Dose (81 mg)","PT|(uncoded - no MedDRA SOC in source)","VERBATIM_0606","incidence","pct_subjects",
"Zanomaline High Dose (81 mg)","PT|(uncoded - no MedDRA SOC in source)","VERBATIM_0606","incidence","n_events",0
"Placebo","PT|(uncoded - no MedDRA SOC in source)","VERBATIM_0609","incidence","n_subjects",1
"Placebo","PT|(uncoded - no MedDRA SOC in source)","VERBATIM_0609","incidence","pct_subjects",1.16279069767442
"Placebo","PT|(uncoded - no MedDRA SOC in source)","VERBATIM_0609","incidence","n_events",1
"Zanomaline Low Dose (54 mg)","PT|(uncoded - no MedDRA SOC in source)","VERBATIM_0609","incidence","n_subjects",0
"Zanomaline Low Dose (54 mg)","PT|(uncoded - no MedDRA SOC in source)","VERBATIM_0609","incidence","pct_subjects",
"Zanomaline Low Dose (54 mg)","PT|(uncoded - no MedDRA SOC in source)","VERBATIM_0609","incidence","n_events",0
"Zanomaline High Dose (81 mg)","PT|(uncoded - no MedDRA SOC in source)","VERBATIM_0609","incidence","n_subjects",0
"Zanomaline High Dose (81 mg)","PT|(uncoded - no MedDRA SOC in source)","VERBATIM_0609","incidence","pct_subjects",
"Zanomaline High Dose (81 mg)","PT|(uncoded - no MedDRA SOC in source)","VERBATIM_0609","incidence","n_events",0
"Placebo","PT|(uncoded - no MedDRA SOC in source)","VERBATIM_0626","incidence","n_subjects",1
"Placebo","PT|(uncoded - no MedDRA SOC in source)","VERBATIM_0626","incidence","pct_subjects",1.16279069767442
"Placebo","PT|(uncoded - no MedDRA SOC in source)","VERBATIM_0626","incidence","n_events",1
"Zanomaline Low Dose (54 mg)","PT|(uncoded - no MedDRA SOC in source)","VERBATIM_0626","incidence","n_subjects",0
"Zanomaline Low Dose (54 mg)","PT|(uncoded - no MedDRA SOC in source)","VERBATIM_0626","incidence","pct_subjects",
"Zanomaline Low Dose (54 mg)","PT|(uncoded - no MedDRA SOC in source)","VERBATIM_0626","incidence","n_events",0
"Zanomaline High Dose (81 mg)","PT|(uncoded - no MedDRA SOC in source)","VERBATIM_0626","incidence","n_subjects",0
"Zanomaline High Dose (81 mg)","PT|(uncoded - no MedDRA SOC in source)","VERBATIM_0626","incidence","pct_subjects",
"Zanomaline High Dose (81 mg)","PT|(uncoded - no MedDRA SOC in source)","VERBATIM_0626","incidence","n_events",0
"Placebo","PT|(uncoded - no MedDRA SOC in source)","VERBATIM_0637","incidence","n_subjects",2
"Placebo","PT|(uncoded - no MedDRA SOC in source)","VERBATIM_0637","incidence","pct_subjects",2.32558139534884
"Placebo","PT|(uncoded - no MedDRA SOC in source)","VERBATIM_0637","incidence","n_events",2
"Zanomaline Low Dose (54 mg)","PT|(uncoded - no MedDRA SOC in source)","VERBATIM_0637","incidence","n_subjects",0
"Zanomaline Low Dose (54 mg)","PT|(uncoded - no MedDRA SOC in source)","VERBATIM_0637","incidence","pct_subjects",
"Zanomaline Low Dose (54 mg)","PT|(uncoded - no MedDRA SOC in source)","VERBATIM_0637","incidence","n_events",0
"Zanomaline High Dose (81 mg)","PT|(uncoded - no MedDRA SOC in source)","VERBATIM_0637","incidence","n_subjects",0
"Zanomaline High Dose (81 mg)","PT|(uncoded - no MedDRA SOC in source)","VERBATIM_0637","incidence","pct_subjects",
"Zanomaline High Dose (81 mg)","PT|(uncoded - no MedDRA SOC in source)","VERBATIM_0637","incidence","n_events",0
"Placebo","PT|(uncoded - no MedDRA SOC in source)","VERBATIM_0638","incidence","n_subjects",1
"Placebo","PT|(uncoded - no MedDRA SOC in source)","VERBATIM_0638","incidence","pct_subjects",1.16279069767442
"Placebo","PT|(uncoded - no MedDRA SOC in source)","VERBATIM_0638","incidence","n_events",1
"Zanomaline Low Dose (54 mg)","PT|(uncoded - no MedDRA SOC in source)","VERBATIM_0638","incidence","n_subjects",0
"Zanomaline Low Dose (54 mg)","PT|(uncoded - no MedDRA SOC in source)","VERBATIM_0638","incidence","pct_subjects",
"Zanomaline Low Dose (54 mg)","PT|(uncoded - no MedDRA SOC in source)","VERBATIM_0638","incidence","n_events",0
"Zanomaline High Dose (81 mg)","PT|(uncoded - no MedDRA SOC in source)","VERBATIM_0638","incidence","n_subjects",0
"Zanomaline High Dose (81 mg)","PT|(uncoded - no MedDRA SOC in source)","VERBATIM_0638","incidence","pct_subjects",
"Zanomaline High Dose (81 mg)","PT|(uncoded - no MedDRA SOC in source)","VERBATIM_0638","incidence","n_events",0
"Placebo","PT|(uncoded - no MedDRA SOC in source)","VERBATIM_0661","incidence","n_subjects",1
"Placebo","PT|(uncoded - no MedDRA SOC in source)","VERBATIM_0661","incidence","pct_subjects",1.16279069767442
"Placebo","PT|(uncoded - no MedDRA SOC in source)","VERBATIM_0661","incidence","n_events",1
"Zanomaline Low Dose (54 mg)","PT|(uncoded - no MedDRA SOC in source)","VERBATIM_0661","incidence","n_subjects",0
"Zanomaline Low Dose (54 mg)","PT|(uncoded - no MedDRA SOC in source)","VERBATIM_0661","incidence","pct_subjects",
"Zanomaline Low Dose (54 mg)","PT|(uncoded - no MedDRA SOC in source)","VERBATIM_0661","incidence","n_events",0
"Zanomaline High Dose (81 mg)","PT|(uncoded - no MedDRA SOC in source)","VERBATIM_0661","incidence","n_subjects",0
"Zanomaline High Dose (81 mg)","PT|(uncoded - no MedDRA SOC in source)","VERBATIM_0661","incidence","pct_subjects",
"Zanomaline High Dose (81 mg)","PT|(uncoded - no MedDRA SOC in source)","VERBATIM_0661","incidence","n_events",0
"Placebo","PT|(uncoded - no MedDRA SOC in source)","VERBATIM_0675","incidence","n_subjects",1
"Placebo","PT|(uncoded - no MedDRA SOC in source)","VERBATIM_0675","incidence","pct_subjects",1.16279069767442
"Placebo","PT|(uncoded - no MedDRA SOC in source)","VERBATIM_0675","incidence","n_events",1
"Zanomaline Low Dose (54 mg)","PT|(uncoded - no MedDRA SOC in source)","VERBATIM_0675","incidence","n_subjects",0
"Zanomaline Low Dose (54 mg)","PT|(uncoded - no MedDRA SOC in source)","VERBATIM_0675","incidence","pct_subjects",
"Zanomaline Low Dose (54 mg)","PT|(uncoded - no MedDRA SOC in source)","VERBATIM_0675","incidence","n_events",0
"Zanomaline High Dose (81 mg)","PT|(uncoded - no MedDRA SOC in source)","VERBATIM_0675","incidence","n_subjects",0
"Zanomaline High Dose (81 mg)","PT|(uncoded - no MedDRA SOC in source)","VERBATIM_0675","incidence","pct_subjects",
"Zanomaline High Dose (81 mg)","PT|(uncoded - no MedDRA SOC in source)","VERBATIM_0675","incidence","n_events",0
"Placebo","PT|(uncoded - no MedDRA SOC in source)","VERBATIM_0682","incidence","n_subjects",1
"Placebo","PT|(uncoded - no MedDRA SOC in source)","VERBATIM_0682","incidence","pct_subjects",1.16279069767442
"Placebo","PT|(uncoded - no MedDRA SOC in source)","VERBATIM_0682","incidence","n_events",1
"Zanomaline Low Dose (54 mg)","PT|(uncoded - no MedDRA SOC in source)","VERBATIM_0682","incidence","n_subjects",0
"Zanomaline Low Dose (54 mg)","PT|(uncoded - no MedDRA SOC in source)","VERBATIM_0682","incidence","pct_subjects",
"Zanomaline Low Dose (54 mg)","PT|(uncoded - no MedDRA SOC in source)","VERBATIM_0682","incidence","n_events",0
"Zanomaline High Dose (81 mg)","PT|(uncoded - no MedDRA SOC in source)","VERBATIM_0682","incidence","n_subjects",0
"Zanomaline High Dose (81 mg)","PT|(uncoded - no MedDRA SOC in source)","VERBATIM_0682","incidence","pct_subjects",
"Zanomaline High Dose (81 mg)","PT|(uncoded - no MedDRA SOC in source)","VERBATIM_0682","incidence","n_events",0
"Placebo","PT|(uncoded - no MedDRA SOC in source)","VERBATIM_0688","incidence","n_subjects",1
"Placebo","PT|(uncoded - no MedDRA SOC in source)","VERBATIM_0688","incidence","pct_subjects",1.16279069767442
"Placebo","PT|(uncoded - no MedDRA SOC in source)","VERBATIM_0688","incidence","n_events",1
"Zanomaline Low Dose (54 mg)","PT|(uncoded - no MedDRA SOC in source)","VERBATIM_0688","incidence","n_subjects",0
"Zanomaline Low Dose (54 mg)","PT|(uncoded - no MedDRA SOC in source)","VERBATIM_0688","incidence","pct_subjects",
"Zanomaline Low Dose (54 mg)","PT|(uncoded - no MedDRA SOC in source)","VERBATIM_0688","incidence","n_events",0
"Zanomaline High Dose (81 mg)","PT|(uncoded - no MedDRA SOC in source)","VERBATIM_0688","incidence","n_subjects",0
"Zanomaline High Dose (81 mg)","PT|(uncoded - no MedDRA SOC in source)","VERBATIM_0688","incidence","pct_subjects",
"Zanomaline High Dose (81 mg)","PT|(uncoded - no MedDRA SOC in source)","VERBATIM_0688","incidence","n_events",0
"Placebo","PT|(uncoded - no MedDRA SOC in source)","VERBATIM_0699","incidence","n_subjects",3
"Placebo","PT|(uncoded - no MedDRA SOC in source)","VERBATIM_0699","incidence","pct_subjects",3.48837209302326
"Placebo","PT|(uncoded - no MedDRA SOC in source)","VERBATIM_0699","incidence","n_events",3
"Zanomaline Low Dose (54 mg)","PT|(uncoded - no MedDRA SOC in source)","VERBATIM_0699","incidence","n_subjects",0
"Zanomaline Low Dose (54 mg)","PT|(uncoded - no MedDRA SOC in source)","VERBATIM_0699","incidence","pct_subjects",
"Zanomaline Low Dose (54 mg)","PT|(uncoded - no MedDRA SOC in source)","VERBATIM_0699","incidence","n_events",0
"Zanomaline High Dose (81 mg)","PT|(uncoded - no MedDRA SOC in source)","VERBATIM_0699","incidence","n_subjects",0
"Zanomaline High Dose (81 mg)","PT|(uncoded - no MedDRA SOC in source)","VERBATIM_0699","incidence","pct_subjects",
"Zanomaline High Dose (81 mg)","PT|(uncoded - no MedDRA SOC in source)","VERBATIM_0699","incidence","n_events",0
"Placebo","PT|(uncoded - no MedDRA SOC in source)","VERBATIM_0705","incidence","n_subjects",1
"Placebo","PT|(uncoded - no MedDRA SOC in source)","VERBATIM_0705","incidence","pct_subjects",1.16279069767442
"Placebo","PT|(uncoded - no MedDRA SOC in source)","VERBATIM_0705","incidence","n_events",1
"Zanomaline Low Dose (54 mg)","PT|(uncoded - no MedDRA SOC in source)","VERBATIM_0705","incidence","n_subjects",0
"Zanomaline Low Dose (54 mg)","PT|(uncoded - no MedDRA SOC in source)","VERBATIM_0705","incidence","pct_subjects",
"Zanomaline Low Dose (54 mg)","PT|(uncoded - no MedDRA SOC in source)","VERBATIM_0705","incidence","n_events",0
"Zanomaline High Dose (81 mg)","PT|(uncoded - no MedDRA SOC in source)","VERBATIM_0705","incidence","n_subjects",0
"Zanomaline High Dose (81 mg)","PT|(uncoded - no MedDRA SOC in source)","VERBATIM_0705","incidence","pct_subjects",
"Zanomaline High Dose (81 mg)","PT|(uncoded - no MedDRA SOC in source)","VERBATIM_0705","incidence","n_events",0
"Placebo","PT|(uncoded - no MedDRA SOC in source)","VERBATIM_0720","incidence","n_subjects",1
"Placebo","PT|(uncoded - no MedDRA SOC in source)","VERBATIM_0720","incidence","pct_subjects",1.16279069767442
"Placebo","PT|(uncoded - no MedDRA SOC in source)","VERBATIM_0720","incidence","n_events",1
"Zanomaline Low Dose (54 mg)","PT|(uncoded - no MedDRA SOC in source)","VERBATIM_0720","incidence","n_subjects",0
"Zanomaline Low Dose (54 mg)","PT|(uncoded - no MedDRA SOC in source)","VERBATIM_0720","incidence","pct_subjects",
"Zanomaline Low Dose (54 mg)","PT|(uncoded - no MedDRA SOC in source)","VERBATIM_0720","incidence","n_events",0
"Zanomaline High Dose (81 mg)","PT|(uncoded - no MedDRA SOC in source)","VERBATIM_0720","incidence","n_subjects",0
"Zanomaline High Dose (81 mg)","PT|(uncoded - no MedDRA SOC in source)","VERBATIM_0720","incidence","pct_subjects",
"Zanomaline High Dose (81 mg)","PT|(uncoded - no MedDRA SOC in source)","VERBATIM_0720","incidence","n_events",0
"Placebo","PT|(uncoded - no MedDRA SOC in source)","VERBATIM_0721","incidence","n_subjects",2
"Placebo","PT|(uncoded - no MedDRA SOC in source)","VERBATIM_0721","incidence","pct_subjects",2.32558139534884
"Placebo","PT|(uncoded - no MedDRA SOC in source)","VERBATIM_0721","incidence","n_events",2
"Zanomaline Low Dose (54 mg)","PT|(uncoded - no MedDRA SOC in source)","VERBATIM_0721","incidence","n_subjects",0
"Zanomaline Low Dose (54 mg)","PT|(uncoded - no MedDRA SOC in source)","VERBATIM_0721","incidence","pct_subjects",
"Zanomaline Low Dose (54 mg)","PT|(uncoded - no MedDRA SOC in source)","VERBATIM_0721","incidence","n_events",0
"Zanomaline High Dose (81 mg)","PT|(uncoded - no MedDRA SOC in source)","VERBATIM_0721","incidence","n_subjects",0
"Zanomaline High Dose (81 mg)","PT|(uncoded - no MedDRA SOC in source)","VERBATIM_0721","incidence","pct_subjects",
"Zanomaline High Dose (81 mg)","PT|(uncoded - no MedDRA SOC in source)","VERBATIM_0721","incidence","n_events",0
"Placebo","PT|(uncoded - no MedDRA SOC in source)","VERBATIM_0728","incidence","n_subjects",1
"Placebo","PT|(uncoded - no MedDRA SOC in source)","VERBATIM_0728","incidence","pct_subjects",1.16279069767442
"Placebo","PT|(uncoded - no MedDRA SOC in source)","VERBATIM_0728","incidence","n_events",1
"Zanomaline Low Dose (54 mg)","PT|(uncoded - no MedDRA SOC in source)","VERBATIM_0728","incidence","n_subjects",0
"Zanomaline Low Dose (54 mg)","PT|(uncoded - no MedDRA SOC in source)","VERBATIM_0728","incidence","pct_subjects",
"Zanomaline Low Dose (54 mg)","PT|(uncoded - no MedDRA SOC in source)","VERBATIM_0728","incidence","n_events",0
"Zanomaline High Dose (81 mg)","PT|(uncoded - no MedDRA SOC in source)","VERBATIM_0728","incidence","n_subjects",0
"Zanomaline High Dose (81 mg)","PT|(uncoded - no MedDRA SOC in source)","VERBATIM_0728","incidence","pct_subjects",
"Zanomaline High Dose (81 mg)","PT|(uncoded - no MedDRA SOC in source)","VERBATIM_0728","incidence","n_events",0
"Placebo","PT|(uncoded - no MedDRA SOC in source)","VERBATIM_0732","incidence","n_subjects",1
"Placebo","PT|(uncoded - no MedDRA SOC in source)","VERBATIM_0732","incidence","pct_subjects",1.16279069767442
"Placebo","PT|(uncoded - no MedDRA SOC in source)","VERBATIM_0732","incidence","n_events",1
"Zanomaline Low Dose (54 mg)","PT|(uncoded - no MedDRA SOC in source)","VERBATIM_0732","incidence","n_subjects",0
"Zanomaline Low Dose (54 mg)","PT|(uncoded - no MedDRA SOC in source)","VERBATIM_0732","incidence","pct_subjects",
"Zanomaline Low Dose (54 mg)","PT|(uncoded - no MedDRA SOC in source)","VERBATIM_0732","incidence","n_events",0
"Zanomaline High Dose (81 mg)","PT|(uncoded - no MedDRA SOC in source)","VERBATIM_0732","incidence","n_subjects",0
"Zanomaline High Dose (81 mg)","PT|(uncoded - no MedDRA SOC in source)","VERBATIM_0732","incidence","pct_subjects",
"Zanomaline High Dose (81 mg)","PT|(uncoded - no MedDRA SOC in source)","VERBATIM_0732","incidence","n_events",0
"Placebo","PT|(uncoded - no MedDRA SOC in source)","VERBATIM_0737","incidence","n_subjects",2
"Placebo","PT|(uncoded - no MedDRA SOC in source)","VERBATIM_0737","incidence","pct_subjects",2.32558139534884
"Placebo","PT|(uncoded - no MedDRA SOC in source)","VERBATIM_0737","incidence","n_events",2
"Zanomaline Low Dose (54 mg)","PT|(uncoded - no MedDRA SOC in source)","VERBATIM_0737","incidence","n_subjects",0
"Zanomaline Low Dose (54 mg)","PT|(uncoded - no MedDRA SOC in source)","VERBATIM_0737","incidence","pct_subjects",
"Zanomaline Low Dose (54 mg)","PT|(uncoded - no MedDRA SOC in source)","VERBATIM_0737","incidence","n_events",0
"Zanomaline High Dose (81 mg)","PT|(uncoded - no MedDRA SOC in source)","VERBATIM_0737","incidence","n_subjects",0
"Zanomaline High Dose (81 mg)","PT|(uncoded - no MedDRA SOC in source)","VERBATIM_0737","incidence","pct_subjects",
"Zanomaline High Dose (81 mg)","PT|(uncoded - no MedDRA SOC in source)","VERBATIM_0737","incidence","n_events",0
"Placebo","PT|(uncoded - no MedDRA SOC in source)","VERBATIM_0747","incidence","n_subjects",1
"Placebo","PT|(uncoded - no MedDRA SOC in source)","VERBATIM_0747","incidence","pct_subjects",1.16279069767442
"Placebo","PT|(uncoded - no MedDRA SOC in source)","VERBATIM_0747","incidence","n_events",1
"Zanomaline Low Dose (54 mg)","PT|(uncoded - no MedDRA SOC in source)","VERBATIM_0747","incidence","n_subjects",0
"Zanomaline Low Dose (54 mg)","PT|(uncoded - no MedDRA SOC in source)","VERBATIM_0747","incidence","pct_subjects",
"Zanomaline Low Dose (54 mg)","PT|(uncoded - no MedDRA SOC in source)","VERBATIM_0747","incidence","n_events",0
"Zanomaline High Dose (81 mg)","PT|(uncoded - no MedDRA SOC in source)","VERBATIM_0747","incidence","n_subjects",0
"Zanomaline High Dose (81 mg)","PT|(uncoded - no MedDRA SOC in source)","VERBATIM_0747","incidence","pct_subjects",
"Zanomaline High Dose (81 mg)","PT|(uncoded - no MedDRA SOC in source)","VERBATIM_0747","incidence","n_events",0
"Placebo","PT|(uncoded - no MedDRA SOC in source)","VERBATIM_0754","incidence","n_subjects",1
"Placebo","PT|(uncoded - no MedDRA SOC in source)","VERBATIM_0754","incidence","pct_subjects",1.16279069767442
"Placebo","PT|(uncoded - no MedDRA SOC in source)","VERBATIM_0754","incidence","n_events",1
"Zanomaline Low Dose (54 mg)","PT|(uncoded - no MedDRA SOC in source)","VERBATIM_0754","incidence","n_subjects",0
"Zanomaline Low Dose (54 mg)","PT|(uncoded - no MedDRA SOC in source)","VERBATIM_0754","incidence","pct_subjects",
"Zanomaline Low Dose (54 mg)","PT|(uncoded - no MedDRA SOC in source)","VERBATIM_0754","incidence","n_events",0
"Zanomaline High Dose (81 mg)","PT|(uncoded - no MedDRA SOC in source)","VERBATIM_0754","incidence","n_subjects",0
"Zanomaline High Dose (81 mg)","PT|(uncoded - no MedDRA SOC in source)","VERBATIM_0754","incidence","pct_subjects",
"Zanomaline High Dose (81 mg)","PT|(uncoded - no MedDRA SOC in source)","VERBATIM_0754","incidence","n_events",0
"Placebo","PT|(uncoded - no MedDRA SOC in source)","VERBATIM_0767","incidence","n_subjects",1
"Placebo","PT|(uncoded - no MedDRA SOC in source)","VERBATIM_0767","incidence","pct_subjects",1.16279069767442
"Placebo","PT|(uncoded - no MedDRA SOC in source)","VERBATIM_0767","incidence","n_events",1
"Zanomaline Low Dose (54 mg)","PT|(uncoded - no MedDRA SOC in source)","VERBATIM_0767","incidence","n_subjects",0
"Zanomaline Low Dose (54 mg)","PT|(uncoded - no MedDRA SOC in source)","VERBATIM_0767","incidence","pct_subjects",
"Zanomaline Low Dose (54 mg)","PT|(uncoded - no MedDRA SOC in source)","VERBATIM_0767","incidence","n_events",0
"Zanomaline High Dose (81 mg)","PT|(uncoded - no MedDRA SOC in source)","VERBATIM_0767","incidence","n_subjects",0
"Zanomaline High Dose (81 mg)","PT|(uncoded - no MedDRA SOC in source)","VERBATIM_0767","incidence","pct_subjects",
"Zanomaline High Dose (81 mg)","PT|(uncoded - no MedDRA SOC in source)","VERBATIM_0767","incidence","n_events",0
"Placebo","PT|(uncoded - no MedDRA SOC in source)","VERBATIM_0773","incidence","n_subjects",1
"Placebo","PT|(uncoded - no MedDRA SOC in source)","VERBATIM_0773","incidence","pct_subjects",1.16279069767442
"Placebo","PT|(uncoded - no MedDRA SOC in source)","VERBATIM_0773","incidence","n_events",1
"Zanomaline Low Dose (54 mg)","PT|(uncoded - no MedDRA SOC in source)","VERBATIM_0773","incidence","n_subjects",0
"Zanomaline Low Dose (54 mg)","PT|(uncoded - no MedDRA SOC in source)","VERBATIM_0773","incidence","pct_subjects",
"Zanomaline Low Dose (54 mg)","PT|(uncoded - no MedDRA SOC in source)","VERBATIM_0773","incidence","n_events",0
"Zanomaline High Dose (81 mg)","PT|(uncoded - no MedDRA SOC in source)","VERBATIM_0773","incidence","n_subjects",0
"Zanomaline High Dose (81 mg)","PT|(uncoded - no MedDRA SOC in source)","VERBATIM_0773","incidence","pct_subjects",
"Zanomaline High Dose (81 mg)","PT|(uncoded - no MedDRA SOC in source)","VERBATIM_0773","incidence","n_events",0
"Placebo","PT|(uncoded - no MedDRA SOC in source)","VERBATIM_0783","incidence","n_subjects",1
"Placebo","PT|(uncoded - no MedDRA SOC in source)","VERBATIM_0783","incidence","pct_subjects",1.16279069767442
"Placebo","PT|(uncoded - no MedDRA SOC in source)","VERBATIM_0783","incidence","n_events",1
"Zanomaline Low Dose (54 mg)","PT|(uncoded - no MedDRA SOC in source)","VERBATIM_0783","incidence","n_subjects",0
"Zanomaline Low Dose (54 mg)","PT|(uncoded - no MedDRA SOC in source)","VERBATIM_0783","incidence","pct_subjects",
"Zanomaline Low Dose (54 mg)","PT|(uncoded - no MedDRA SOC in source)","VERBATIM_0783","incidence","n_events",0
"Zanomaline High Dose (81 mg)","PT|(uncoded - no MedDRA SOC in source)","VERBATIM_0783","incidence","n_subjects",0
"Zanomaline High Dose (81 mg)","PT|(uncoded - no MedDRA SOC in source)","VERBATIM_0783","incidence","pct_subjects",
"Zanomaline High Dose (81 mg)","PT|(uncoded - no MedDRA SOC in source)","VERBATIM_0783","incidence","n_events",0
"Placebo","PT|(uncoded - no MedDRA SOC in source)","VERBATIM_0786","incidence","n_subjects",1
"Placebo","PT|(uncoded - no MedDRA SOC in source)","VERBATIM_0786","incidence","pct_subjects",1.16279069767442
"Placebo","PT|(uncoded - no MedDRA SOC in source)","VERBATIM_0786","incidence","n_events",1
"Zanomaline Low Dose (54 mg)","PT|(uncoded - no MedDRA SOC in source)","VERBATIM_0786","incidence","n_subjects",0
"Zanomaline Low Dose (54 mg)","PT|(uncoded - no MedDRA SOC in source)","VERBATIM_0786","incidence","pct_subjects",
"Zanomaline Low Dose (54 mg)","PT|(uncoded - no MedDRA SOC in source)","VERBATIM_0786","incidence","n_events",0
"Zanomaline High Dose (81 mg)","PT|(uncoded - no MedDRA SOC in source)","VERBATIM_0786","incidence","n_subjects",0
"Zanomaline High Dose (81 mg)","PT|(uncoded - no MedDRA SOC in source)","VERBATIM_0786","incidence","pct_subjects",
"Zanomaline High Dose (81 mg)","PT|(uncoded - no MedDRA SOC in source)","VERBATIM_0786","incidence","n_events",0
"Placebo","PT|(uncoded - no MedDRA SOC in source)","VERBATIM_0788","incidence","n_subjects",1
"Placebo","PT|(uncoded - no MedDRA SOC in source)","VERBATIM_0788","incidence","pct_subjects",1.16279069767442
"Placebo","PT|(uncoded - no MedDRA SOC in source)","VERBATIM_0788","incidence","n_events",1
"Zanomaline Low Dose (54 mg)","PT|(uncoded - no MedDRA SOC in source)","VERBATIM_0788","incidence","n_subjects",0
"Zanomaline Low Dose (54 mg)","PT|(uncoded - no MedDRA SOC in source)","VERBATIM_0788","incidence","pct_subjects",
"Zanomaline Low Dose (54 mg)","PT|(uncoded - no MedDRA SOC in source)","VERBATIM_0788","incidence","n_events",0
"Zanomaline High Dose (81 mg)","PT|(uncoded - no MedDRA SOC in source)","VERBATIM_0788","incidence","n_subjects",0
"Zanomaline High Dose (81 mg)","PT|(uncoded - no MedDRA SOC in source)","VERBATIM_0788","incidence","pct_subjects",
"Zanomaline High Dose (81 mg)","PT|(uncoded - no MedDRA SOC in source)","VERBATIM_0788","incidence","n_events",0
"Placebo","PT|(uncoded - no MedDRA SOC in source)","VERBATIM_0800","incidence","n_subjects",3
"Placebo","PT|(uncoded - no MedDRA SOC in source)","VERBATIM_0800","incidence","pct_subjects",3.48837209302326
"Placebo","PT|(uncoded - no MedDRA SOC in source)","VERBATIM_0800","incidence","n_events",3
"Zanomaline Low Dose (54 mg)","PT|(uncoded - no MedDRA SOC in source)","VERBATIM_0800","incidence","n_subjects",0
"Zanomaline Low Dose (54 mg)","PT|(uncoded - no MedDRA SOC in source)","VERBATIM_0800","incidence","pct_subjects",
"Zanomaline Low Dose (54 mg)","PT|(uncoded - no MedDRA SOC in source)","VERBATIM_0800","incidence","n_events",0
"Zanomaline High Dose (81 mg)","PT|(uncoded - no MedDRA SOC in source)","VERBATIM_0800","incidence","n_subjects",0
"Zanomaline High Dose (81 mg)","PT|(uncoded - no MedDRA SOC in source)","VERBATIM_0800","incidence","pct_subjects",
"Zanomaline High Dose (81 mg)","PT|(uncoded - no MedDRA SOC in source)","VERBATIM_0800","incidence","n_events",0
"Placebo","PT|(uncoded - no MedDRA SOC in source)","VERBATIM_0803","incidence","n_subjects",1
"Placebo","PT|(uncoded - no MedDRA SOC in source)","VERBATIM_0803","incidence","pct_subjects",1.16279069767442
"Placebo","PT|(uncoded - no MedDRA SOC in source)","VERBATIM_0803","incidence","n_events",1
"Zanomaline Low Dose (54 mg)","PT|(uncoded - no MedDRA SOC in source)","VERBATIM_0803","incidence","n_subjects",0
"Zanomaline Low Dose (54 mg)","PT|(uncoded - no MedDRA SOC in source)","VERBATIM_0803","incidence","pct_subjects",
"Zanomaline Low Dose (54 mg)","PT|(uncoded - no MedDRA SOC in source)","VERBATIM_0803","incidence","n_events",0
"Zanomaline High Dose (81 mg)","PT|(uncoded - no MedDRA SOC in source)","VERBATIM_0803","incidence","n_subjects",0
"Zanomaline High Dose (81 mg)","PT|(uncoded - no MedDRA SOC in source)","VERBATIM_0803","incidence","pct_subjects",
"Zanomaline High Dose (81 mg)","PT|(uncoded - no MedDRA SOC in source)","VERBATIM_0803","incidence","n_events",0
"Placebo","PT|(uncoded - no MedDRA SOC in source)","VERBATIM_0809","incidence","n_subjects",3
"Placebo","PT|(uncoded - no MedDRA SOC in source)","VERBATIM_0809","incidence","pct_subjects",3.48837209302326
"Placebo","PT|(uncoded - no MedDRA SOC in source)","VERBATIM_0809","incidence","n_events",3
"Zanomaline Low Dose (54 mg)","PT|(uncoded - no MedDRA SOC in source)","VERBATIM_0809","incidence","n_subjects",0
"Zanomaline Low Dose (54 mg)","PT|(uncoded - no MedDRA SOC in source)","VERBATIM_0809","incidence","pct_subjects",
"Zanomaline Low Dose (54 mg)","PT|(uncoded - no MedDRA SOC in source)","VERBATIM_0809","incidence","n_events",0
"Zanomaline High Dose (81 mg)","PT|(uncoded - no MedDRA SOC in source)","VERBATIM_0809","incidence","n_subjects",0
"Zanomaline High Dose (81 mg)","PT|(uncoded - no MedDRA SOC in source)","VERBATIM_0809","incidence","pct_subjects",
"Zanomaline High Dose (81 mg)","PT|(uncoded - no MedDRA SOC in source)","VERBATIM_0809","incidence","n_events",0
"Placebo","PT|(uncoded - no MedDRA SOC in source)","VERBATIM_0817","incidence","n_subjects",1
"Placebo","PT|(uncoded - no MedDRA SOC in source)","VERBATIM_0817","incidence","pct_subjects",1.16279069767442
"Placebo","PT|(uncoded - no MedDRA SOC in source)","VERBATIM_0817","incidence","n_events",1
"Zanomaline Low Dose (54 mg)","PT|(uncoded - no MedDRA SOC in source)","VERBATIM_0817","incidence","n_subjects",0
"Zanomaline Low Dose (54 mg)","PT|(uncoded - no MedDRA SOC in source)","VERBATIM_0817","incidence","pct_subjects",
"Zanomaline Low Dose (54 mg)","PT|(uncoded - no MedDRA SOC in source)","VERBATIM_0817","incidence","n_events",0
"Zanomaline High Dose (81 mg)","PT|(uncoded - no MedDRA SOC in source)","VERBATIM_0817","incidence","n_subjects",0
"Zanomaline High Dose (81 mg)","PT|(uncoded - no MedDRA SOC in source)","VERBATIM_0817","incidence","pct_subjects",
"Zanomaline High Dose (81 mg)","PT|(uncoded - no MedDRA SOC in source)","VERBATIM_0817","incidence","n_events",0
"Placebo","PT|(uncoded - no MedDRA SOC in source)","VERBATIM_0823","incidence","n_subjects",1
"Placebo","PT|(uncoded - no MedDRA SOC in source)","VERBATIM_0823","incidence","pct_subjects",1.16279069767442
"Placebo","PT|(uncoded - no MedDRA SOC in source)","VERBATIM_0823","incidence","n_events",1
"Zanomaline Low Dose (54 mg)","PT|(uncoded - no MedDRA SOC in source)","VERBATIM_0823","incidence","n_subjects",0
"Zanomaline Low Dose (54 mg)","PT|(uncoded - no MedDRA SOC in source)","VERBATIM_0823","incidence","pct_subjects",
"Zanomaline Low Dose (54 mg)","PT|(uncoded - no MedDRA SOC in source)","VERBATIM_0823","incidence","n_events",0
"Zanomaline High Dose (81 mg)","PT|(uncoded - no MedDRA SOC in source)","VERBATIM_0823","incidence","n_subjects",0
"Zanomaline High Dose (81 mg)","PT|(uncoded - no MedDRA SOC in source)","VERBATIM_0823","incidence","pct_subjects",
"Zanomaline High Dose (81 mg)","PT|(uncoded - no MedDRA SOC in source)","VERBATIM_0823","incidence","n_events",0
"Placebo","PT|(uncoded - no MedDRA SOC in source)","VERBATIM_0825","incidence","n_subjects",1
"Placebo","PT|(uncoded - no MedDRA SOC in source)","VERBATIM_0825","incidence","pct_subjects",1.16279069767442
"Placebo","PT|(uncoded - no MedDRA SOC in source)","VERBATIM_0825","incidence","n_events",1
"Zanomaline Low Dose (54 mg)","PT|(uncoded - no MedDRA SOC in source)","VERBATIM_0825","incidence","n_subjects",0
"Zanomaline Low Dose (54 mg)","PT|(uncoded - no MedDRA SOC in source)","VERBATIM_0825","incidence","pct_subjects",
"Zanomaline Low Dose (54 mg)","PT|(uncoded - no MedDRA SOC in source)","VERBATIM_0825","incidence","n_events",0
"Zanomaline High Dose (81 mg)","PT|(uncoded - no MedDRA SOC in source)","VERBATIM_0825","incidence","n_subjects",0
"Zanomaline High Dose (81 mg)","PT|(uncoded - no MedDRA SOC in source)","VERBATIM_0825","incidence","pct_subjects",
"Zanomaline High Dose (81 mg)","PT|(uncoded - no MedDRA SOC in source)","VERBATIM_0825","incidence","n_events",0
"Placebo","PT|(uncoded - no MedDRA SOC in source)","VERBATIM_0827","incidence","n_subjects",1
"Placebo","PT|(uncoded - no MedDRA SOC in source)","VERBATIM_0827","incidence","pct_subjects",1.16279069767442
"Placebo","PT|(uncoded - no MedDRA SOC in source)","VERBATIM_0827","incidence","n_events",1
"Zanomaline Low Dose (54 mg)","PT|(uncoded - no MedDRA SOC in source)","VERBATIM_0827","incidence","n_subjects",0
"Zanomaline Low Dose (54 mg)","PT|(uncoded - no MedDRA SOC in source)","VERBATIM_0827","incidence","pct_subjects",
"Zanomaline Low Dose (54 mg)","PT|(uncoded - no MedDRA SOC in source)","VERBATIM_0827","incidence","n_events",0
"Zanomaline High Dose (81 mg)","PT|(uncoded - no MedDRA SOC in source)","VERBATIM_0827","incidence","n_subjects",0
"Zanomaline High Dose (81 mg)","PT|(uncoded - no MedDRA SOC in source)","VERBATIM_0827","incidence","pct_subjects",
"Zanomaline High Dose (81 mg)","PT|(uncoded - no MedDRA SOC in source)","VERBATIM_0827","incidence","n_events",0
"Placebo","PT|(uncoded - no MedDRA SOC in source)","VERBATIM_0829","incidence","n_subjects",2
"Placebo","PT|(uncoded - no MedDRA SOC in source)","VERBATIM_0829","incidence","pct_subjects",2.32558139534884
"Placebo","PT|(uncoded - no MedDRA SOC in source)","VERBATIM_0829","incidence","n_events",2
"Zanomaline Low Dose (54 mg)","PT|(uncoded - no MedDRA SOC in source)","VERBATIM_0829","incidence","n_subjects",0
"Zanomaline Low Dose (54 mg)","PT|(uncoded - no MedDRA SOC in source)","VERBATIM_0829","incidence","pct_subjects",
"Zanomaline Low Dose (54 mg)","PT|(uncoded - no MedDRA SOC in source)","VERBATIM_0829","incidence","n_events",0
"Zanomaline High Dose (81 mg)","PT|(uncoded - no MedDRA SOC in source)","VERBATIM_0829","incidence","n_subjects",0
"Zanomaline High Dose (81 mg)","PT|(uncoded - no MedDRA SOC in source)","VERBATIM_0829","incidence","pct_subjects",
"Zanomaline High Dose (81 mg)","PT|(uncoded - no MedDRA SOC in source)","VERBATIM_0829","incidence","n_events",0
"Placebo","PT|(uncoded - no MedDRA SOC in source)","VERBATIM_0837","incidence","n_subjects",1
"Placebo","PT|(uncoded - no MedDRA SOC in source)","VERBATIM_0837","incidence","pct_subjects",1.16279069767442
"Placebo","PT|(uncoded - no MedDRA SOC in source)","VERBATIM_0837","incidence","n_events",1
"Zanomaline Low Dose (54 mg)","PT|(uncoded - no MedDRA SOC in source)","VERBATIM_0837","incidence","n_subjects",0
"Zanomaline Low Dose (54 mg)","PT|(uncoded - no MedDRA SOC in source)","VERBATIM_0837","incidence","pct_subjects",
"Zanomaline Low Dose (54 mg)","PT|(uncoded - no MedDRA SOC in source)","VERBATIM_0837","incidence","n_events",0
"Zanomaline High Dose (81 mg)","PT|(uncoded - no MedDRA SOC in source)","VERBATIM_0837","incidence","n_subjects",0
"Zanomaline High Dose (81 mg)","PT|(uncoded - no MedDRA SOC in source)","VERBATIM_0837","incidence","pct_subjects",
"Zanomaline High Dose (81 mg)","PT|(uncoded - no MedDRA SOC in source)","VERBATIM_0837","incidence","n_events",0
"Placebo","PT|(uncoded - no MedDRA SOC in source)","VERBATIM_0841","incidence","n_subjects",5
"Placebo","PT|(uncoded - no MedDRA SOC in source)","VERBATIM_0841","incidence","pct_subjects",5.81395348837209
"Placebo","PT|(uncoded - no MedDRA SOC in source)","VERBATIM_0841","incidence","n_events",5
"Zanomaline Low Dose (54 mg)","PT|(uncoded - no MedDRA SOC in source)","VERBATIM_0841","incidence","n_subjects",0
"Zanomaline Low Dose (54 mg)","PT|(uncoded - no MedDRA SOC in source)","VERBATIM_0841","incidence","pct_subjects",
"Zanomaline Low Dose (54 mg)","PT|(uncoded - no MedDRA SOC in source)","VERBATIM_0841","incidence","n_events",0
"Zanomaline High Dose (81 mg)","PT|(uncoded - no MedDRA SOC in source)","VERBATIM_0841","incidence","n_subjects",0
"Zanomaline High Dose (81 mg)","PT|(uncoded - no MedDRA SOC in source)","VERBATIM_0841","incidence","pct_subjects",
"Zanomaline High Dose (81 mg)","PT|(uncoded - no MedDRA SOC in source)","VERBATIM_0841","incidence","n_events",0
"Placebo","PT|(uncoded - no MedDRA SOC in source)","VERBATIM_0844","incidence","n_subjects",1
"Placebo","PT|(uncoded - no MedDRA SOC in source)","VERBATIM_0844","incidence","pct_subjects",1.16279069767442
"Placebo","PT|(uncoded - no MedDRA SOC in source)","VERBATIM_0844","incidence","n_events",1
"Zanomaline Low Dose (54 mg)","PT|(uncoded - no MedDRA SOC in source)","VERBATIM_0844","incidence","n_subjects",0
"Zanomaline Low Dose (54 mg)","PT|(uncoded - no MedDRA SOC in source)","VERBATIM_0844","incidence","pct_subjects",
"Zanomaline Low Dose (54 mg)","PT|(uncoded - no MedDRA SOC in source)","VERBATIM_0844","incidence","n_events",0
"Zanomaline High Dose (81 mg)","PT|(uncoded - no MedDRA SOC in source)","VERBATIM_0844","incidence","n_subjects",0
"Zanomaline High Dose (81 mg)","PT|(uncoded - no MedDRA SOC in source)","VERBATIM_0844","incidence","pct_subjects",
"Zanomaline High Dose (81 mg)","PT|(uncoded - no MedDRA SOC in source)","VERBATIM_0844","incidence","n_events",0
"Placebo","PT|(uncoded - no MedDRA SOC in source)","VERBATIM_0848","incidence","n_subjects",1
"Placebo","PT|(uncoded - no MedDRA SOC in source)","VERBATIM_0848","incidence","pct_subjects",1.16279069767442
"Placebo","PT|(uncoded - no MedDRA SOC in source)","VERBATIM_0848","incidence","n_events",1
"Zanomaline Low Dose (54 mg)","PT|(uncoded - no MedDRA SOC in source)","VERBATIM_0848","incidence","n_subjects",0
"Zanomaline Low Dose (54 mg)","PT|(uncoded - no MedDRA SOC in source)","VERBATIM_0848","incidence","pct_subjects",
"Zanomaline Low Dose (54 mg)","PT|(uncoded - no MedDRA SOC in source)","VERBATIM_0848","incidence","n_events",0
"Zanomaline High Dose (81 mg)","PT|(uncoded - no MedDRA SOC in source)","VERBATIM_0848","incidence","n_subjects",0
"Zanomaline High Dose (81 mg)","PT|(uncoded - no MedDRA SOC in source)","VERBATIM_0848","incidence","pct_subjects",
"Zanomaline High Dose (81 mg)","PT|(uncoded - no MedDRA SOC in source)","VERBATIM_0848","incidence","n_events",0
"Placebo","PT|(uncoded - no MedDRA SOC in source)","VERBATIM_0862","incidence","n_subjects",1
"Placebo","PT|(uncoded - no MedDRA SOC in source)","VERBATIM_0862","incidence","pct_subjects",1.16279069767442
"Placebo","PT|(uncoded - no MedDRA SOC in source)","VERBATIM_0862","incidence","n_events",1
"Zanomaline Low Dose (54 mg)","PT|(uncoded - no MedDRA SOC in source)","VERBATIM_0862","incidence","n_subjects",0
"Zanomaline Low Dose (54 mg)","PT|(uncoded - no MedDRA SOC in source)","VERBATIM_0862","incidence","pct_subjects",
"Zanomaline Low Dose (54 mg)","PT|(uncoded - no MedDRA SOC in source)","VERBATIM_0862","incidence","n_events",0
"Zanomaline High Dose (81 mg)","PT|(uncoded - no MedDRA SOC in source)","VERBATIM_0862","incidence","n_subjects",0
"Zanomaline High Dose (81 mg)","PT|(uncoded - no MedDRA SOC in source)","VERBATIM_0862","incidence","pct_subjects",
"Zanomaline High Dose (81 mg)","PT|(uncoded - no MedDRA SOC in source)","VERBATIM_0862","incidence","n_events",0
"Placebo","PT|(uncoded - no MedDRA SOC in source)","VERBATIM_0864","incidence","n_subjects",1
"Placebo","PT|(uncoded - no MedDRA SOC in source)","VERBATIM_0864","incidence","pct_subjects",1.16279069767442
"Placebo","PT|(uncoded - no MedDRA SOC in source)","VERBATIM_0864","incidence","n_events",1
"Zanomaline Low Dose (54 mg)","PT|(uncoded - no MedDRA SOC in source)","VERBATIM_0864","incidence","n_subjects",0
"Zanomaline Low Dose (54 mg)","PT|(uncoded - no MedDRA SOC in source)","VERBATIM_0864","incidence","pct_subjects",
"Zanomaline Low Dose (54 mg)","PT|(uncoded - no MedDRA SOC in source)","VERBATIM_0864","incidence","n_events",0
"Zanomaline High Dose (81 mg)","PT|(uncoded - no MedDRA SOC in source)","VERBATIM_0864","incidence","n_subjects",0
"Zanomaline High Dose (81 mg)","PT|(uncoded - no MedDRA SOC in source)","VERBATIM_0864","incidence","pct_subjects",
"Zanomaline High Dose (81 mg)","PT|(uncoded - no MedDRA SOC in source)","VERBATIM_0864","incidence","n_events",0
"Placebo","PT|(uncoded - no MedDRA SOC in source)","VERBATIM_0881","incidence","n_subjects",1
"Placebo","PT|(uncoded - no MedDRA SOC in source)","VERBATIM_0881","incidence","pct_subjects",1.16279069767442
"Placebo","PT|(uncoded - no MedDRA SOC in source)","VERBATIM_0881","incidence","n_events",1
"Zanomaline Low Dose (54 mg)","PT|(uncoded - no MedDRA SOC in source)","VERBATIM_0881","incidence","n_subjects",0
"Zanomaline Low Dose (54 mg)","PT|(uncoded - no MedDRA SOC in source)","VERBATIM_0881","incidence","pct_subjects",
"Zanomaline Low Dose (54 mg)","PT|(uncoded - no MedDRA SOC in source)","VERBATIM_0881","incidence","n_events",0
"Zanomaline High Dose (81 mg)","PT|(uncoded - no MedDRA SOC in source)","VERBATIM_0881","incidence","n_subjects",0
"Zanomaline High Dose (81 mg)","PT|(uncoded - no MedDRA SOC in source)","VERBATIM_0881","incidence","pct_subjects",
"Zanomaline High Dose (81 mg)","PT|(uncoded - no MedDRA SOC in source)","VERBATIM_0881","incidence","n_events",0
"Placebo","PT|(uncoded - no MedDRA SOC in source)","VERBATIM_0884","incidence","n_subjects",2
"Placebo","PT|(uncoded - no MedDRA SOC in source)","VERBATIM_0884","incidence","pct_subjects",2.32558139534884
"Placebo","PT|(uncoded - no MedDRA SOC in source)","VERBATIM_0884","incidence","n_events",2
"Zanomaline Low Dose (54 mg)","PT|(uncoded - no MedDRA SOC in source)","VERBATIM_0884","incidence","n_subjects",0
"Zanomaline Low Dose (54 mg)","PT|(uncoded - no MedDRA SOC in source)","VERBATIM_0884","incidence","pct_subjects",
"Zanomaline Low Dose (54 mg)","PT|(uncoded - no MedDRA SOC in source)","VERBATIM_0884","incidence","n_events",0
"Zanomaline High Dose (81 mg)","PT|(uncoded - no MedDRA SOC in source)","VERBATIM_0884","incidence","n_subjects",0
"Zanomaline High Dose (81 mg)","PT|(uncoded - no MedDRA SOC in source)","VERBATIM_0884","incidence","pct_subjects",
"Zanomaline High Dose (81 mg)","PT|(uncoded - no MedDRA SOC in source)","VERBATIM_0884","incidence","n_events",0
"Placebo","PT|(uncoded - no MedDRA SOC in source)","VERBATIM_0888","incidence","n_subjects",1
"Placebo","PT|(uncoded - no MedDRA SOC in source)","VERBATIM_0888","incidence","pct_subjects",1.16279069767442
"Placebo","PT|(uncoded - no MedDRA SOC in source)","VERBATIM_0888","incidence","n_events",1
"Zanomaline Low Dose (54 mg)","PT|(uncoded - no MedDRA SOC in source)","VERBATIM_0888","incidence","n_subjects",0
"Zanomaline Low Dose (54 mg)","PT|(uncoded - no MedDRA SOC in source)","VERBATIM_0888","incidence","pct_subjects",
"Zanomaline Low Dose (54 mg)","PT|(uncoded - no MedDRA SOC in source)","VERBATIM_0888","incidence","n_events",0
"Zanomaline High Dose (81 mg)","PT|(uncoded - no MedDRA SOC in source)","VERBATIM_0888","incidence","n_subjects",0
"Zanomaline High Dose (81 mg)","PT|(uncoded - no MedDRA SOC in source)","VERBATIM_0888","incidence","pct_subjects",
"Zanomaline High Dose (81 mg)","PT|(uncoded - no MedDRA SOC in source)","VERBATIM_0888","incidence","n_events",0
"Placebo","PT|(uncoded - no MedDRA SOC in source)","VERBATIM_0891","incidence","n_subjects",1
"Placebo","PT|(uncoded - no MedDRA SOC in source)","VERBATIM_0891","incidence","pct_subjects",1.16279069767442
"Placebo","PT|(uncoded - no MedDRA SOC in source)","VERBATIM_0891","incidence","n_events",1
"Zanomaline Low Dose (54 mg)","PT|(uncoded - no MedDRA SOC in source)","VERBATIM_0891","incidence","n_subjects",0
"Zanomaline Low Dose (54 mg)","PT|(uncoded - no MedDRA SOC in source)","VERBATIM_0891","incidence","pct_subjects",
"Zanomaline Low Dose (54 mg)","PT|(uncoded - no MedDRA SOC in source)","VERBATIM_0891","incidence","n_events",0
"Zanomaline High Dose (81 mg)","PT|(uncoded - no MedDRA SOC in source)","VERBATIM_0891","incidence","n_subjects",0
"Zanomaline High Dose (81 mg)","PT|(uncoded - no MedDRA SOC in source)","VERBATIM_0891","incidence","pct_subjects",
"Zanomaline High Dose (81 mg)","PT|(uncoded - no MedDRA SOC in source)","VERBATIM_0891","incidence","n_events",0
"Placebo","PT|(uncoded - no MedDRA SOC in source)","VERBATIM_0910","incidence","n_subjects",1
"Placebo","PT|(uncoded - no MedDRA SOC in source)","VERBATIM_0910","incidence","pct_subjects",1.16279069767442
"Placebo","PT|(uncoded - no MedDRA SOC in source)","VERBATIM_0910","incidence","n_events",1
"Zanomaline Low Dose (54 mg)","PT|(uncoded - no MedDRA SOC in source)","VERBATIM_0910","incidence","n_subjects",0
"Zanomaline Low Dose (54 mg)","PT|(uncoded - no MedDRA SOC in source)","VERBATIM_0910","incidence","pct_subjects",
"Zanomaline Low Dose (54 mg)","PT|(uncoded - no MedDRA SOC in source)","VERBATIM_0910","incidence","n_events",0
"Zanomaline High Dose (81 mg)","PT|(uncoded - no MedDRA SOC in source)","VERBATIM_0910","incidence","n_subjects",0
"Zanomaline High Dose (81 mg)","PT|(uncoded - no MedDRA SOC in source)","VERBATIM_0910","incidence","pct_subjects",
"Zanomaline High Dose (81 mg)","PT|(uncoded - no MedDRA SOC in source)","VERBATIM_0910","incidence","n_events",0
"Placebo","PT|(uncoded - no MedDRA SOC in source)","VERBATIM_0914","incidence","n_subjects",1
"Placebo","PT|(uncoded - no MedDRA SOC in source)","VERBATIM_0914","incidence","pct_subjects",1.16279069767442
"Placebo","PT|(uncoded - no MedDRA SOC in source)","VERBATIM_0914","incidence","n_events",1
"Zanomaline Low Dose (54 mg)","PT|(uncoded - no MedDRA SOC in source)","VERBATIM_0914","incidence","n_subjects",0
"Zanomaline Low Dose (54 mg)","PT|(uncoded - no MedDRA SOC in source)","VERBATIM_0914","incidence","pct_subjects",
"Zanomaline Low Dose (54 mg)","PT|(uncoded - no MedDRA SOC in source)","VERBATIM_0914","incidence","n_events",0
"Zanomaline High Dose (81 mg)","PT|(uncoded - no MedDRA SOC in source)","VERBATIM_0914","incidence","n_subjects",0
"Zanomaline High Dose (81 mg)","PT|(uncoded - no MedDRA SOC in source)","VERBATIM_0914","incidence","pct_subjects",
"Zanomaline High Dose (81 mg)","PT|(uncoded - no MedDRA SOC in source)","VERBATIM_0914","incidence","n_events",0
"Placebo","PT|(uncoded - no MedDRA SOC in source)","VERBATIM_0918","incidence","n_subjects",1
"Placebo","PT|(uncoded - no MedDRA SOC in source)","VERBATIM_0918","incidence","pct_subjects",1.16279069767442
"Placebo","PT|(uncoded - no MedDRA SOC in source)","VERBATIM_0918","incidence","n_events",1
"Zanomaline Low Dose (54 mg)","PT|(uncoded - no MedDRA SOC in source)","VERBATIM_0918","incidence","n_subjects",0
"Zanomaline Low Dose (54 mg)","PT|(uncoded - no MedDRA SOC in source)","VERBATIM_0918","incidence","pct_subjects",
"Zanomaline Low Dose (54 mg)","PT|(uncoded - no MedDRA SOC in source)","VERBATIM_0918","incidence","n_events",0
"Zanomaline High Dose (81 mg)","PT|(uncoded - no MedDRA SOC in source)","VERBATIM_0918","incidence","n_subjects",0
"Zanomaline High Dose (81 mg)","PT|(uncoded - no MedDRA SOC in source)","VERBATIM_0918","incidence","pct_subjects",
"Zanomaline High Dose (81 mg)","PT|(uncoded - no MedDRA SOC in source)","VERBATIM_0918","incidence","n_events",0
"Placebo","PT|(uncoded - no MedDRA SOC in source)","VERBATIM_0919","incidence","n_subjects",7
"Placebo","PT|(uncoded - no MedDRA SOC in source)","VERBATIM_0919","incidence","pct_subjects",8.13953488372093
"Placebo","PT|(uncoded - no MedDRA SOC in source)","VERBATIM_0919","incidence","n_events",8
"Zanomaline Low Dose (54 mg)","PT|(uncoded - no MedDRA SOC in source)","VERBATIM_0919","incidence","n_subjects",0
"Zanomaline Low Dose (54 mg)","PT|(uncoded - no MedDRA SOC in source)","VERBATIM_0919","incidence","pct_subjects",
"Zanomaline Low Dose (54 mg)","PT|(uncoded - no MedDRA SOC in source)","VERBATIM_0919","incidence","n_events",0
"Zanomaline High Dose (81 mg)","PT|(uncoded - no MedDRA SOC in source)","VERBATIM_0919","incidence","n_subjects",0
"Zanomaline High Dose (81 mg)","PT|(uncoded - no MedDRA SOC in source)","VERBATIM_0919","incidence","pct_subjects",
"Zanomaline High Dose (81 mg)","PT|(uncoded - no MedDRA SOC in source)","VERBATIM_0919","incidence","n_events",0
"Placebo","PT|(uncoded - no MedDRA SOC in source)","VERBATIM_0925","incidence","n_subjects",1
"Placebo","PT|(uncoded - no MedDRA SOC in source)","VERBATIM_0925","incidence","pct_subjects",1.16279069767442
"Placebo","PT|(uncoded - no MedDRA SOC in source)","VERBATIM_0925","incidence","n_events",1
"Zanomaline Low Dose (54 mg)","PT|(uncoded - no MedDRA SOC in source)","VERBATIM_0925","incidence","n_subjects",0
"Zanomaline Low Dose (54 mg)","PT|(uncoded - no MedDRA SOC in source)","VERBATIM_0925","incidence","pct_subjects",
"Zanomaline Low Dose (54 mg)","PT|(uncoded - no MedDRA SOC in source)","VERBATIM_0925","incidence","n_events",0
"Zanomaline High Dose (81 mg)","PT|(uncoded - no MedDRA SOC in source)","VERBATIM_0925","incidence","n_subjects",0
"Zanomaline High Dose (81 mg)","PT|(uncoded - no MedDRA SOC in source)","VERBATIM_0925","incidence","pct_subjects",
"Zanomaline High Dose (81 mg)","PT|(uncoded - no MedDRA SOC in source)","VERBATIM_0925","incidence","n_events",0
"Placebo","PT|(uncoded - no MedDRA SOC in source)","VERBATIM_0929","incidence","n_subjects",3
"Placebo","PT|(uncoded - no MedDRA SOC in source)","VERBATIM_0929","incidence","pct_subjects",3.48837209302326
"Placebo","PT|(uncoded - no MedDRA SOC in source)","VERBATIM_0929","incidence","n_events",3
"Zanomaline Low Dose (54 mg)","PT|(uncoded - no MedDRA SOC in source)","VERBATIM_0929","incidence","n_subjects",0
"Zanomaline Low Dose (54 mg)","PT|(uncoded - no MedDRA SOC in source)","VERBATIM_0929","incidence","pct_subjects",
"Zanomaline Low Dose (54 mg)","PT|(uncoded - no MedDRA SOC in source)","VERBATIM_0929","incidence","n_events",0
"Zanomaline High Dose (81 mg)","PT|(uncoded - no MedDRA SOC in source)","VERBATIM_0929","incidence","n_subjects",0
"Zanomaline High Dose (81 mg)","PT|(uncoded - no MedDRA SOC in source)","VERBATIM_0929","incidence","pct_subjects",
"Zanomaline High Dose (81 mg)","PT|(uncoded - no MedDRA SOC in source)","VERBATIM_0929","incidence","n_events",0
"Placebo","PT|(uncoded - no MedDRA SOC in source)","VERBATIM_0936","incidence","n_subjects",7
"Placebo","PT|(uncoded - no MedDRA SOC in source)","VERBATIM_0936","incidence","pct_subjects",8.13953488372093
"Placebo","PT|(uncoded - no MedDRA SOC in source)","VERBATIM_0936","incidence","n_events",7
"Zanomaline Low Dose (54 mg)","PT|(uncoded - no MedDRA SOC in source)","VERBATIM_0936","incidence","n_subjects",0
"Zanomaline Low Dose (54 mg)","PT|(uncoded - no MedDRA SOC in source)","VERBATIM_0936","incidence","pct_subjects",
"Zanomaline Low Dose (54 mg)","PT|(uncoded - no MedDRA SOC in source)","VERBATIM_0936","incidence","n_events",0
"Zanomaline High Dose (81 mg)","PT|(uncoded - no MedDRA SOC in source)","VERBATIM_0936","incidence","n_subjects",0
"Zanomaline High Dose (81 mg)","PT|(uncoded - no MedDRA SOC in source)","VERBATIM_0936","incidence","pct_subjects",
"Zanomaline High Dose (81 mg)","PT|(uncoded - no MedDRA SOC in source)","VERBATIM_0936","incidence","n_events",0
"Placebo","PT|(uncoded - no MedDRA SOC in source)","VERBATIM_0939","incidence","n_subjects",1
"Placebo","PT|(uncoded - no MedDRA SOC in source)","VERBATIM_0939","incidence","pct_subjects",1.16279069767442
"Placebo","PT|(uncoded - no MedDRA SOC in source)","VERBATIM_0939","incidence","n_events",1
"Zanomaline Low Dose (54 mg)","PT|(uncoded - no MedDRA SOC in source)","VERBATIM_0939","incidence","n_subjects",0
"Zanomaline Low Dose (54 mg)","PT|(uncoded - no MedDRA SOC in source)","VERBATIM_0939","incidence","pct_subjects",
"Zanomaline Low Dose (54 mg)","PT|(uncoded - no MedDRA SOC in source)","VERBATIM_0939","incidence","n_events",0
"Zanomaline High Dose (81 mg)","PT|(uncoded - no MedDRA SOC in source)","VERBATIM_0939","incidence","n_subjects",0
"Zanomaline High Dose (81 mg)","PT|(uncoded - no MedDRA SOC in source)","VERBATIM_0939","incidence","pct_subjects",
"Zanomaline High Dose (81 mg)","PT|(uncoded - no MedDRA SOC in source)","VERBATIM_0939","incidence","n_events",0
"Placebo","PT|(uncoded - no MedDRA SOC in source)","VERBATIM_0946","incidence","n_subjects",1
"Placebo","PT|(uncoded - no MedDRA SOC in source)","VERBATIM_0946","incidence","pct_subjects",1.16279069767442
"Placebo","PT|(uncoded - no MedDRA SOC in source)","VERBATIM_0946","incidence","n_events",1
"Zanomaline Low Dose (54 mg)","PT|(uncoded - no MedDRA SOC in source)","VERBATIM_0946","incidence","n_subjects",0
"Zanomaline Low Dose (54 mg)","PT|(uncoded - no MedDRA SOC in source)","VERBATIM_0946","incidence","pct_subjects",
"Zanomaline Low Dose (54 mg)","PT|(uncoded - no MedDRA SOC in source)","VERBATIM_0946","incidence","n_events",0
"Zanomaline High Dose (81 mg)","PT|(uncoded - no MedDRA SOC in source)","VERBATIM_0946","incidence","n_subjects",0
"Zanomaline High Dose (81 mg)","PT|(uncoded - no MedDRA SOC in source)","VERBATIM_0946","incidence","pct_subjects",
"Zanomaline High Dose (81 mg)","PT|(uncoded - no MedDRA SOC in source)","VERBATIM_0946","incidence","n_events",0
"Placebo","PT|(uncoded - no MedDRA SOC in source)","VERBATIM_0947","incidence","n_subjects",1
"Placebo","PT|(uncoded - no MedDRA SOC in source)","VERBATIM_0947","incidence","pct_subjects",1.16279069767442
"Placebo","PT|(uncoded - no MedDRA SOC in source)","VERBATIM_0947","incidence","n_events",1
"Zanomaline Low Dose (54 mg)","PT|(uncoded - no MedDRA SOC in source)","VERBATIM_0947","incidence","n_subjects",0
"Zanomaline Low Dose (54 mg)","PT|(uncoded - no MedDRA SOC in source)","VERBATIM_0947","incidence","pct_subjects",
"Zanomaline Low Dose (54 mg)","PT|(uncoded - no MedDRA SOC in source)","VERBATIM_0947","incidence","n_events",0
"Zanomaline High Dose (81 mg)","PT|(uncoded - no MedDRA SOC in source)","VERBATIM_0947","incidence","n_subjects",0
"Zanomaline High Dose (81 mg)","PT|(uncoded - no MedDRA SOC in source)","VERBATIM_0947","incidence","pct_subjects",
"Zanomaline High Dose (81 mg)","PT|(uncoded - no MedDRA SOC in source)","VERBATIM_0947","incidence","n_events",0
"Placebo","PT|(uncoded - no MedDRA SOC in source)","VERBATIM_0951","incidence","n_subjects",3
"Placebo","PT|(uncoded - no MedDRA SOC in source)","VERBATIM_0951","incidence","pct_subjects",3.48837209302326
"Placebo","PT|(uncoded - no MedDRA SOC in source)","VERBATIM_0951","incidence","n_events",3
"Zanomaline Low Dose (54 mg)","PT|(uncoded - no MedDRA SOC in source)","VERBATIM_0951","incidence","n_subjects",0
"Zanomaline Low Dose (54 mg)","PT|(uncoded - no MedDRA SOC in source)","VERBATIM_0951","incidence","pct_subjects",
"Zanomaline Low Dose (54 mg)","PT|(uncoded - no MedDRA SOC in source)","VERBATIM_0951","incidence","n_events",0
"Zanomaline High Dose (81 mg)","PT|(uncoded - no MedDRA SOC in source)","VERBATIM_0951","incidence","n_subjects",0
"Zanomaline High Dose (81 mg)","PT|(uncoded - no MedDRA SOC in source)","VERBATIM_0951","incidence","pct_subjects",
"Zanomaline High Dose (81 mg)","PT|(uncoded - no MedDRA SOC in source)","VERBATIM_0951","incidence","n_events",0
"Placebo","PT|(uncoded - no MedDRA SOC in source)","VERBATIM_0958","incidence","n_subjects",1
"Placebo","PT|(uncoded - no MedDRA SOC in source)","VERBATIM_0958","incidence","pct_subjects",1.16279069767442
"Placebo","PT|(uncoded - no MedDRA SOC in source)","VERBATIM_0958","incidence","n_events",1
"Zanomaline Low Dose (54 mg)","PT|(uncoded - no MedDRA SOC in source)","VERBATIM_0958","incidence","n_subjects",0
"Zanomaline Low Dose (54 mg)","PT|(uncoded - no MedDRA SOC in source)","VERBATIM_0958","incidence","pct_subjects",
"Zanomaline Low Dose (54 mg)","PT|(uncoded - no MedDRA SOC in source)","VERBATIM_0958","incidence","n_events",0
"Zanomaline High Dose (81 mg)","PT|(uncoded - no MedDRA SOC in source)","VERBATIM_0958","incidence","n_subjects",0
"Zanomaline High Dose (81 mg)","PT|(uncoded - no MedDRA SOC in source)","VERBATIM_0958","incidence","pct_subjects",
"Zanomaline High Dose (81 mg)","PT|(uncoded - no MedDRA SOC in source)","VERBATIM_0958","incidence","n_events",0
"Placebo","PT|(uncoded - no MedDRA SOC in source)","VERBATIM_0959","incidence","n_subjects",1
"Placebo","PT|(uncoded - no MedDRA SOC in source)","VERBATIM_0959","incidence","pct_subjects",1.16279069767442
"Placebo","PT|(uncoded - no MedDRA SOC in source)","VERBATIM_0959","incidence","n_events",1
"Zanomaline Low Dose (54 mg)","PT|(uncoded - no MedDRA SOC in source)","VERBATIM_0959","incidence","n_subjects",0
"Zanomaline Low Dose (54 mg)","PT|(uncoded - no MedDRA SOC in source)","VERBATIM_0959","incidence","pct_subjects",
"Zanomaline Low Dose (54 mg)","PT|(uncoded - no MedDRA SOC in source)","VERBATIM_0959","incidence","n_events",0
"Zanomaline High Dose (81 mg)","PT|(uncoded - no MedDRA SOC in source)","VERBATIM_0959","incidence","n_subjects",0
"Zanomaline High Dose (81 mg)","PT|(uncoded - no MedDRA SOC in source)","VERBATIM_0959","incidence","pct_subjects",
"Zanomaline High Dose (81 mg)","PT|(uncoded - no MedDRA SOC in source)","VERBATIM_0959","incidence","n_events",0
"Placebo","PT|(uncoded - no MedDRA SOC in source)","VERBATIM_0975","incidence","n_subjects",1
"Placebo","PT|(uncoded - no MedDRA SOC in source)","VERBATIM_0975","incidence","pct_subjects",1.16279069767442
"Placebo","PT|(uncoded - no MedDRA SOC in source)","VERBATIM_0975","incidence","n_events",1
"Zanomaline Low Dose (54 mg)","PT|(uncoded - no MedDRA SOC in source)","VERBATIM_0975","incidence","n_subjects",0
"Zanomaline Low Dose (54 mg)","PT|(uncoded - no MedDRA SOC in source)","VERBATIM_0975","incidence","pct_subjects",
"Zanomaline Low Dose (54 mg)","PT|(uncoded - no MedDRA SOC in source)","VERBATIM_0975","incidence","n_events",0
"Zanomaline High Dose (81 mg)","PT|(uncoded - no MedDRA SOC in source)","VERBATIM_0975","incidence","n_subjects",0
"Zanomaline High Dose (81 mg)","PT|(uncoded - no MedDRA SOC in source)","VERBATIM_0975","incidence","pct_subjects",
"Zanomaline High Dose (81 mg)","PT|(uncoded - no MedDRA SOC in source)","VERBATIM_0975","incidence","n_events",0
"Placebo","PT|(uncoded - no MedDRA SOC in source)","VERBATIM_0977","incidence","n_subjects",1
"Placebo","PT|(uncoded - no MedDRA SOC in source)","VERBATIM_0977","incidence","pct_subjects",1.16279069767442
"Placebo","PT|(uncoded - no MedDRA SOC in source)","VERBATIM_0977","incidence","n_events",1
"Zanomaline Low Dose (54 mg)","PT|(uncoded - no MedDRA SOC in source)","VERBATIM_0977","incidence","n_subjects",0
"Zanomaline Low Dose (54 mg)","PT|(uncoded - no MedDRA SOC in source)","VERBATIM_0977","incidence","pct_subjects",
"Zanomaline Low Dose (54 mg)","PT|(uncoded - no MedDRA SOC in source)","VERBATIM_0977","incidence","n_events",0
"Zanomaline High Dose (81 mg)","PT|(uncoded - no MedDRA SOC in source)","VERBATIM_0977","incidence","n_subjects",0
"Zanomaline High Dose (81 mg)","PT|(uncoded - no MedDRA SOC in source)","VERBATIM_0977","incidence","pct_subjects",
"Zanomaline High Dose (81 mg)","PT|(uncoded - no MedDRA SOC in source)","VERBATIM_0977","incidence","n_events",0
"Placebo","PT|(uncoded - no MedDRA SOC in source)","VERBATIM_0982","incidence","n_subjects",1
"Placebo","PT|(uncoded - no MedDRA SOC in source)","VERBATIM_0982","incidence","pct_subjects",1.16279069767442
"Placebo","PT|(uncoded - no MedDRA SOC in source)","VERBATIM_0982","incidence","n_events",1
"Zanomaline Low Dose (54 mg)","PT|(uncoded - no MedDRA SOC in source)","VERBATIM_0982","incidence","n_subjects",0
"Zanomaline Low Dose (54 mg)","PT|(uncoded - no MedDRA SOC in source)","VERBATIM_0982","incidence","pct_subjects",
"Zanomaline Low Dose (54 mg)","PT|(uncoded - no MedDRA SOC in source)","VERBATIM_0982","incidence","n_events",0
"Zanomaline High Dose (81 mg)","PT|(uncoded - no MedDRA SOC in source)","VERBATIM_0982","incidence","n_subjects",0
"Zanomaline High Dose (81 mg)","PT|(uncoded - no MedDRA SOC in source)","VERBATIM_0982","incidence","pct_subjects",
"Zanomaline High Dose (81 mg)","PT|(uncoded - no MedDRA SOC in source)","VERBATIM_0982","incidence","n_events",0
"Placebo","PT|(uncoded - no MedDRA SOC in source)","VERBATIM_0987","incidence","n_subjects",1
"Placebo","PT|(uncoded - no MedDRA SOC in source)","VERBATIM_0987","incidence","pct_subjects",1.16279069767442
"Placebo","PT|(uncoded - no MedDRA SOC in source)","VERBATIM_0987","incidence","n_events",1
"Zanomaline Low Dose (54 mg)","PT|(uncoded - no MedDRA SOC in source)","VERBATIM_0987","incidence","n_subjects",0
"Zanomaline Low Dose (54 mg)","PT|(uncoded - no MedDRA SOC in source)","VERBATIM_0987","incidence","pct_subjects",
"Zanomaline Low Dose (54 mg)","PT|(uncoded - no MedDRA SOC in source)","VERBATIM_0987","incidence","n_events",0
"Zanomaline High Dose (81 mg)","PT|(uncoded - no MedDRA SOC in source)","VERBATIM_0987","incidence","n_subjects",0
"Zanomaline High Dose (81 mg)","PT|(uncoded - no MedDRA SOC in source)","VERBATIM_0987","incidence","pct_subjects",
"Zanomaline High Dose (81 mg)","PT|(uncoded - no MedDRA SOC in source)","VERBATIM_0987","incidence","n_events",0
"Placebo","PT|(uncoded - no MedDRA SOC in source)","VERBATIM_0992","incidence","n_subjects",2
"Placebo","PT|(uncoded - no MedDRA SOC in source)","VERBATIM_0992","incidence","pct_subjects",2.32558139534884
"Placebo","PT|(uncoded - no MedDRA SOC in source)","VERBATIM_0992","incidence","n_events",2
"Zanomaline Low Dose (54 mg)","PT|(uncoded - no MedDRA SOC in source)","VERBATIM_0992","incidence","n_subjects",0
"Zanomaline Low Dose (54 mg)","PT|(uncoded - no MedDRA SOC in source)","VERBATIM_0992","incidence","pct_subjects",
"Zanomaline Low Dose (54 mg)","PT|(uncoded - no MedDRA SOC in source)","VERBATIM_0992","incidence","n_events",0
"Zanomaline High Dose (81 mg)","PT|(uncoded - no MedDRA SOC in source)","VERBATIM_0992","incidence","n_subjects",0
"Zanomaline High Dose (81 mg)","PT|(uncoded - no MedDRA SOC in source)","VERBATIM_0992","incidence","pct_subjects",
"Zanomaline High Dose (81 mg)","PT|(uncoded - no MedDRA SOC in source)","VERBATIM_0992","incidence","n_events",0
"Placebo","PT|(uncoded - no MedDRA SOC in source)","VERBATIM_0993","incidence","n_subjects",1
"Placebo","PT|(uncoded - no MedDRA SOC in source)","VERBATIM_0993","incidence","pct_subjects",1.16279069767442
"Placebo","PT|(uncoded - no MedDRA SOC in source)","VERBATIM_0993","incidence","n_events",1
"Zanomaline Low Dose (54 mg)","PT|(uncoded - no MedDRA SOC in source)","VERBATIM_0993","incidence","n_subjects",0
"Zanomaline Low Dose (54 mg)","PT|(uncoded - no MedDRA SOC in source)","VERBATIM_0993","incidence","pct_subjects",
"Zanomaline Low Dose (54 mg)","PT|(uncoded - no MedDRA SOC in source)","VERBATIM_0993","incidence","n_events",0
"Zanomaline High Dose (81 mg)","PT|(uncoded - no MedDRA SOC in source)","VERBATIM_0993","incidence","n_subjects",0
"Zanomaline High Dose (81 mg)","PT|(uncoded - no MedDRA SOC in source)","VERBATIM_0993","incidence","pct_subjects",
"Zanomaline High Dose (81 mg)","PT|(uncoded - no MedDRA SOC in source)","VERBATIM_0993","incidence","n_events",0
"Placebo","PT|(uncoded - no MedDRA SOC in source)","VERBATIM_0999","incidence","n_subjects",1
"Placebo","PT|(uncoded - no MedDRA SOC in source)","VERBATIM_0999","incidence","pct_subjects",1.16279069767442
"Placebo","PT|(uncoded - no MedDRA SOC in source)","VERBATIM_0999","incidence","n_events",1
"Zanomaline Low Dose (54 mg)","PT|(uncoded - no MedDRA SOC in source)","VERBATIM_0999","incidence","n_subjects",0
"Zanomaline Low Dose (54 mg)","PT|(uncoded - no MedDRA SOC in source)","VERBATIM_0999","incidence","pct_subjects",
"Zanomaline Low Dose (54 mg)","PT|(uncoded - no MedDRA SOC in source)","VERBATIM_0999","incidence","n_events",0
"Zanomaline High Dose (81 mg)","PT|(uncoded - no MedDRA SOC in source)","VERBATIM_0999","incidence","n_subjects",0
"Zanomaline High Dose (81 mg)","PT|(uncoded - no MedDRA SOC in source)","VERBATIM_0999","incidence","pct_subjects",
"Zanomaline High Dose (81 mg)","PT|(uncoded - no MedDRA SOC in source)","VERBATIM_0999","incidence","n_events",0
"Placebo","PT|(uncoded - no MedDRA SOC in source)","VERBATIM_1002","incidence","n_subjects",1
"Placebo","PT|(uncoded - no MedDRA SOC in source)","VERBATIM_1002","incidence","pct_subjects",1.16279069767442
"Placebo","PT|(uncoded - no MedDRA SOC in source)","VERBATIM_1002","incidence","n_events",1
"Zanomaline Low Dose (54 mg)","PT|(uncoded - no MedDRA SOC in source)","VERBATIM_1002","incidence","n_subjects",0
"Zanomaline Low Dose (54 mg)","PT|(uncoded - no MedDRA SOC in source)","VERBATIM_1002","incidence","pct_subjects",
"Zanomaline Low Dose (54 mg)","PT|(uncoded - no MedDRA SOC in source)","VERBATIM_1002","incidence","n_events",0
"Zanomaline High Dose (81 mg)","PT|(uncoded - no MedDRA SOC in source)","VERBATIM_1002","incidence","n_subjects",0
"Zanomaline High Dose (81 mg)","PT|(uncoded - no MedDRA SOC in source)","VERBATIM_1002","incidence","pct_subjects",
"Zanomaline High Dose (81 mg)","PT|(uncoded - no MedDRA SOC in source)","VERBATIM_1002","incidence","n_events",0
"Placebo","PT|(uncoded - no MedDRA SOC in source)","VERBATIM_1004","incidence","n_subjects",1
"Placebo","PT|(uncoded - no MedDRA SOC in source)","VERBATIM_1004","incidence","pct_subjects",1.16279069767442
"Placebo","PT|(uncoded - no MedDRA SOC in source)","VERBATIM_1004","incidence","n_events",1
"Zanomaline Low Dose (54 mg)","PT|(uncoded - no MedDRA SOC in source)","VERBATIM_1004","incidence","n_subjects",0
"Zanomaline Low Dose (54 mg)","PT|(uncoded - no MedDRA SOC in source)","VERBATIM_1004","incidence","pct_subjects",
"Zanomaline Low Dose (54 mg)","PT|(uncoded - no MedDRA SOC in source)","VERBATIM_1004","incidence","n_events",0
"Zanomaline High Dose (81 mg)","PT|(uncoded - no MedDRA SOC in source)","VERBATIM_1004","incidence","n_subjects",0
"Zanomaline High Dose (81 mg)","PT|(uncoded - no MedDRA SOC in source)","VERBATIM_1004","incidence","pct_subjects",
"Zanomaline High Dose (81 mg)","PT|(uncoded - no MedDRA SOC in source)","VERBATIM_1004","incidence","n_events",0
"Placebo","PT|(uncoded - no MedDRA SOC in source)","VERBATIM_1007","incidence","n_subjects",1
"Placebo","PT|(uncoded - no MedDRA SOC in source)","VERBATIM_1007","incidence","pct_subjects",1.16279069767442
"Placebo","PT|(uncoded - no MedDRA SOC in source)","VERBATIM_1007","incidence","n_events",1
"Zanomaline Low Dose (54 mg)","PT|(uncoded - no MedDRA SOC in source)","VERBATIM_1007","incidence","n_subjects",0
"Zanomaline Low Dose (54 mg)","PT|(uncoded - no MedDRA SOC in source)","VERBATIM_1007","incidence","pct_subjects",
"Zanomaline Low Dose (54 mg)","PT|(uncoded - no MedDRA SOC in source)","VERBATIM_1007","incidence","n_events",0
"Zanomaline High Dose (81 mg)","PT|(uncoded - no MedDRA SOC in source)","VERBATIM_1007","incidence","n_subjects",0
"Zanomaline High Dose (81 mg)","PT|(uncoded - no MedDRA SOC in source)","VERBATIM_1007","incidence","pct_subjects",
"Zanomaline High Dose (81 mg)","PT|(uncoded - no MedDRA SOC in source)","VERBATIM_1007","incidence","n_events",0
"Placebo","PT|(uncoded - no MedDRA SOC in source)","VERBATIM_1009","incidence","n_subjects",3
"Placebo","PT|(uncoded - no MedDRA SOC in source)","VERBATIM_1009","incidence","pct_subjects",3.48837209302326
"Placebo","PT|(uncoded - no MedDRA SOC in source)","VERBATIM_1009","incidence","n_events",3
"Zanomaline Low Dose (54 mg)","PT|(uncoded - no MedDRA SOC in source)","VERBATIM_1009","incidence","n_subjects",0
"Zanomaline Low Dose (54 mg)","PT|(uncoded - no MedDRA SOC in source)","VERBATIM_1009","incidence","pct_subjects",
"Zanomaline Low Dose (54 mg)","PT|(uncoded - no MedDRA SOC in source)","VERBATIM_1009","incidence","n_events",0
"Zanomaline High Dose (81 mg)","PT|(uncoded - no MedDRA SOC in source)","VERBATIM_1009","incidence","n_subjects",0
"Zanomaline High Dose (81 mg)","PT|(uncoded - no MedDRA SOC in source)","VERBATIM_1009","incidence","pct_subjects",
"Zanomaline High Dose (81 mg)","PT|(uncoded - no MedDRA SOC in source)","VERBATIM_1009","incidence","n_events",0
"Placebo","PT|(uncoded - no MedDRA SOC in source)","VERBATIM_1014","incidence","n_subjects",3
"Placebo","PT|(uncoded - no MedDRA SOC in source)","VERBATIM_1014","incidence","pct_subjects",3.48837209302326
"Placebo","PT|(uncoded - no MedDRA SOC in source)","VERBATIM_1014","incidence","n_events",4
"Zanomaline Low Dose (54 mg)","PT|(uncoded - no MedDRA SOC in source)","VERBATIM_1014","incidence","n_subjects",0
"Zanomaline Low Dose (54 mg)","PT|(uncoded - no MedDRA SOC in source)","VERBATIM_1014","incidence","pct_subjects",
"Zanomaline Low Dose (54 mg)","PT|(uncoded - no MedDRA SOC in source)","VERBATIM_1014","incidence","n_events",0
"Zanomaline High Dose (81 mg)","PT|(uncoded - no MedDRA SOC in source)","VERBATIM_1014","incidence","n_subjects",0
"Zanomaline High Dose (81 mg)","PT|(uncoded - no MedDRA SOC in source)","VERBATIM_1014","incidence","pct_subjects",
"Zanomaline High Dose (81 mg)","PT|(uncoded - no MedDRA SOC in source)","VERBATIM_1014","incidence","n_events",0
"Placebo","PT|(uncoded - no MedDRA SOC in source)","VERBATIM_1022","incidence","n_subjects",1
"Placebo","PT|(uncoded - no MedDRA SOC in source)","VERBATIM_1022","incidence","pct_subjects",1.16279069767442
"Placebo","PT|(uncoded - no MedDRA SOC in source)","VERBATIM_1022","incidence","n_events",1
"Zanomaline Low Dose (54 mg)","PT|(uncoded - no MedDRA SOC in source)","VERBATIM_1022","incidence","n_subjects",0
"Zanomaline Low Dose (54 mg)","PT|(uncoded - no MedDRA SOC in source)","VERBATIM_1022","incidence","pct_subjects",
"Zanomaline Low Dose (54 mg)","PT|(uncoded - no MedDRA SOC in source)","VERBATIM_1022","incidence","n_events",0
"Zanomaline High Dose (81 mg)","PT|(uncoded - no MedDRA SOC in source)","VERBATIM_1022","incidence","n_subjects",0
"Zanomaline High Dose (81 mg)","PT|(uncoded - no MedDRA SOC in source)","VERBATIM_1022","incidence","pct_subjects",
"Zanomaline High Dose (81 mg)","PT|(uncoded - no MedDRA SOC in source)","VERBATIM_1022","incidence","n_events",0
"Placebo","PT|(uncoded - no MedDRA SOC in source)","VERBATIM_1023","incidence","n_subjects",1
"Placebo","PT|(uncoded - no MedDRA SOC in source)","VERBATIM_1023","incidence","pct_subjects",1.16279069767442
"Placebo","PT|(uncoded - no MedDRA SOC in source)","VERBATIM_1023","incidence","n_events",1
"Zanomaline Low Dose (54 mg)","PT|(uncoded - no MedDRA SOC in source)","VERBATIM_1023","incidence","n_subjects",0
"Zanomaline Low Dose (54 mg)","PT|(uncoded - no MedDRA SOC in source)","VERBATIM_1023","incidence","pct_subjects",
"Zanomaline Low Dose (54 mg)","PT|(uncoded - no MedDRA SOC in source)","VERBATIM_1023","incidence","n_events",0
"Zanomaline High Dose (81 mg)","PT|(uncoded - no MedDRA SOC in source)","VERBATIM_1023","incidence","n_subjects",0
"Zanomaline High Dose (81 mg)","PT|(uncoded - no MedDRA SOC in source)","VERBATIM_1023","incidence","pct_subjects",
"Zanomaline High Dose (81 mg)","PT|(uncoded - no MedDRA SOC in source)","VERBATIM_1023","incidence","n_events",0
"Placebo","PT|(uncoded - no MedDRA SOC in source)","VERBATIM_1028","incidence","n_subjects",1
"Placebo","PT|(uncoded - no MedDRA SOC in source)","VERBATIM_1028","incidence","pct_subjects",1.16279069767442
"Placebo","PT|(uncoded - no MedDRA SOC in source)","VERBATIM_1028","incidence","n_events",1
"Zanomaline Low Dose (54 mg)","PT|(uncoded - no MedDRA SOC in source)","VERBATIM_1028","incidence","n_subjects",0
"Zanomaline Low Dose (54 mg)","PT|(uncoded - no MedDRA SOC in source)","VERBATIM_1028","incidence","pct_subjects",
"Zanomaline Low Dose (54 mg)","PT|(uncoded - no MedDRA SOC in source)","VERBATIM_1028","incidence","n_events",0
"Zanomaline High Dose (81 mg)","PT|(uncoded - no MedDRA SOC in source)","VERBATIM_1028","incidence","n_subjects",0
"Zanomaline High Dose (81 mg)","PT|(uncoded - no MedDRA SOC in source)","VERBATIM_1028","incidence","pct_subjects",
"Zanomaline High Dose (81 mg)","PT|(uncoded - no MedDRA SOC in source)","VERBATIM_1028","incidence","n_events",0
"Placebo","PT|(uncoded - no MedDRA SOC in source)","VERBATIM_1029","incidence","n_subjects",1
"Placebo","PT|(uncoded - no MedDRA SOC in source)","VERBATIM_1029","incidence","pct_subjects",1.16279069767442
"Placebo","PT|(uncoded - no MedDRA SOC in source)","VERBATIM_1029","incidence","n_events",1
"Zanomaline Low Dose (54 mg)","PT|(uncoded - no MedDRA SOC in source)","VERBATIM_1029","incidence","n_subjects",0
"Zanomaline Low Dose (54 mg)","PT|(uncoded - no MedDRA SOC in source)","VERBATIM_1029","incidence","pct_subjects",
"Zanomaline Low Dose (54 mg)","PT|(uncoded - no MedDRA SOC in source)","VERBATIM_1029","incidence","n_events",0
"Zanomaline High Dose (81 mg)","PT|(uncoded - no MedDRA SOC in source)","VERBATIM_1029","incidence","n_subjects",0
"Zanomaline High Dose (81 mg)","PT|(uncoded - no MedDRA SOC in source)","VERBATIM_1029","incidence","pct_subjects",
"Zanomaline High Dose (81 mg)","PT|(uncoded - no MedDRA SOC in source)","VERBATIM_1029","incidence","n_events",0
"Placebo","PT|(uncoded - no MedDRA SOC in source)","VERBATIM_1033","incidence","n_subjects",1
"Placebo","PT|(uncoded - no MedDRA SOC in source)","VERBATIM_1033","incidence","pct_subjects",1.16279069767442
"Placebo","PT|(uncoded - no MedDRA SOC in source)","VERBATIM_1033","incidence","n_events",1
"Zanomaline Low Dose (54 mg)","PT|(uncoded - no MedDRA SOC in source)","VERBATIM_1033","incidence","n_subjects",0
"Zanomaline Low Dose (54 mg)","PT|(uncoded - no MedDRA SOC in source)","VERBATIM_1033","incidence","pct_subjects",
"Zanomaline Low Dose (54 mg)","PT|(uncoded - no MedDRA SOC in source)","VERBATIM_1033","incidence","n_events",0
"Zanomaline High Dose (81 mg)","PT|(uncoded - no MedDRA SOC in source)","VERBATIM_1033","incidence","n_subjects",0
"Zanomaline High Dose (81 mg)","PT|(uncoded - no MedDRA SOC in source)","VERBATIM_1033","incidence","pct_subjects",
"Zanomaline High Dose (81 mg)","PT|(uncoded - no MedDRA SOC in source)","VERBATIM_1033","incidence","n_events",0
"Placebo","PT|(uncoded - no MedDRA SOC in source)","VERBATIM_1041","incidence","n_subjects",1
"Placebo","PT|(uncoded - no MedDRA SOC in source)","VERBATIM_1041","incidence","pct_subjects",1.16279069767442
"Placebo","PT|(uncoded - no MedDRA SOC in source)","VERBATIM_1041","incidence","n_events",1
"Zanomaline Low Dose (54 mg)","PT|(uncoded - no MedDRA SOC in source)","VERBATIM_1041","incidence","n_subjects",0
"Zanomaline Low Dose (54 mg)","PT|(uncoded - no MedDRA SOC in source)","VERBATIM_1041","incidence","pct_subjects",
"Zanomaline Low Dose (54 mg)","PT|(uncoded - no MedDRA SOC in source)","VERBATIM_1041","incidence","n_events",0
"Zanomaline High Dose (81 mg)","PT|(uncoded - no MedDRA SOC in source)","VERBATIM_1041","incidence","n_subjects",0
"Zanomaline High Dose (81 mg)","PT|(uncoded - no MedDRA SOC in source)","VERBATIM_1041","incidence","pct_subjects",
"Zanomaline High Dose (81 mg)","PT|(uncoded - no MedDRA SOC in source)","VERBATIM_1041","incidence","n_events",0
"Placebo","PT|(uncoded - no MedDRA SOC in source)","VERBATIM_1042","incidence","n_subjects",1
"Placebo","PT|(uncoded - no MedDRA SOC in source)","VERBATIM_1042","incidence","pct_subjects",1.16279069767442
"Placebo","PT|(uncoded - no MedDRA SOC in source)","VERBATIM_1042","incidence","n_events",1
"Zanomaline Low Dose (54 mg)","PT|(uncoded - no MedDRA SOC in source)","VERBATIM_1042","incidence","n_subjects",0
"Zanomaline Low Dose (54 mg)","PT|(uncoded - no MedDRA SOC in source)","VERBATIM_1042","incidence","pct_subjects",
"Zanomaline Low Dose (54 mg)","PT|(uncoded - no MedDRA SOC in source)","VERBATIM_1042","incidence","n_events",0
"Zanomaline High Dose (81 mg)","PT|(uncoded - no MedDRA SOC in source)","VERBATIM_1042","incidence","n_subjects",0
"Zanomaline High Dose (81 mg)","PT|(uncoded - no MedDRA SOC in source)","VERBATIM_1042","incidence","pct_subjects",
"Zanomaline High Dose (81 mg)","PT|(uncoded - no MedDRA SOC in source)","VERBATIM_1042","incidence","n_events",0
"Placebo","PT|(uncoded - no MedDRA SOC in source)","VERBATIM_1044","incidence","n_subjects",1
"Placebo","PT|(uncoded - no MedDRA SOC in source)","VERBATIM_1044","incidence","pct_subjects",1.16279069767442
"Placebo","PT|(uncoded - no MedDRA SOC in source)","VERBATIM_1044","incidence","n_events",1
"Zanomaline Low Dose (54 mg)","PT|(uncoded - no MedDRA SOC in source)","VERBATIM_1044","incidence","n_subjects",0
"Zanomaline Low Dose (54 mg)","PT|(uncoded - no MedDRA SOC in source)","VERBATIM_1044","incidence","pct_subjects",
"Zanomaline Low Dose (54 mg)","PT|(uncoded - no MedDRA SOC in source)","VERBATIM_1044","incidence","n_events",0
"Zanomaline High Dose (81 mg)","PT|(uncoded - no MedDRA SOC in source)","VERBATIM_1044","incidence","n_subjects",0
"Zanomaline High Dose (81 mg)","PT|(uncoded - no MedDRA SOC in source)","VERBATIM_1044","incidence","pct_subjects",
"Zanomaline High Dose (81 mg)","PT|(uncoded - no MedDRA SOC in source)","VERBATIM_1044","incidence","n_events",0
"Placebo","PT|(uncoded - no MedDRA SOC in source)","VERBATIM_1049","incidence","n_subjects",1
"Placebo","PT|(uncoded - no MedDRA SOC in source)","VERBATIM_1049","incidence","pct_subjects",1.16279069767442
"Placebo","PT|(uncoded - no MedDRA SOC in source)","VERBATIM_1049","incidence","n_events",1
"Zanomaline Low Dose (54 mg)","PT|(uncoded - no MedDRA SOC in source)","VERBATIM_1049","incidence","n_subjects",0
"Zanomaline Low Dose (54 mg)","PT|(uncoded - no MedDRA SOC in source)","VERBATIM_1049","incidence","pct_subjects",
"Zanomaline Low Dose (54 mg)","PT|(uncoded - no MedDRA SOC in source)","VERBATIM_1049","incidence","n_events",0
"Zanomaline High Dose (81 mg)","PT|(uncoded - no MedDRA SOC in source)","VERBATIM_1049","incidence","n_subjects",0
"Zanomaline High Dose (81 mg)","PT|(uncoded - no MedDRA SOC in source)","VERBATIM_1049","incidence","pct_subjects",
"Zanomaline High Dose (81 mg)","PT|(uncoded - no MedDRA SOC in source)","VERBATIM_1049","incidence","n_events",0
"Placebo","PT|(uncoded - no MedDRA SOC in source)","VERBATIM_1072","incidence","n_subjects",1
"Placebo","PT|(uncoded - no MedDRA SOC in source)","VERBATIM_1072","incidence","pct_subjects",1.16279069767442
"Placebo","PT|(uncoded - no MedDRA SOC in source)","VERBATIM_1072","incidence","n_events",1
"Zanomaline Low Dose (54 mg)","PT|(uncoded - no MedDRA SOC in source)","VERBATIM_1072","incidence","n_subjects",0
"Zanomaline Low Dose (54 mg)","PT|(uncoded - no MedDRA SOC in source)","VERBATIM_1072","incidence","pct_subjects",
"Zanomaline Low Dose (54 mg)","PT|(uncoded - no MedDRA SOC in source)","VERBATIM_1072","incidence","n_events",0
"Zanomaline High Dose (81 mg)","PT|(uncoded - no MedDRA SOC in source)","VERBATIM_1072","incidence","n_subjects",0
"Zanomaline High Dose (81 mg)","PT|(uncoded - no MedDRA SOC in source)","VERBATIM_1072","incidence","pct_subjects",
"Zanomaline High Dose (81 mg)","PT|(uncoded - no MedDRA SOC in source)","VERBATIM_1072","incidence","n_events",0
"Placebo","PT|(uncoded - no MedDRA SOC in source)","VERBATIM_1078","incidence","n_subjects",1
"Placebo","PT|(uncoded - no MedDRA SOC in source)","VERBATIM_1078","incidence","pct_subjects",1.16279069767442
"Placebo","PT|(uncoded - no MedDRA SOC in source)","VERBATIM_1078","incidence","n_events",1
"Zanomaline Low Dose (54 mg)","PT|(uncoded - no MedDRA SOC in source)","VERBATIM_1078","incidence","n_subjects",0
"Zanomaline Low Dose (54 mg)","PT|(uncoded - no MedDRA SOC in source)","VERBATIM_1078","incidence","pct_subjects",
"Zanomaline Low Dose (54 mg)","PT|(uncoded - no MedDRA SOC in source)","VERBATIM_1078","incidence","n_events",0
"Zanomaline High Dose (81 mg)","PT|(uncoded - no MedDRA SOC in source)","VERBATIM_1078","incidence","n_subjects",0
"Zanomaline High Dose (81 mg)","PT|(uncoded - no MedDRA SOC in source)","VERBATIM_1078","incidence","pct_subjects",
"Zanomaline High Dose (81 mg)","PT|(uncoded - no MedDRA SOC in source)","VERBATIM_1078","incidence","n_events",0
"Placebo","PT|(uncoded - no MedDRA SOC in source)","VERBATIM_1081","incidence","n_subjects",1
"Placebo","PT|(uncoded - no MedDRA SOC in source)","VERBATIM_1081","incidence","pct_subjects",1.16279069767442
"Placebo","PT|(uncoded - no MedDRA SOC in source)","VERBATIM_1081","incidence","n_events",1
"Zanomaline Low Dose (54 mg)","PT|(uncoded - no MedDRA SOC in source)","VERBATIM_1081","incidence","n_subjects",0
"Zanomaline Low Dose (54 mg)","PT|(uncoded - no MedDRA SOC in source)","VERBATIM_1081","incidence","pct_subjects",
"Zanomaline Low Dose (54 mg)","PT|(uncoded - no MedDRA SOC in source)","VERBATIM_1081","incidence","n_events",0
"Zanomaline High Dose (81 mg)","PT|(uncoded - no MedDRA SOC in source)","VERBATIM_1081","incidence","n_subjects",0
"Zanomaline High Dose (81 mg)","PT|(uncoded - no MedDRA SOC in source)","VERBATIM_1081","incidence","pct_subjects",
"Zanomaline High Dose (81 mg)","PT|(uncoded - no MedDRA SOC in source)","VERBATIM_1081","incidence","n_events",0
"Placebo","PT|(uncoded - no MedDRA SOC in source)","VERBATIM_1082","incidence","n_subjects",1
"Placebo","PT|(uncoded - no MedDRA SOC in source)","VERBATIM_1082","incidence","pct_subjects",1.16279069767442
"Placebo","PT|(uncoded - no MedDRA SOC in source)","VERBATIM_1082","incidence","n_events",1
"Zanomaline Low Dose (54 mg)","PT|(uncoded - no MedDRA SOC in source)","VERBATIM_1082","incidence","n_subjects",0
"Zanomaline Low Dose (54 mg)","PT|(uncoded - no MedDRA SOC in source)","VERBATIM_1082","incidence","pct_subjects",
"Zanomaline Low Dose (54 mg)","PT|(uncoded - no MedDRA SOC in source)","VERBATIM_1082","incidence","n_events",0
"Zanomaline High Dose (81 mg)","PT|(uncoded - no MedDRA SOC in source)","VERBATIM_1082","incidence","n_subjects",0
"Zanomaline High Dose (81 mg)","PT|(uncoded - no MedDRA SOC in source)","VERBATIM_1082","incidence","pct_subjects",
"Zanomaline High Dose (81 mg)","PT|(uncoded - no MedDRA SOC in source)","VERBATIM_1082","incidence","n_events",0
"Placebo","PT|(uncoded - no MedDRA SOC in source)","VERBATIM_1084","incidence","n_subjects",1
"Placebo","PT|(uncoded - no MedDRA SOC in source)","VERBATIM_1084","incidence","pct_subjects",1.16279069767442
"Placebo","PT|(uncoded - no MedDRA SOC in source)","VERBATIM_1084","incidence","n_events",1
"Zanomaline Low Dose (54 mg)","PT|(uncoded - no MedDRA SOC in source)","VERBATIM_1084","incidence","n_subjects",0
"Zanomaline Low Dose (54 mg)","PT|(uncoded - no MedDRA SOC in source)","VERBATIM_1084","incidence","pct_subjects",
"Zanomaline Low Dose (54 mg)","PT|(uncoded - no MedDRA SOC in source)","VERBATIM_1084","incidence","n_events",0
"Zanomaline High Dose (81 mg)","PT|(uncoded - no MedDRA SOC in source)","VERBATIM_1084","incidence","n_subjects",0
"Zanomaline High Dose (81 mg)","PT|(uncoded - no MedDRA SOC in source)","VERBATIM_1084","incidence","pct_subjects",
"Zanomaline High Dose (81 mg)","PT|(uncoded - no MedDRA SOC in source)","VERBATIM_1084","incidence","n_events",0
"Placebo","PT|(uncoded - no MedDRA SOC in source)","VERBATIM_1093","incidence","n_subjects",1
"Placebo","PT|(uncoded - no MedDRA SOC in source)","VERBATIM_1093","incidence","pct_subjects",1.16279069767442
"Placebo","PT|(uncoded - no MedDRA SOC in source)","VERBATIM_1093","incidence","n_events",1
"Zanomaline Low Dose (54 mg)","PT|(uncoded - no MedDRA SOC in source)","VERBATIM_1093","incidence","n_subjects",0
"Zanomaline Low Dose (54 mg)","PT|(uncoded - no MedDRA SOC in source)","VERBATIM_1093","incidence","pct_subjects",
"Zanomaline Low Dose (54 mg)","PT|(uncoded - no MedDRA SOC in source)","VERBATIM_1093","incidence","n_events",0
"Zanomaline High Dose (81 mg)","PT|(uncoded - no MedDRA SOC in source)","VERBATIM_1093","incidence","n_subjects",0
"Zanomaline High Dose (81 mg)","PT|(uncoded - no MedDRA SOC in source)","VERBATIM_1093","incidence","pct_subjects",
"Zanomaline High Dose (81 mg)","PT|(uncoded - no MedDRA SOC in source)","VERBATIM_1093","incidence","n_events",0
"Placebo","PT|(uncoded - no MedDRA SOC in source)","VERBATIM_1097","incidence","n_subjects",2
"Placebo","PT|(uncoded - no MedDRA SOC in source)","VERBATIM_1097","incidence","pct_subjects",2.32558139534884
"Placebo","PT|(uncoded - no MedDRA SOC in source)","VERBATIM_1097","incidence","n_events",2
"Zanomaline Low Dose (54 mg)","PT|(uncoded - no MedDRA SOC in source)","VERBATIM_1097","incidence","n_subjects",0
"Zanomaline Low Dose (54 mg)","PT|(uncoded - no MedDRA SOC in source)","VERBATIM_1097","incidence","pct_subjects",
"Zanomaline Low Dose (54 mg)","PT|(uncoded - no MedDRA SOC in source)","VERBATIM_1097","incidence","n_events",0
"Zanomaline High Dose (81 mg)","PT|(uncoded - no MedDRA SOC in source)","VERBATIM_1097","incidence","n_subjects",0
"Zanomaline High Dose (81 mg)","PT|(uncoded - no MedDRA SOC in source)","VERBATIM_1097","incidence","pct_subjects",
"Zanomaline High Dose (81 mg)","PT|(uncoded - no MedDRA SOC in source)","VERBATIM_1097","incidence","n_events",0
"Placebo","PT|(uncoded - no MedDRA SOC in source)","VERBATIM_1104","incidence","n_subjects",1
"Placebo","PT|(uncoded - no MedDRA SOC in source)","VERBATIM_1104","incidence","pct_subjects",1.16279069767442
"Placebo","PT|(uncoded - no MedDRA SOC in source)","VERBATIM_1104","incidence","n_events",1
"Zanomaline Low Dose (54 mg)","PT|(uncoded - no MedDRA SOC in source)","VERBATIM_1104","incidence","n_subjects",0
"Zanomaline Low Dose (54 mg)","PT|(uncoded - no MedDRA SOC in source)","VERBATIM_1104","incidence","pct_subjects",
"Zanomaline Low Dose (54 mg)","PT|(uncoded - no MedDRA SOC in source)","VERBATIM_1104","incidence","n_events",0
"Zanomaline High Dose (81 mg)","PT|(uncoded - no MedDRA SOC in source)","VERBATIM_1104","incidence","n_subjects",0
"Zanomaline High Dose (81 mg)","PT|(uncoded - no MedDRA SOC in source)","VERBATIM_1104","incidence","pct_subjects",
"Zanomaline High Dose (81 mg)","PT|(uncoded - no MedDRA SOC in source)","VERBATIM_1104","incidence","n_events",0
"Placebo","PT|(uncoded - no MedDRA SOC in source)","VERBATIM_1105","incidence","n_subjects",1
"Placebo","PT|(uncoded - no MedDRA SOC in source)","VERBATIM_1105","incidence","pct_subjects",1.16279069767442
"Placebo","PT|(uncoded - no MedDRA SOC in source)","VERBATIM_1105","incidence","n_events",1
"Zanomaline Low Dose (54 mg)","PT|(uncoded - no MedDRA SOC in source)","VERBATIM_1105","incidence","n_subjects",0
"Zanomaline Low Dose (54 mg)","PT|(uncoded - no MedDRA SOC in source)","VERBATIM_1105","incidence","pct_subjects",
"Zanomaline Low Dose (54 mg)","PT|(uncoded - no MedDRA SOC in source)","VERBATIM_1105","incidence","n_events",0
"Zanomaline High Dose (81 mg)","PT|(uncoded - no MedDRA SOC in source)","VERBATIM_1105","incidence","n_subjects",0
"Zanomaline High Dose (81 mg)","PT|(uncoded - no MedDRA SOC in source)","VERBATIM_1105","incidence","pct_subjects",
"Zanomaline High Dose (81 mg)","PT|(uncoded - no MedDRA SOC in source)","VERBATIM_1105","incidence","n_events",0
"Placebo","PT|(uncoded - no MedDRA SOC in source)","VERBATIM_1117","incidence","n_subjects",1
"Placebo","PT|(uncoded - no MedDRA SOC in source)","VERBATIM_1117","incidence","pct_subjects",1.16279069767442
"Placebo","PT|(uncoded - no MedDRA SOC in source)","VERBATIM_1117","incidence","n_events",1
"Zanomaline Low Dose (54 mg)","PT|(uncoded - no MedDRA SOC in source)","VERBATIM_1117","incidence","n_subjects",0
"Zanomaline Low Dose (54 mg)","PT|(uncoded - no MedDRA SOC in source)","VERBATIM_1117","incidence","pct_subjects",
"Zanomaline Low Dose (54 mg)","PT|(uncoded - no MedDRA SOC in source)","VERBATIM_1117","incidence","n_events",0
"Zanomaline High Dose (81 mg)","PT|(uncoded - no MedDRA SOC in source)","VERBATIM_1117","incidence","n_subjects",0
"Zanomaline High Dose (81 mg)","PT|(uncoded - no MedDRA SOC in source)","VERBATIM_1117","incidence","pct_subjects",
"Zanomaline High Dose (81 mg)","PT|(uncoded - no MedDRA SOC in source)","VERBATIM_1117","incidence","n_events",0
"Placebo","PT|(uncoded - no MedDRA SOC in source)","VERBATIM_1136","incidence","n_subjects",1
"Placebo","PT|(uncoded - no MedDRA SOC in source)","VERBATIM_1136","incidence","pct_subjects",1.16279069767442
"Placebo","PT|(uncoded - no MedDRA SOC in source)","VERBATIM_1136","incidence","n_events",1
"Zanomaline Low Dose (54 mg)","PT|(uncoded - no MedDRA SOC in source)","VERBATIM_1136","incidence","n_subjects",0
"Zanomaline Low Dose (54 mg)","PT|(uncoded - no MedDRA SOC in source)","VERBATIM_1136","incidence","pct_subjects",
"Zanomaline Low Dose (54 mg)","PT|(uncoded - no MedDRA SOC in source)","VERBATIM_1136","incidence","n_events",0
"Zanomaline High Dose (81 mg)","PT|(uncoded - no MedDRA SOC in source)","VERBATIM_1136","incidence","n_subjects",0
"Zanomaline High Dose (81 mg)","PT|(uncoded - no MedDRA SOC in source)","VERBATIM_1136","incidence","pct_subjects",
"Zanomaline High Dose (81 mg)","PT|(uncoded - no MedDRA SOC in source)","VERBATIM_1136","incidence","n_events",0
"Placebo","PT|(uncoded - no MedDRA SOC in source)","VERBATIM_1147","incidence","n_subjects",1
"Placebo","PT|(uncoded - no MedDRA SOC in source)","VERBATIM_1147","incidence","pct_subjects",1.16279069767442
"Placebo","PT|(uncoded - no MedDRA SOC in source)","VERBATIM_1147","incidence","n_events",1
"Zanomaline Low Dose (54 mg)","PT|(uncoded - no MedDRA SOC in source)","VERBATIM_1147","incidence","n_subjects",0
"Zanomaline Low Dose (54 mg)","PT|(uncoded - no MedDRA SOC in source)","VERBATIM_1147","incidence","pct_subjects",
"Zanomaline Low Dose (54 mg)","PT|(uncoded - no MedDRA SOC in source)","VERBATIM_1147","incidence","n_events",0
"Zanomaline High Dose (81 mg)","PT|(uncoded - no MedDRA SOC in source)","VERBATIM_1147","incidence","n_subjects",0
"Zanomaline High Dose (81 mg)","PT|(uncoded - no MedDRA SOC in source)","VERBATIM_1147","incidence","pct_subjects",
"Zanomaline High Dose (81 mg)","PT|(uncoded - no MedDRA SOC in source)","VERBATIM_1147","incidence","n_events",0
"Placebo","PT|(uncoded - no MedDRA SOC in source)","VERBATIM_1151","incidence","n_subjects",1
"Placebo","PT|(uncoded - no MedDRA SOC in source)","VERBATIM_1151","incidence","pct_subjects",1.16279069767442
"Placebo","PT|(uncoded - no MedDRA SOC in source)","VERBATIM_1151","incidence","n_events",1
"Zanomaline Low Dose (54 mg)","PT|(uncoded - no MedDRA SOC in source)","VERBATIM_1151","incidence","n_subjects",0
"Zanomaline Low Dose (54 mg)","PT|(uncoded - no MedDRA SOC in source)","VERBATIM_1151","incidence","pct_subjects",
"Zanomaline Low Dose (54 mg)","PT|(uncoded - no MedDRA SOC in source)","VERBATIM_1151","incidence","n_events",0
"Zanomaline High Dose (81 mg)","PT|(uncoded - no MedDRA SOC in source)","VERBATIM_1151","incidence","n_subjects",0
"Zanomaline High Dose (81 mg)","PT|(uncoded - no MedDRA SOC in source)","VERBATIM_1151","incidence","pct_subjects",
"Zanomaline High Dose (81 mg)","PT|(uncoded - no MedDRA SOC in source)","VERBATIM_1151","incidence","n_events",0
"Placebo","PT|(uncoded - no MedDRA SOC in source)","VERBATIM_1154","incidence","n_subjects",1
"Placebo","PT|(uncoded - no MedDRA SOC in source)","VERBATIM_1154","incidence","pct_subjects",1.16279069767442
"Placebo","PT|(uncoded - no MedDRA SOC in source)","VERBATIM_1154","incidence","n_events",1
"Zanomaline Low Dose (54 mg)","PT|(uncoded - no MedDRA SOC in source)","VERBATIM_1154","incidence","n_subjects",0
"Zanomaline Low Dose (54 mg)","PT|(uncoded - no MedDRA SOC in source)","VERBATIM_1154","incidence","pct_subjects",
"Zanomaline Low Dose (54 mg)","PT|(uncoded - no MedDRA SOC in source)","VERBATIM_1154","incidence","n_events",0
"Zanomaline High Dose (81 mg)","PT|(uncoded - no MedDRA SOC in source)","VERBATIM_1154","incidence","n_subjects",0
"Zanomaline High Dose (81 mg)","PT|(uncoded - no MedDRA SOC in source)","VERBATIM_1154","incidence","pct_subjects",
"Zanomaline High Dose (81 mg)","PT|(uncoded - no MedDRA SOC in source)","VERBATIM_1154","incidence","n_events",0
"Placebo","PT|(uncoded - no MedDRA SOC in source)","VERBATIM_1169","incidence","n_subjects",1
"Placebo","PT|(uncoded - no MedDRA SOC in source)","VERBATIM_1169","incidence","pct_subjects",1.16279069767442
"Placebo","PT|(uncoded - no MedDRA SOC in source)","VERBATIM_1169","incidence","n_events",1
"Zanomaline Low Dose (54 mg)","PT|(uncoded - no MedDRA SOC in source)","VERBATIM_1169","incidence","n_subjects",0
"Zanomaline Low Dose (54 mg)","PT|(uncoded - no MedDRA SOC in source)","VERBATIM_1169","incidence","pct_subjects",
"Zanomaline Low Dose (54 mg)","PT|(uncoded - no MedDRA SOC in source)","VERBATIM_1169","incidence","n_events",0
"Zanomaline High Dose (81 mg)","PT|(uncoded - no MedDRA SOC in source)","VERBATIM_1169","incidence","n_subjects",0
"Zanomaline High Dose (81 mg)","PT|(uncoded - no MedDRA SOC in source)","VERBATIM_1169","incidence","pct_subjects",
"Zanomaline High Dose (81 mg)","PT|(uncoded - no MedDRA SOC in source)","VERBATIM_1169","incidence","n_events",0
"Placebo","PT|(uncoded - no MedDRA SOC in source)","VERBATIM_1176","incidence","n_subjects",1
"Placebo","PT|(uncoded - no MedDRA SOC in source)","VERBATIM_1176","incidence","pct_subjects",1.16279069767442
"Placebo","PT|(uncoded - no MedDRA SOC in source)","VERBATIM_1176","incidence","n_events",1
"Zanomaline Low Dose (54 mg)","PT|(uncoded - no MedDRA SOC in source)","VERBATIM_1176","incidence","n_subjects",0
"Zanomaline Low Dose (54 mg)","PT|(uncoded - no MedDRA SOC in source)","VERBATIM_1176","incidence","pct_subjects",
"Zanomaline Low Dose (54 mg)","PT|(uncoded - no MedDRA SOC in source)","VERBATIM_1176","incidence","n_events",0
"Zanomaline High Dose (81 mg)","PT|(uncoded - no MedDRA SOC in source)","VERBATIM_1176","incidence","n_subjects",0
"Zanomaline High Dose (81 mg)","PT|(uncoded - no MedDRA SOC in source)","VERBATIM_1176","incidence","pct_subjects",
"Zanomaline High Dose (81 mg)","PT|(uncoded - no MedDRA SOC in source)","VERBATIM_1176","incidence","n_events",0
"Placebo","PT|(uncoded - no MedDRA SOC in source)","VERBATIM_1200","incidence","n_subjects",1
"Placebo","PT|(uncoded - no MedDRA SOC in source)","VERBATIM_1200","incidence","pct_subjects",1.16279069767442
"Placebo","PT|(uncoded - no MedDRA SOC in source)","VERBATIM_1200","incidence","n_events",1
"Zanomaline Low Dose (54 mg)","PT|(uncoded - no MedDRA SOC in source)","VERBATIM_1200","incidence","n_subjects",0
"Zanomaline Low Dose (54 mg)","PT|(uncoded - no MedDRA SOC in source)","VERBATIM_1200","incidence","pct_subjects",
"Zanomaline Low Dose (54 mg)","PT|(uncoded - no MedDRA SOC in source)","VERBATIM_1200","incidence","n_events",0
"Zanomaline High Dose (81 mg)","PT|(uncoded - no MedDRA SOC in source)","VERBATIM_1200","incidence","n_subjects",0
"Zanomaline High Dose (81 mg)","PT|(uncoded - no MedDRA SOC in source)","VERBATIM_1200","incidence","pct_subjects",
"Zanomaline High Dose (81 mg)","PT|(uncoded - no MedDRA SOC in source)","VERBATIM_1200","incidence","n_events",0
"Placebo","PT|(uncoded - no MedDRA SOC in source)","VERBATIM_1201","incidence","n_subjects",2
"Placebo","PT|(uncoded - no MedDRA SOC in source)","VERBATIM_1201","incidence","pct_subjects",2.32558139534884
"Placebo","PT|(uncoded - no MedDRA SOC in source)","VERBATIM_1201","incidence","n_events",2
"Zanomaline Low Dose (54 mg)","PT|(uncoded - no MedDRA SOC in source)","VERBATIM_1201","incidence","n_subjects",0
"Zanomaline Low Dose (54 mg)","PT|(uncoded - no MedDRA SOC in source)","VERBATIM_1201","incidence","pct_subjects",
"Zanomaline Low Dose (54 mg)","PT|(uncoded - no MedDRA SOC in source)","VERBATIM_1201","incidence","n_events",0
"Zanomaline High Dose (81 mg)","PT|(uncoded - no MedDRA SOC in source)","VERBATIM_1201","incidence","n_subjects",0
"Zanomaline High Dose (81 mg)","PT|(uncoded - no MedDRA SOC in source)","VERBATIM_1201","incidence","pct_subjects",
"Zanomaline High Dose (81 mg)","PT|(uncoded - no MedDRA SOC in source)","VERBATIM_1201","incidence","n_events",0
"Placebo","PT|(uncoded - no MedDRA SOC in source)","VERBATIM_1220","incidence","n_subjects",1
"Placebo","PT|(uncoded - no MedDRA SOC in source)","VERBATIM_1220","incidence","pct_subjects",1.16279069767442
"Placebo","PT|(uncoded - no MedDRA SOC in source)","VERBATIM_1220","incidence","n_events",1
"Zanomaline Low Dose (54 mg)","PT|(uncoded - no MedDRA SOC in source)","VERBATIM_1220","incidence","n_subjects",0
"Zanomaline Low Dose (54 mg)","PT|(uncoded - no MedDRA SOC in source)","VERBATIM_1220","incidence","pct_subjects",
"Zanomaline Low Dose (54 mg)","PT|(uncoded - no MedDRA SOC in source)","VERBATIM_1220","incidence","n_events",0
"Zanomaline High Dose (81 mg)","PT|(uncoded - no MedDRA SOC in source)","VERBATIM_1220","incidence","n_subjects",0
"Zanomaline High Dose (81 mg)","PT|(uncoded - no MedDRA SOC in source)","VERBATIM_1220","incidence","pct_subjects",
"Zanomaline High Dose (81 mg)","PT|(uncoded - no MedDRA SOC in source)","VERBATIM_1220","incidence","n_events",0
"Placebo","PT|(uncoded - no MedDRA SOC in source)","VERBATIM_1230","incidence","n_subjects",1
"Placebo","PT|(uncoded - no MedDRA SOC in source)","VERBATIM_1230","incidence","pct_subjects",1.16279069767442
"Placebo","PT|(uncoded - no MedDRA SOC in source)","VERBATIM_1230","incidence","n_events",1
"Zanomaline Low Dose (54 mg)","PT|(uncoded - no MedDRA SOC in source)","VERBATIM_1230","incidence","n_subjects",0
"Zanomaline Low Dose (54 mg)","PT|(uncoded - no MedDRA SOC in source)","VERBATIM_1230","incidence","pct_subjects",
"Zanomaline Low Dose (54 mg)","PT|(uncoded - no MedDRA SOC in source)","VERBATIM_1230","incidence","n_events",0
"Zanomaline High Dose (81 mg)","PT|(uncoded - no MedDRA SOC in source)","VERBATIM_1230","incidence","n_subjects",0
"Zanomaline High Dose (81 mg)","PT|(uncoded - no MedDRA SOC in source)","VERBATIM_1230","incidence","pct_subjects",
"Zanomaline High Dose (81 mg)","PT|(uncoded - no MedDRA SOC in source)","VERBATIM_1230","incidence","n_events",0
"Placebo","PT|(uncoded - no MedDRA SOC in source)","VERBATIM_1237","incidence","n_subjects",1
"Placebo","PT|(uncoded - no MedDRA SOC in source)","VERBATIM_1237","incidence","pct_subjects",1.16279069767442
"Placebo","PT|(uncoded - no MedDRA SOC in source)","VERBATIM_1237","incidence","n_events",1
"Zanomaline Low Dose (54 mg)","PT|(uncoded - no MedDRA SOC in source)","VERBATIM_1237","incidence","n_subjects",0
"Zanomaline Low Dose (54 mg)","PT|(uncoded - no MedDRA SOC in source)","VERBATIM_1237","incidence","pct_subjects",
"Zanomaline Low Dose (54 mg)","PT|(uncoded - no MedDRA SOC in source)","VERBATIM_1237","incidence","n_events",0
"Zanomaline High Dose (81 mg)","PT|(uncoded - no MedDRA SOC in source)","VERBATIM_1237","incidence","n_subjects",0
"Zanomaline High Dose (81 mg)","PT|(uncoded - no MedDRA SOC in source)","VERBATIM_1237","incidence","pct_subjects",
"Zanomaline High Dose (81 mg)","PT|(uncoded - no MedDRA SOC in source)","VERBATIM_1237","incidence","n_events",0
"Placebo","PT|(uncoded - no MedDRA SOC in source)","VERBATIM_1245","incidence","n_subjects",1
"Placebo","PT|(uncoded - no MedDRA SOC in source)","VERBATIM_1245","incidence","pct_subjects",1.16279069767442
"Placebo","PT|(uncoded - no MedDRA SOC in source)","VERBATIM_1245","incidence","n_events",1
"Zanomaline Low Dose (54 mg)","PT|(uncoded - no MedDRA SOC in source)","VERBATIM_1245","incidence","n_subjects",0
"Zanomaline Low Dose (54 mg)","PT|(uncoded - no MedDRA SOC in source)","VERBATIM_1245","incidence","pct_subjects",
"Zanomaline Low Dose (54 mg)","PT|(uncoded - no MedDRA SOC in source)","VERBATIM_1245","incidence","n_events",0
"Zanomaline High Dose (81 mg)","PT|(uncoded - no MedDRA SOC in source)","VERBATIM_1245","incidence","n_subjects",0
"Zanomaline High Dose (81 mg)","PT|(uncoded - no MedDRA SOC in source)","VERBATIM_1245","incidence","pct_subjects",
"Zanomaline High Dose (81 mg)","PT|(uncoded - no MedDRA SOC in source)","VERBATIM_1245","incidence","n_events",0
"Placebo","PT|(uncoded - no MedDRA SOC in source)","VERBATIM_1252","incidence","n_subjects",1
"Placebo","PT|(uncoded - no MedDRA SOC in source)","VERBATIM_1252","incidence","pct_subjects",1.16279069767442
"Placebo","PT|(uncoded - no MedDRA SOC in source)","VERBATIM_1252","incidence","n_events",1
"Zanomaline Low Dose (54 mg)","PT|(uncoded - no MedDRA SOC in source)","VERBATIM_1252","incidence","n_subjects",0
"Zanomaline Low Dose (54 mg)","PT|(uncoded - no MedDRA SOC in source)","VERBATIM_1252","incidence","pct_subjects",
"Zanomaline Low Dose (54 mg)","PT|(uncoded - no MedDRA SOC in source)","VERBATIM_1252","incidence","n_events",0
"Zanomaline High Dose (81 mg)","PT|(uncoded - no MedDRA SOC in source)","VERBATIM_1252","incidence","n_subjects",0
"Zanomaline High Dose (81 mg)","PT|(uncoded - no MedDRA SOC in source)","VERBATIM_1252","incidence","pct_subjects",
"Zanomaline High Dose (81 mg)","PT|(uncoded - no MedDRA SOC in source)","VERBATIM_1252","incidence","n_events",0
"Placebo","PT|(uncoded - no MedDRA SOC in source)","VERBATIM_1265","incidence","n_subjects",1
"Placebo","PT|(uncoded - no MedDRA SOC in source)","VERBATIM_1265","incidence","pct_subjects",1.16279069767442
"Placebo","PT|(uncoded - no MedDRA SOC in source)","VERBATIM_1265","incidence","n_events",1
"Zanomaline Low Dose (54 mg)","PT|(uncoded - no MedDRA SOC in source)","VERBATIM_1265","incidence","n_subjects",0
"Zanomaline Low Dose (54 mg)","PT|(uncoded - no MedDRA SOC in source)","VERBATIM_1265","incidence","pct_subjects",
"Zanomaline Low Dose (54 mg)","PT|(uncoded - no MedDRA SOC in source)","VERBATIM_1265","incidence","n_events",0
"Zanomaline High Dose (81 mg)","PT|(uncoded - no MedDRA SOC in source)","VERBATIM_1265","incidence","n_subjects",0
"Zanomaline High Dose (81 mg)","PT|(uncoded - no MedDRA SOC in source)","VERBATIM_1265","incidence","pct_subjects",
"Zanomaline High Dose (81 mg)","PT|(uncoded - no MedDRA SOC in source)","VERBATIM_1265","incidence","n_events",0
"Placebo","PT|(uncoded - no MedDRA SOC in source)","VERBATIM_1267","incidence","n_subjects",1
"Placebo","PT|(uncoded - no MedDRA SOC in source)","VERBATIM_1267","incidence","pct_subjects",1.16279069767442
"Placebo","PT|(uncoded - no MedDRA SOC in source)","VERBATIM_1267","incidence","n_events",1
"Zanomaline Low Dose (54 mg)","PT|(uncoded - no MedDRA SOC in source)","VERBATIM_1267","incidence","n_subjects",0
"Zanomaline Low Dose (54 mg)","PT|(uncoded - no MedDRA SOC in source)","VERBATIM_1267","incidence","pct_subjects",
"Zanomaline Low Dose (54 mg)","PT|(uncoded - no MedDRA SOC in source)","VERBATIM_1267","incidence","n_events",0
"Zanomaline High Dose (81 mg)","PT|(uncoded - no MedDRA SOC in source)","VERBATIM_1267","incidence","n_subjects",0
"Zanomaline High Dose (81 mg)","PT|(uncoded - no MedDRA SOC in source)","VERBATIM_1267","incidence","pct_subjects",
"Zanomaline High Dose (81 mg)","PT|(uncoded - no MedDRA SOC in source)","VERBATIM_1267","incidence","n_events",0
"Placebo","PT|(uncoded - no MedDRA SOC in source)","VERBATIM_1272","incidence","n_subjects",2
"Placebo","PT|(uncoded - no MedDRA SOC in source)","VERBATIM_1272","incidence","pct_subjects",2.32558139534884
"Placebo","PT|(uncoded - no MedDRA SOC in source)","VERBATIM_1272","incidence","n_events",2
"Zanomaline Low Dose (54 mg)","PT|(uncoded - no MedDRA SOC in source)","VERBATIM_1272","incidence","n_subjects",0
"Zanomaline Low Dose (54 mg)","PT|(uncoded - no MedDRA SOC in source)","VERBATIM_1272","incidence","pct_subjects",
"Zanomaline Low Dose (54 mg)","PT|(uncoded - no MedDRA SOC in source)","VERBATIM_1272","incidence","n_events",0
"Zanomaline High Dose (81 mg)","PT|(uncoded - no MedDRA SOC in source)","VERBATIM_1272","incidence","n_subjects",0
"Zanomaline High Dose (81 mg)","PT|(uncoded - no MedDRA SOC in source)","VERBATIM_1272","incidence","pct_subjects",
"Zanomaline High Dose (81 mg)","PT|(uncoded - no MedDRA SOC in source)","VERBATIM_1272","incidence","n_events",0
"Placebo","PT|(uncoded - no MedDRA SOC in source)","VERBATIM_1273","incidence","n_subjects",1
"Placebo","PT|(uncoded - no MedDRA SOC in source)","VERBATIM_1273","incidence","pct_subjects",1.16279069767442
"Placebo","PT|(uncoded - no MedDRA SOC in source)","VERBATIM_1273","incidence","n_events",1
"Zanomaline Low Dose (54 mg)","PT|(uncoded - no MedDRA SOC in source)","VERBATIM_1273","incidence","n_subjects",0
"Zanomaline Low Dose (54 mg)","PT|(uncoded - no MedDRA SOC in source)","VERBATIM_1273","incidence","pct_subjects",
"Zanomaline Low Dose (54 mg)","PT|(uncoded - no MedDRA SOC in source)","VERBATIM_1273","incidence","n_events",0
"Zanomaline High Dose (81 mg)","PT|(uncoded - no MedDRA SOC in source)","VERBATIM_1273","incidence","n_subjects",0
"Zanomaline High Dose (81 mg)","PT|(uncoded - no MedDRA SOC in source)","VERBATIM_1273","incidence","pct_subjects",
"Zanomaline High Dose (81 mg)","PT|(uncoded - no MedDRA SOC in source)","VERBATIM_1273","incidence","n_events",0
"Placebo","PT|(uncoded - no MedDRA SOC in source)","VERBATIM_1284","incidence","n_subjects",1
"Placebo","PT|(uncoded - no MedDRA SOC in source)","VERBATIM_1284","incidence","pct_subjects",1.16279069767442
"Placebo","PT|(uncoded - no MedDRA SOC in source)","VERBATIM_1284","incidence","n_events",1
"Zanomaline Low Dose (54 mg)","PT|(uncoded - no MedDRA SOC in source)","VERBATIM_1284","incidence","n_subjects",0
"Zanomaline Low Dose (54 mg)","PT|(uncoded - no MedDRA SOC in source)","VERBATIM_1284","incidence","pct_subjects",
"Zanomaline Low Dose (54 mg)","PT|(uncoded - no MedDRA SOC in source)","VERBATIM_1284","incidence","n_events",0
"Zanomaline High Dose (81 mg)","PT|(uncoded - no MedDRA SOC in source)","VERBATIM_1284","incidence","n_subjects",0
"Zanomaline High Dose (81 mg)","PT|(uncoded - no MedDRA SOC in source)","VERBATIM_1284","incidence","pct_subjects",
"Zanomaline High Dose (81 mg)","PT|(uncoded - no MedDRA SOC in source)","VERBATIM_1284","incidence","n_events",0
"Placebo","PT|(uncoded - no MedDRA SOC in source)","VERBATIM_1292","incidence","n_subjects",1
"Placebo","PT|(uncoded - no MedDRA SOC in source)","VERBATIM_1292","incidence","pct_subjects",1.16279069767442
"Placebo","PT|(uncoded - no MedDRA SOC in source)","VERBATIM_1292","incidence","n_events",1
"Zanomaline Low Dose (54 mg)","PT|(uncoded - no MedDRA SOC in source)","VERBATIM_1292","incidence","n_subjects",0
"Zanomaline Low Dose (54 mg)","PT|(uncoded - no MedDRA SOC in source)","VERBATIM_1292","incidence","pct_subjects",
"Zanomaline Low Dose (54 mg)","PT|(uncoded - no MedDRA SOC in source)","VERBATIM_1292","incidence","n_events",0
"Zanomaline High Dose (81 mg)","PT|(uncoded - no MedDRA SOC in source)","VERBATIM_1292","incidence","n_subjects",0
"Zanomaline High Dose (81 mg)","PT|(uncoded - no MedDRA SOC in source)","VERBATIM_1292","incidence","pct_subjects",
"Zanomaline High Dose (81 mg)","PT|(uncoded - no MedDRA SOC in source)","VERBATIM_1292","incidence","n_events",0
"Placebo","PT|(uncoded - no MedDRA SOC in source)","VERBATIM_1294","incidence","n_subjects",1
"Placebo","PT|(uncoded - no MedDRA SOC in source)","VERBATIM_1294","incidence","pct_subjects",1.16279069767442
"Placebo","PT|(uncoded - no MedDRA SOC in source)","VERBATIM_1294","incidence","n_events",1
"Zanomaline Low Dose (54 mg)","PT|(uncoded - no MedDRA SOC in source)","VERBATIM_1294","incidence","n_subjects",0
"Zanomaline Low Dose (54 mg)","PT|(uncoded - no MedDRA SOC in source)","VERBATIM_1294","incidence","pct_subjects",
"Zanomaline Low Dose (54 mg)","PT|(uncoded - no MedDRA SOC in source)","VERBATIM_1294","incidence","n_events",0
"Zanomaline High Dose (81 mg)","PT|(uncoded - no MedDRA SOC in source)","VERBATIM_1294","incidence","n_subjects",0
"Zanomaline High Dose (81 mg)","PT|(uncoded - no MedDRA SOC in source)","VERBATIM_1294","incidence","pct_subjects",
"Zanomaline High Dose (81 mg)","PT|(uncoded - no MedDRA SOC in source)","VERBATIM_1294","incidence","n_events",0
"Placebo","PT|(uncoded - no MedDRA SOC in source)","VERBATIM_1295","incidence","n_subjects",1
"Placebo","PT|(uncoded - no MedDRA SOC in source)","VERBATIM_1295","incidence","pct_subjects",1.16279069767442
"Placebo","PT|(uncoded - no MedDRA SOC in source)","VERBATIM_1295","incidence","n_events",1
"Zanomaline Low Dose (54 mg)","PT|(uncoded - no MedDRA SOC in source)","VERBATIM_1295","incidence","n_subjects",0
"Zanomaline Low Dose (54 mg)","PT|(uncoded - no MedDRA SOC in source)","VERBATIM_1295","incidence","pct_subjects",
"Zanomaline Low Dose (54 mg)","PT|(uncoded - no MedDRA SOC in source)","VERBATIM_1295","incidence","n_events",0
"Zanomaline High Dose (81 mg)","PT|(uncoded - no MedDRA SOC in source)","VERBATIM_1295","incidence","n_subjects",0
"Zanomaline High Dose (81 mg)","PT|(uncoded - no MedDRA SOC in source)","VERBATIM_1295","incidence","pct_subjects",
"Zanomaline High Dose (81 mg)","PT|(uncoded - no MedDRA SOC in source)","VERBATIM_1295","incidence","n_events",0
"Placebo","PT|(uncoded - no MedDRA SOC in source)","VERBATIM_1296","incidence","n_subjects",1
"Placebo","PT|(uncoded - no MedDRA SOC in source)","VERBATIM_1296","incidence","pct_subjects",1.16279069767442
"Placebo","PT|(uncoded - no MedDRA SOC in source)","VERBATIM_1296","incidence","n_events",1
"Zanomaline Low Dose (54 mg)","PT|(uncoded - no MedDRA SOC in source)","VERBATIM_1296","incidence","n_subjects",0
"Zanomaline Low Dose (54 mg)","PT|(uncoded - no MedDRA SOC in source)","VERBATIM_1296","incidence","pct_subjects",
"Zanomaline Low Dose (54 mg)","PT|(uncoded - no MedDRA SOC in source)","VERBATIM_1296","incidence","n_events",0
"Zanomaline High Dose (81 mg)","PT|(uncoded - no MedDRA SOC in source)","VERBATIM_1296","incidence","n_subjects",0
"Zanomaline High Dose (81 mg)","PT|(uncoded - no MedDRA SOC in source)","VERBATIM_1296","incidence","pct_subjects",
"Zanomaline High Dose (81 mg)","PT|(uncoded - no MedDRA SOC in source)","VERBATIM_1296","incidence","n_events",0
"Placebo","PT|(uncoded - no MedDRA SOC in source)","VERBATIM_1304","incidence","n_subjects",1
"Placebo","PT|(uncoded - no MedDRA SOC in source)","VERBATIM_1304","incidence","pct_subjects",1.16279069767442
"Placebo","PT|(uncoded - no MedDRA SOC in source)","VERBATIM_1304","incidence","n_events",1
"Zanomaline Low Dose (54 mg)","PT|(uncoded - no MedDRA SOC in source)","VERBATIM_1304","incidence","n_subjects",0
"Zanomaline Low Dose (54 mg)","PT|(uncoded - no MedDRA SOC in source)","VERBATIM_1304","incidence","pct_subjects",
"Zanomaline Low Dose (54 mg)","PT|(uncoded - no MedDRA SOC in source)","VERBATIM_1304","incidence","n_events",0
"Zanomaline High Dose (81 mg)","PT|(uncoded - no MedDRA SOC in source)","VERBATIM_1304","incidence","n_subjects",0
"Zanomaline High Dose (81 mg)","PT|(uncoded - no MedDRA SOC in source)","VERBATIM_1304","incidence","pct_subjects",
"Zanomaline High Dose (81 mg)","PT|(uncoded - no MedDRA SOC in source)","VERBATIM_1304","incidence","n_events",0
"Placebo","PT|(uncoded - no MedDRA SOC in source)","VERBATIM_1309","incidence","n_subjects",12
"Placebo","PT|(uncoded - no MedDRA SOC in source)","VERBATIM_1309","incidence","pct_subjects",13.953488372093
"Placebo","PT|(uncoded - no MedDRA SOC in source)","VERBATIM_1309","incidence","n_events",12
"Zanomaline Low Dose (54 mg)","PT|(uncoded - no MedDRA SOC in source)","VERBATIM_1309","incidence","n_subjects",0
"Zanomaline Low Dose (54 mg)","PT|(uncoded - no MedDRA SOC in source)","VERBATIM_1309","incidence","pct_subjects",
"Zanomaline Low Dose (54 mg)","PT|(uncoded - no MedDRA SOC in source)","VERBATIM_1309","incidence","n_events",0
"Zanomaline High Dose (81 mg)","PT|(uncoded - no MedDRA SOC in source)","VERBATIM_1309","incidence","n_subjects",0
"Zanomaline High Dose (81 mg)","PT|(uncoded - no MedDRA SOC in source)","VERBATIM_1309","incidence","pct_subjects",
"Zanomaline High Dose (81 mg)","PT|(uncoded - no MedDRA SOC in source)","VERBATIM_1309","incidence","n_events",0
"Placebo","PT|(uncoded - no MedDRA SOC in source)","VERBATIM_1311","incidence","n_subjects",1
"Placebo","PT|(uncoded - no MedDRA SOC in source)","VERBATIM_1311","incidence","pct_subjects",1.16279069767442
"Placebo","PT|(uncoded - no MedDRA SOC in source)","VERBATIM_1311","incidence","n_events",1
"Zanomaline Low Dose (54 mg)","PT|(uncoded - no MedDRA SOC in source)","VERBATIM_1311","incidence","n_subjects",0
"Zanomaline Low Dose (54 mg)","PT|(uncoded - no MedDRA SOC in source)","VERBATIM_1311","incidence","pct_subjects",
"Zanomaline Low Dose (54 mg)","PT|(uncoded - no MedDRA SOC in source)","VERBATIM_1311","incidence","n_events",0
"Zanomaline High Dose (81 mg)","PT|(uncoded - no MedDRA SOC in source)","VERBATIM_1311","incidence","n_subjects",0
"Zanomaline High Dose (81 mg)","PT|(uncoded - no MedDRA SOC in source)","VERBATIM_1311","incidence","pct_subjects",
"Zanomaline High Dose (81 mg)","PT|(uncoded - no MedDRA SOC in source)","VERBATIM_1311","incidence","n_events",0
"Placebo","PT|(uncoded - no MedDRA SOC in source)","VERBATIM_1312","incidence","n_subjects",1
"Placebo","PT|(uncoded - no MedDRA SOC in source)","VERBATIM_1312","incidence","pct_subjects",1.16279069767442
"Placebo","PT|(uncoded - no MedDRA SOC in source)","VERBATIM_1312","incidence","n_events",1
"Zanomaline Low Dose (54 mg)","PT|(uncoded - no MedDRA SOC in source)","VERBATIM_1312","incidence","n_subjects",0
"Zanomaline Low Dose (54 mg)","PT|(uncoded - no MedDRA SOC in source)","VERBATIM_1312","incidence","pct_subjects",
"Zanomaline Low Dose (54 mg)","PT|(uncoded - no MedDRA SOC in source)","VERBATIM_1312","incidence","n_events",0
"Zanomaline High Dose (81 mg)","PT|(uncoded - no MedDRA SOC in source)","VERBATIM_1312","incidence","n_subjects",0
"Zanomaline High Dose (81 mg)","PT|(uncoded - no MedDRA SOC in source)","VERBATIM_1312","incidence","pct_subjects",
"Zanomaline High Dose (81 mg)","PT|(uncoded - no MedDRA SOC in source)","VERBATIM_1312","incidence","n_events",0
"Placebo","PT|(uncoded - no MedDRA SOC in source)","VERBATIM_1323","incidence","n_subjects",1
"Placebo","PT|(uncoded - no MedDRA SOC in source)","VERBATIM_1323","incidence","pct_subjects",1.16279069767442
"Placebo","PT|(uncoded - no MedDRA SOC in source)","VERBATIM_1323","incidence","n_events",1
"Zanomaline Low Dose (54 mg)","PT|(uncoded - no MedDRA SOC in source)","VERBATIM_1323","incidence","n_subjects",0
"Zanomaline Low Dose (54 mg)","PT|(uncoded - no MedDRA SOC in source)","VERBATIM_1323","incidence","pct_subjects",
"Zanomaline Low Dose (54 mg)","PT|(uncoded - no MedDRA SOC in source)","VERBATIM_1323","incidence","n_events",0
"Zanomaline High Dose (81 mg)","PT|(uncoded - no MedDRA SOC in source)","VERBATIM_1323","incidence","n_subjects",0
"Zanomaline High Dose (81 mg)","PT|(uncoded - no MedDRA SOC in source)","VERBATIM_1323","incidence","pct_subjects",
"Zanomaline High Dose (81 mg)","PT|(uncoded - no MedDRA SOC in source)","VERBATIM_1323","incidence","n_events",0
"Placebo","PT|(uncoded - no MedDRA SOC in source)","VERBATIM_1324","incidence","n_subjects",3
"Placebo","PT|(uncoded - no MedDRA SOC in source)","VERBATIM_1324","incidence","pct_subjects",3.48837209302326
"Placebo","PT|(uncoded - no MedDRA SOC in source)","VERBATIM_1324","incidence","n_events",3
"Zanomaline Low Dose (54 mg)","PT|(uncoded - no MedDRA SOC in source)","VERBATIM_1324","incidence","n_subjects",0
"Zanomaline Low Dose (54 mg)","PT|(uncoded - no MedDRA SOC in source)","VERBATIM_1324","incidence","pct_subjects",
"Zanomaline Low Dose (54 mg)","PT|(uncoded - no MedDRA SOC in source)","VERBATIM_1324","incidence","n_events",0
"Zanomaline High Dose (81 mg)","PT|(uncoded - no MedDRA SOC in source)","VERBATIM_1324","incidence","n_subjects",0
"Zanomaline High Dose (81 mg)","PT|(uncoded - no MedDRA SOC in source)","VERBATIM_1324","incidence","pct_subjects",
"Zanomaline High Dose (81 mg)","PT|(uncoded - no MedDRA SOC in source)","VERBATIM_1324","incidence","n_events",0
"Placebo","PT|(uncoded - no MedDRA SOC in source)","VERBATIM_1334","incidence","n_subjects",1
"Placebo","PT|(uncoded - no MedDRA SOC in source)","VERBATIM_1334","incidence","pct_subjects",1.16279069767442
"Placebo","PT|(uncoded - no MedDRA SOC in source)","VERBATIM_1334","incidence","n_events",1
"Zanomaline Low Dose (54 mg)","PT|(uncoded - no MedDRA SOC in source)","VERBATIM_1334","incidence","n_subjects",0
"Zanomaline Low Dose (54 mg)","PT|(uncoded - no MedDRA SOC in source)","VERBATIM_1334","incidence","pct_subjects",
"Zanomaline Low Dose (54 mg)","PT|(uncoded - no MedDRA SOC in source)","VERBATIM_1334","incidence","n_events",0
"Zanomaline High Dose (81 mg)","PT|(uncoded - no MedDRA SOC in source)","VERBATIM_1334","incidence","n_subjects",0
"Zanomaline High Dose (81 mg)","PT|(uncoded - no MedDRA SOC in source)","VERBATIM_1334","incidence","pct_subjects",
"Zanomaline High Dose (81 mg)","PT|(uncoded - no MedDRA SOC in source)","VERBATIM_1334","incidence","n_events",0
"Placebo","PT|(uncoded - no MedDRA SOC in source)","VERBATIM_1340","incidence","n_subjects",1
"Placebo","PT|(uncoded - no MedDRA SOC in source)","VERBATIM_1340","incidence","pct_subjects",1.16279069767442
"Placebo","PT|(uncoded - no MedDRA SOC in source)","VERBATIM_1340","incidence","n_events",1
"Zanomaline Low Dose (54 mg)","PT|(uncoded - no MedDRA SOC in source)","VERBATIM_1340","incidence","n_subjects",0
"Zanomaline Low Dose (54 mg)","PT|(uncoded - no MedDRA SOC in source)","VERBATIM_1340","incidence","pct_subjects",
"Zanomaline Low Dose (54 mg)","PT|(uncoded - no MedDRA SOC in source)","VERBATIM_1340","incidence","n_events",0
"Zanomaline High Dose (81 mg)","PT|(uncoded - no MedDRA SOC in source)","VERBATIM_1340","incidence","n_subjects",0
"Zanomaline High Dose (81 mg)","PT|(uncoded - no MedDRA SOC in source)","VERBATIM_1340","incidence","pct_subjects",
"Zanomaline High Dose (81 mg)","PT|(uncoded - no MedDRA SOC in source)","VERBATIM_1340","incidence","n_events",0
"Placebo","PT|(uncoded - no MedDRA SOC in source)","VERBATIM_1342","incidence","n_subjects",1
"Placebo","PT|(uncoded - no MedDRA SOC in source)","VERBATIM_1342","incidence","pct_subjects",1.16279069767442
"Placebo","PT|(uncoded - no MedDRA SOC in source)","VERBATIM_1342","incidence","n_events",1
"Zanomaline Low Dose (54 mg)","PT|(uncoded - no MedDRA SOC in source)","VERBATIM_1342","incidence","n_subjects",0
"Zanomaline Low Dose (54 mg)","PT|(uncoded - no MedDRA SOC in source)","VERBATIM_1342","incidence","pct_subjects",
"Zanomaline Low Dose (54 mg)","PT|(uncoded - no MedDRA SOC in source)","VERBATIM_1342","incidence","n_events",0
"Zanomaline High Dose (81 mg)","PT|(uncoded - no MedDRA SOC in source)","VERBATIM_1342","incidence","n_subjects",0
"Zanomaline High Dose (81 mg)","PT|(uncoded - no MedDRA SOC in source)","VERBATIM_1342","incidence","pct_subjects",
"Zanomaline High Dose (81 mg)","PT|(uncoded - no MedDRA SOC in source)","VERBATIM_1342","incidence","n_events",0
"Placebo","PT|(uncoded - no MedDRA SOC in source)","VERBATIM_1344","incidence","n_subjects",1
"Placebo","PT|(uncoded - no MedDRA SOC in source)","VERBATIM_1344","incidence","pct_subjects",1.16279069767442
"Placebo","PT|(uncoded - no MedDRA SOC in source)","VERBATIM_1344","incidence","n_events",1
"Zanomaline Low Dose (54 mg)","PT|(uncoded - no MedDRA SOC in source)","VERBATIM_1344","incidence","n_subjects",0
"Zanomaline Low Dose (54 mg)","PT|(uncoded - no MedDRA SOC in source)","VERBATIM_1344","incidence","pct_subjects",
"Zanomaline Low Dose (54 mg)","PT|(uncoded - no MedDRA SOC in source)","VERBATIM_1344","incidence","n_events",0
"Zanomaline High Dose (81 mg)","PT|(uncoded - no MedDRA SOC in source)","VERBATIM_1344","incidence","n_subjects",0
"Zanomaline High Dose (81 mg)","PT|(uncoded - no MedDRA SOC in source)","VERBATIM_1344","incidence","pct_subjects",
"Zanomaline High Dose (81 mg)","PT|(uncoded - no MedDRA SOC in source)","VERBATIM_1344","incidence","n_events",0
"Placebo","PT|(uncoded - no MedDRA SOC in source)","VERBATIM_1349","incidence","n_subjects",1
"Placebo","PT|(uncoded - no MedDRA SOC in source)","VERBATIM_1349","incidence","pct_subjects",1.16279069767442
"Placebo","PT|(uncoded - no MedDRA SOC in source)","VERBATIM_1349","incidence","n_events",1
"Zanomaline Low Dose (54 mg)","PT|(uncoded - no MedDRA SOC in source)","VERBATIM_1349","incidence","n_subjects",0
"Zanomaline Low Dose (54 mg)","PT|(uncoded - no MedDRA SOC in source)","VERBATIM_1349","incidence","pct_subjects",
"Zanomaline Low Dose (54 mg)","PT|(uncoded - no MedDRA SOC in source)","VERBATIM_1349","incidence","n_events",0
"Zanomaline High Dose (81 mg)","PT|(uncoded - no MedDRA SOC in source)","VERBATIM_1349","incidence","n_subjects",0
"Zanomaline High Dose (81 mg)","PT|(uncoded - no MedDRA SOC in source)","VERBATIM_1349","incidence","pct_subjects",
"Zanomaline High Dose (81 mg)","PT|(uncoded - no MedDRA SOC in source)","VERBATIM_1349","incidence","n_events",0
"Placebo","PT|(uncoded - no MedDRA SOC in source)","VERBATIM_1353","incidence","n_subjects",1
"Placebo","PT|(uncoded - no MedDRA SOC in source)","VERBATIM_1353","incidence","pct_subjects",1.16279069767442
"Placebo","PT|(uncoded - no MedDRA SOC in source)","VERBATIM_1353","incidence","n_events",1
"Zanomaline Low Dose (54 mg)","PT|(uncoded - no MedDRA SOC in source)","VERBATIM_1353","incidence","n_subjects",0
"Zanomaline Low Dose (54 mg)","PT|(uncoded - no MedDRA SOC in source)","VERBATIM_1353","incidence","pct_subjects",
"Zanomaline Low Dose (54 mg)","PT|(uncoded - no MedDRA SOC in source)","VERBATIM_1353","incidence","n_events",0
"Zanomaline High Dose (81 mg)","PT|(uncoded - no MedDRA SOC in source)","VERBATIM_1353","incidence","n_subjects",0
"Zanomaline High Dose (81 mg)","PT|(uncoded - no MedDRA SOC in source)","VERBATIM_1353","incidence","pct_subjects",
"Zanomaline High Dose (81 mg)","PT|(uncoded - no MedDRA SOC in source)","VERBATIM_1353","incidence","n_events",0
"Placebo","PT|(uncoded - no MedDRA SOC in source)","VERBATIM_1355","incidence","n_subjects",1
"Placebo","PT|(uncoded - no MedDRA SOC in source)","VERBATIM_1355","incidence","pct_subjects",1.16279069767442
"Placebo","PT|(uncoded - no MedDRA SOC in source)","VERBATIM_1355","incidence","n_events",1
"Zanomaline Low Dose (54 mg)","PT|(uncoded - no MedDRA SOC in source)","VERBATIM_1355","incidence","n_subjects",0
"Zanomaline Low Dose (54 mg)","PT|(uncoded - no MedDRA SOC in source)","VERBATIM_1355","incidence","pct_subjects",
"Zanomaline Low Dose (54 mg)","PT|(uncoded - no MedDRA SOC in source)","VERBATIM_1355","incidence","n_events",0
"Zanomaline High Dose (81 mg)","PT|(uncoded - no MedDRA SOC in source)","VERBATIM_1355","incidence","n_subjects",0
"Zanomaline High Dose (81 mg)","PT|(uncoded - no MedDRA SOC in source)","VERBATIM_1355","incidence","pct_subjects",
"Zanomaline High Dose (81 mg)","PT|(uncoded - no MedDRA SOC in source)","VERBATIM_1355","incidence","n_events",0
"Placebo","PT|(uncoded - no MedDRA SOC in source)","VERBATIM_1358","incidence","n_subjects",1
"Placebo","PT|(uncoded - no MedDRA SOC in source)","VERBATIM_1358","incidence","pct_subjects",1.16279069767442
"Placebo","PT|(uncoded - no MedDRA SOC in source)","VERBATIM_1358","incidence","n_events",1
"Zanomaline Low Dose (54 mg)","PT|(uncoded - no MedDRA SOC in source)","VERBATIM_1358","incidence","n_subjects",0
"Zanomaline Low Dose (54 mg)","PT|(uncoded - no MedDRA SOC in source)","VERBATIM_1358","incidence","pct_subjects",
"Zanomaline Low Dose (54 mg)","PT|(uncoded - no MedDRA SOC in source)","VERBATIM_1358","incidence","n_events",0
"Zanomaline High Dose (81 mg)","PT|(uncoded - no MedDRA SOC in source)","VERBATIM_1358","incidence","n_subjects",0
"Zanomaline High Dose (81 mg)","PT|(uncoded - no MedDRA SOC in source)","VERBATIM_1358","incidence","pct_subjects",
"Zanomaline High Dose (81 mg)","PT|(uncoded - no MedDRA SOC in source)","VERBATIM_1358","incidence","n_events",0
"Placebo","PT|(uncoded - no MedDRA SOC in source)","VERBATIM_1364","incidence","n_subjects",1
"Placebo","PT|(uncoded - no MedDRA SOC in source)","VERBATIM_1364","incidence","pct_subjects",1.16279069767442
"Placebo","PT|(uncoded - no MedDRA SOC in source)","VERBATIM_1364","incidence","n_events",1
"Zanomaline Low Dose (54 mg)","PT|(uncoded - no MedDRA SOC in source)","VERBATIM_1364","incidence","n_subjects",0
"Zanomaline Low Dose (54 mg)","PT|(uncoded - no MedDRA SOC in source)","VERBATIM_1364","incidence","pct_subjects",
"Zanomaline Low Dose (54 mg)","PT|(uncoded - no MedDRA SOC in source)","VERBATIM_1364","incidence","n_events",0
"Zanomaline High Dose (81 mg)","PT|(uncoded - no MedDRA SOC in source)","VERBATIM_1364","incidence","n_subjects",0
"Zanomaline High Dose (81 mg)","PT|(uncoded - no MedDRA SOC in source)","VERBATIM_1364","incidence","pct_subjects",
"Zanomaline High Dose (81 mg)","PT|(uncoded - no MedDRA SOC in source)","VERBATIM_1364","incidence","n_events",0
"Placebo","PT|(uncoded - no MedDRA SOC in source)","VERBATIM_1371","incidence","n_subjects",1
"Placebo","PT|(uncoded - no MedDRA SOC in source)","VERBATIM_1371","incidence","pct_subjects",1.16279069767442
"Placebo","PT|(uncoded - no MedDRA SOC in source)","VERBATIM_1371","incidence","n_events",1
"Zanomaline Low Dose (54 mg)","PT|(uncoded - no MedDRA SOC in source)","VERBATIM_1371","incidence","n_subjects",0
"Zanomaline Low Dose (54 mg)","PT|(uncoded - no MedDRA SOC in source)","VERBATIM_1371","incidence","pct_subjects",
"Zanomaline Low Dose (54 mg)","PT|(uncoded - no MedDRA SOC in source)","VERBATIM_1371","incidence","n_events",0
"Zanomaline High Dose (81 mg)","PT|(uncoded - no MedDRA SOC in source)","VERBATIM_1371","incidence","n_subjects",0
"Zanomaline High Dose (81 mg)","PT|(uncoded - no MedDRA SOC in source)","VERBATIM_1371","incidence","pct_subjects",
"Zanomaline High Dose (81 mg)","PT|(uncoded - no MedDRA SOC in source)","VERBATIM_1371","incidence","n_events",0
"Placebo","PT|(uncoded - no MedDRA SOC in source)","VERBATIM_1377","incidence","n_subjects",1
"Placebo","PT|(uncoded - no MedDRA SOC in source)","VERBATIM_1377","incidence","pct_subjects",1.16279069767442
"Placebo","PT|(uncoded - no MedDRA SOC in source)","VERBATIM_1377","incidence","n_events",1
"Zanomaline Low Dose (54 mg)","PT|(uncoded - no MedDRA SOC in source)","VERBATIM_1377","incidence","n_subjects",0
"Zanomaline Low Dose (54 mg)","PT|(uncoded - no MedDRA SOC in source)","VERBATIM_1377","incidence","pct_subjects",
"Zanomaline Low Dose (54 mg)","PT|(uncoded - no MedDRA SOC in source)","VERBATIM_1377","incidence","n_events",0
"Zanomaline High Dose (81 mg)","PT|(uncoded - no MedDRA SOC in source)","VERBATIM_1377","incidence","n_subjects",0
"Zanomaline High Dose (81 mg)","PT|(uncoded - no MedDRA SOC in source)","VERBATIM_1377","incidence","pct_subjects",
"Zanomaline High Dose (81 mg)","PT|(uncoded - no MedDRA SOC in source)","VERBATIM_1377","incidence","n_events",0
"Placebo","PT|(uncoded - no MedDRA SOC in source)","VERBATIM_1381","incidence","n_subjects",1
"Placebo","PT|(uncoded - no MedDRA SOC in source)","VERBATIM_1381","incidence","pct_subjects",1.16279069767442
"Placebo","PT|(uncoded - no MedDRA SOC in source)","VERBATIM_1381","incidence","n_events",1
"Zanomaline Low Dose (54 mg)","PT|(uncoded - no MedDRA SOC in source)","VERBATIM_1381","incidence","n_subjects",0
"Zanomaline Low Dose (54 mg)","PT|(uncoded - no MedDRA SOC in source)","VERBATIM_1381","incidence","pct_subjects",
"Zanomaline Low Dose (54 mg)","PT|(uncoded - no MedDRA SOC in source)","VERBATIM_1381","incidence","n_events",0
"Zanomaline High Dose (81 mg)","PT|(uncoded - no MedDRA SOC in source)","VERBATIM_1381","incidence","n_subjects",0
"Zanomaline High Dose (81 mg)","PT|(uncoded - no MedDRA SOC in source)","VERBATIM_1381","incidence","pct_subjects",
"Zanomaline High Dose (81 mg)","PT|(uncoded - no MedDRA SOC in source)","VERBATIM_1381","incidence","n_events",0
"Placebo","PT|(uncoded - no MedDRA SOC in source)","VERBATIM_1388","incidence","n_subjects",1
"Placebo","PT|(uncoded - no MedDRA SOC in source)","VERBATIM_1388","incidence","pct_subjects",1.16279069767442
"Placebo","PT|(uncoded - no MedDRA SOC in source)","VERBATIM_1388","incidence","n_events",1
"Zanomaline Low Dose (54 mg)","PT|(uncoded - no MedDRA SOC in source)","VERBATIM_1388","incidence","n_subjects",0
"Zanomaline Low Dose (54 mg)","PT|(uncoded - no MedDRA SOC in source)","VERBATIM_1388","incidence","pct_subjects",
"Zanomaline Low Dose (54 mg)","PT|(uncoded - no MedDRA SOC in source)","VERBATIM_1388","incidence","n_events",0
"Zanomaline High Dose (81 mg)","PT|(uncoded - no MedDRA SOC in source)","VERBATIM_1388","incidence","n_subjects",0
"Zanomaline High Dose (81 mg)","PT|(uncoded - no MedDRA SOC in source)","VERBATIM_1388","incidence","pct_subjects",
"Zanomaline High Dose (81 mg)","PT|(uncoded - no MedDRA SOC in source)","VERBATIM_1388","incidence","n_events",0
"Placebo","PT|(uncoded - no MedDRA SOC in source)","VERBATIM_1390","incidence","n_subjects",1
"Placebo","PT|(uncoded - no MedDRA SOC in source)","VERBATIM_1390","incidence","pct_subjects",1.16279069767442
"Placebo","PT|(uncoded - no MedDRA SOC in source)","VERBATIM_1390","incidence","n_events",1
"Zanomaline Low Dose (54 mg)","PT|(uncoded - no MedDRA SOC in source)","VERBATIM_1390","incidence","n_subjects",0
"Zanomaline Low Dose (54 mg)","PT|(uncoded - no MedDRA SOC in source)","VERBATIM_1390","incidence","pct_subjects",
"Zanomaline Low Dose (54 mg)","PT|(uncoded - no MedDRA SOC in source)","VERBATIM_1390","incidence","n_events",0
"Zanomaline High Dose (81 mg)","PT|(uncoded - no MedDRA SOC in source)","VERBATIM_1390","incidence","n_subjects",0
"Zanomaline High Dose (81 mg)","PT|(uncoded - no MedDRA SOC in source)","VERBATIM_1390","incidence","pct_subjects",
"Zanomaline High Dose (81 mg)","PT|(uncoded - no MedDRA SOC in source)","VERBATIM_1390","incidence","n_events",0
"Placebo","PT|(uncoded - no MedDRA SOC in source)","VERBATIM_1392","incidence","n_subjects",1
"Placebo","PT|(uncoded - no MedDRA SOC in source)","VERBATIM_1392","incidence","pct_subjects",1.16279069767442
"Placebo","PT|(uncoded - no MedDRA SOC in source)","VERBATIM_1392","incidence","n_events",1
"Zanomaline Low Dose (54 mg)","PT|(uncoded - no MedDRA SOC in source)","VERBATIM_1392","incidence","n_subjects",0
"Zanomaline Low Dose (54 mg)","PT|(uncoded - no MedDRA SOC in source)","VERBATIM_1392","incidence","pct_subjects",
"Zanomaline Low Dose (54 mg)","PT|(uncoded - no MedDRA SOC in source)","VERBATIM_1392","incidence","n_events",0
"Zanomaline High Dose (81 mg)","PT|(uncoded - no MedDRA SOC in source)","VERBATIM_1392","incidence","n_subjects",0
"Zanomaline High Dose (81 mg)","PT|(uncoded - no MedDRA SOC in source)","VERBATIM_1392","incidence","pct_subjects",
"Zanomaline High Dose (81 mg)","PT|(uncoded - no MedDRA SOC in source)","VERBATIM_1392","incidence","n_events",0
"Placebo","PT|(uncoded - no MedDRA SOC in source)","VERBATIM_1394","incidence","n_subjects",1
"Placebo","PT|(uncoded - no MedDRA SOC in source)","VERBATIM_1394","incidence","pct_subjects",1.16279069767442
"Placebo","PT|(uncoded - no MedDRA SOC in source)","VERBATIM_1394","incidence","n_events",1
"Zanomaline Low Dose (54 mg)","PT|(uncoded - no MedDRA SOC in source)","VERBATIM_1394","incidence","n_subjects",0
"Zanomaline Low Dose (54 mg)","PT|(uncoded - no MedDRA SOC in source)","VERBATIM_1394","incidence","pct_subjects",
"Zanomaline Low Dose (54 mg)","PT|(uncoded - no MedDRA SOC in source)","VERBATIM_1394","incidence","n_events",0
"Zanomaline High Dose (81 mg)","PT|(uncoded - no MedDRA SOC in source)","VERBATIM_1394","incidence","n_subjects",0
"Zanomaline High Dose (81 mg)","PT|(uncoded - no MedDRA SOC in source)","VERBATIM_1394","incidence","pct_subjects",
"Zanomaline High Dose (81 mg)","PT|(uncoded - no MedDRA SOC in source)","VERBATIM_1394","incidence","n_events",0
"Placebo","PT|(uncoded - no MedDRA SOC in source)","VERBATIM_1402","incidence","n_subjects",1
"Placebo","PT|(uncoded - no MedDRA SOC in source)","VERBATIM_1402","incidence","pct_subjects",1.16279069767442
"Placebo","PT|(uncoded - no MedDRA SOC in source)","VERBATIM_1402","incidence","n_events",1
"Zanomaline Low Dose (54 mg)","PT|(uncoded - no MedDRA SOC in source)","VERBATIM_1402","incidence","n_subjects",0
"Zanomaline Low Dose (54 mg)","PT|(uncoded - no MedDRA SOC in source)","VERBATIM_1402","incidence","pct_subjects",
"Zanomaline Low Dose (54 mg)","PT|(uncoded - no MedDRA SOC in source)","VERBATIM_1402","incidence","n_events",0
"Zanomaline High Dose (81 mg)","PT|(uncoded - no MedDRA SOC in source)","VERBATIM_1402","incidence","n_subjects",0
"Zanomaline High Dose (81 mg)","PT|(uncoded - no MedDRA SOC in source)","VERBATIM_1402","incidence","pct_subjects",
"Zanomaline High Dose (81 mg)","PT|(uncoded - no MedDRA SOC in source)","VERBATIM_1402","incidence","n_events",0
"Placebo","PT|(uncoded - no MedDRA SOC in source)","VERBATIM_1403","incidence","n_subjects",1
"Placebo","PT|(uncoded - no MedDRA SOC in source)","VERBATIM_1403","incidence","pct_subjects",1.16279069767442
"Placebo","PT|(uncoded - no MedDRA SOC in source)","VERBATIM_1403","incidence","n_events",1
"Zanomaline Low Dose (54 mg)","PT|(uncoded - no MedDRA SOC in source)","VERBATIM_1403","incidence","n_subjects",0
"Zanomaline Low Dose (54 mg)","PT|(uncoded - no MedDRA SOC in source)","VERBATIM_1403","incidence","pct_subjects",
"Zanomaline Low Dose (54 mg)","PT|(uncoded - no MedDRA SOC in source)","VERBATIM_1403","incidence","n_events",0
"Zanomaline High Dose (81 mg)","PT|(uncoded - no MedDRA SOC in source)","VERBATIM_1403","incidence","n_subjects",0
"Zanomaline High Dose (81 mg)","PT|(uncoded - no MedDRA SOC in source)","VERBATIM_1403","incidence","pct_subjects",
"Zanomaline High Dose (81 mg)","PT|(uncoded - no MedDRA SOC in source)","VERBATIM_1403","incidence","n_events",0
"Placebo","PT|(uncoded - no MedDRA SOC in source)","VERBATIM_1405","incidence","n_subjects",1
"Placebo","PT|(uncoded - no MedDRA SOC in source)","VERBATIM_1405","incidence","pct_subjects",1.16279069767442
"Placebo","PT|(uncoded - no MedDRA SOC in source)","VERBATIM_1405","incidence","n_events",1
"Zanomaline Low Dose (54 mg)","PT|(uncoded - no MedDRA SOC in source)","VERBATIM_1405","incidence","n_subjects",0
"Zanomaline Low Dose (54 mg)","PT|(uncoded - no MedDRA SOC in source)","VERBATIM_1405","incidence","pct_subjects",
"Zanomaline Low Dose (54 mg)","PT|(uncoded - no MedDRA SOC in source)","VERBATIM_1405","incidence","n_events",0
"Zanomaline High Dose (81 mg)","PT|(uncoded - no MedDRA SOC in source)","VERBATIM_1405","incidence","n_subjects",0
"Zanomaline High Dose (81 mg)","PT|(uncoded - no MedDRA SOC in source)","VERBATIM_1405","incidence","pct_subjects",
"Zanomaline High Dose (81 mg)","PT|(uncoded - no MedDRA SOC in source)","VERBATIM_1405","incidence","n_events",0
"Placebo","PT|(uncoded - no MedDRA SOC in source)","VERBATIM_1410","incidence","n_subjects",1
"Placebo","PT|(uncoded - no MedDRA SOC in source)","VERBATIM_1410","incidence","pct_subjects",1.16279069767442
"Placebo","PT|(uncoded - no MedDRA SOC in source)","VERBATIM_1410","incidence","n_events",1
"Zanomaline Low Dose (54 mg)","PT|(uncoded - no MedDRA SOC in source)","VERBATIM_1410","incidence","n_subjects",0
"Zanomaline Low Dose (54 mg)","PT|(uncoded - no MedDRA SOC in source)","VERBATIM_1410","incidence","pct_subjects",
"Zanomaline Low Dose (54 mg)","PT|(uncoded - no MedDRA SOC in source)","VERBATIM_1410","incidence","n_events",0
"Zanomaline High Dose (81 mg)","PT|(uncoded - no MedDRA SOC in source)","VERBATIM_1410","incidence","n_subjects",0
"Zanomaline High Dose (81 mg)","PT|(uncoded - no MedDRA SOC in source)","VERBATIM_1410","incidence","pct_subjects",
"Zanomaline High Dose (81 mg)","PT|(uncoded - no MedDRA SOC in source)","VERBATIM_1410","incidence","n_events",0
"Placebo","PT|(uncoded - no MedDRA SOC in source)","VERBATIM_1415","incidence","n_subjects",1
"Placebo","PT|(uncoded - no MedDRA SOC in source)","VERBATIM_1415","incidence","pct_subjects",1.16279069767442
"Placebo","PT|(uncoded - no MedDRA SOC in source)","VERBATIM_1415","incidence","n_events",1
"Zanomaline Low Dose (54 mg)","PT|(uncoded - no MedDRA SOC in source)","VERBATIM_1415","incidence","n_subjects",0
"Zanomaline Low Dose (54 mg)","PT|(uncoded - no MedDRA SOC in source)","VERBATIM_1415","incidence","pct_subjects",
"Zanomaline Low Dose (54 mg)","PT|(uncoded - no MedDRA SOC in source)","VERBATIM_1415","incidence","n_events",0
"Zanomaline High Dose (81 mg)","PT|(uncoded - no MedDRA SOC in source)","VERBATIM_1415","incidence","n_subjects",0
"Zanomaline High Dose (81 mg)","PT|(uncoded - no MedDRA SOC in source)","VERBATIM_1415","incidence","pct_subjects",
"Zanomaline High Dose (81 mg)","PT|(uncoded - no MedDRA SOC in source)","VERBATIM_1415","incidence","n_events",0
"Placebo","PT|(uncoded - no MedDRA SOC in source)","VERBATIM_1424","incidence","n_subjects",1
"Placebo","PT|(uncoded - no MedDRA SOC in source)","VERBATIM_1424","incidence","pct_subjects",1.16279069767442
"Placebo","PT|(uncoded - no MedDRA SOC in source)","VERBATIM_1424","incidence","n_events",1
"Zanomaline Low Dose (54 mg)","PT|(uncoded - no MedDRA SOC in source)","VERBATIM_1424","incidence","n_subjects",0
"Zanomaline Low Dose (54 mg)","PT|(uncoded - no MedDRA SOC in source)","VERBATIM_1424","incidence","pct_subjects",
"Zanomaline Low Dose (54 mg)","PT|(uncoded - no MedDRA SOC in source)","VERBATIM_1424","incidence","n_events",0
"Zanomaline High Dose (81 mg)","PT|(uncoded - no MedDRA SOC in source)","VERBATIM_1424","incidence","n_subjects",0
"Zanomaline High Dose (81 mg)","PT|(uncoded - no MedDRA SOC in source)","VERBATIM_1424","incidence","pct_subjects",
"Zanomaline High Dose (81 mg)","PT|(uncoded - no MedDRA SOC in source)","VERBATIM_1424","incidence","n_events",0
"Placebo","PT|(uncoded - no MedDRA SOC in source)","VERBATIM_1428","incidence","n_subjects",1
"Placebo","PT|(uncoded - no MedDRA SOC in source)","VERBATIM_1428","incidence","pct_subjects",1.16279069767442
"Placebo","PT|(uncoded - no MedDRA SOC in source)","VERBATIM_1428","incidence","n_events",1
"Zanomaline Low Dose (54 mg)","PT|(uncoded - no MedDRA SOC in source)","VERBATIM_1428","incidence","n_subjects",0
"Zanomaline Low Dose (54 mg)","PT|(uncoded - no MedDRA SOC in source)","VERBATIM_1428","incidence","pct_subjects",
"Zanomaline Low Dose (54 mg)","PT|(uncoded - no MedDRA SOC in source)","VERBATIM_1428","incidence","n_events",0
"Zanomaline High Dose (81 mg)","PT|(uncoded - no MedDRA SOC in source)","VERBATIM_1428","incidence","n_subjects",0
"Zanomaline High Dose (81 mg)","PT|(uncoded - no MedDRA SOC in source)","VERBATIM_1428","incidence","pct_subjects",
"Zanomaline High Dose (81 mg)","PT|(uncoded - no MedDRA SOC in source)","VERBATIM_1428","incidence","n_events",0
"Placebo","PT|(uncoded - no MedDRA SOC in source)","VERBATIM_1436","incidence","n_subjects",1
"Placebo","PT|(uncoded - no MedDRA SOC in source)","VERBATIM_1436","incidence","pct_subjects",1.16279069767442
"Placebo","PT|(uncoded - no MedDRA SOC in source)","VERBATIM_1436","incidence","n_events",1
"Zanomaline Low Dose (54 mg)","PT|(uncoded - no MedDRA SOC in source)","VERBATIM_1436","incidence","n_subjects",0
"Zanomaline Low Dose (54 mg)","PT|(uncoded - no MedDRA SOC in source)","VERBATIM_1436","incidence","pct_subjects",
"Zanomaline Low Dose (54 mg)","PT|(uncoded - no MedDRA SOC in source)","VERBATIM_1436","incidence","n_events",0
"Zanomaline High Dose (81 mg)","PT|(uncoded - no MedDRA SOC in source)","VERBATIM_1436","incidence","n_subjects",0
"Zanomaline High Dose (81 mg)","PT|(uncoded - no MedDRA SOC in source)","VERBATIM_1436","incidence","pct_subjects",
"Zanomaline High Dose (81 mg)","PT|(uncoded - no MedDRA SOC in source)","VERBATIM_1436","incidence","n_events",0
"Placebo","PT|(uncoded - no MedDRA SOC in source)","VERBATIM_1437","incidence","n_subjects",1
"Placebo","PT|(uncoded - no MedDRA SOC in source)","VERBATIM_1437","incidence","pct_subjects",1.16279069767442
"Placebo","PT|(uncoded - no MedDRA SOC in source)","VERBATIM_1437","incidence","n_events",1
"Zanomaline Low Dose (54 mg)","PT|(uncoded - no MedDRA SOC in source)","VERBATIM_1437","incidence","n_subjects",0
"Zanomaline Low Dose (54 mg)","PT|(uncoded - no MedDRA SOC in source)","VERBATIM_1437","incidence","pct_subjects",
"Zanomaline Low Dose (54 mg)","PT|(uncoded - no MedDRA SOC in source)","VERBATIM_1437","incidence","n_events",0
"Zanomaline High Dose (81 mg)","PT|(uncoded - no MedDRA SOC in source)","VERBATIM_1437","incidence","n_subjects",0
"Zanomaline High Dose (81 mg)","PT|(uncoded - no MedDRA SOC in source)","VERBATIM_1437","incidence","pct_subjects",
"Zanomaline High Dose (81 mg)","PT|(uncoded - no MedDRA SOC in source)","VERBATIM_1437","incidence","n_events",0
"Placebo","PT|(uncoded - no MedDRA SOC in source)","VERBATIM_1438","incidence","n_subjects",1
"Placebo","PT|(uncoded - no MedDRA SOC in source)","VERBATIM_1438","incidence","pct_subjects",1.16279069767442
"Placebo","PT|(uncoded - no MedDRA SOC in source)","VERBATIM_1438","incidence","n_events",2
"Zanomaline Low Dose (54 mg)","PT|(uncoded - no MedDRA SOC in source)","VERBATIM_1438","incidence","n_subjects",0
"Zanomaline Low Dose (54 mg)","PT|(uncoded - no MedDRA SOC in source)","VERBATIM_1438","incidence","pct_subjects",
"Zanomaline Low Dose (54 mg)","PT|(uncoded - no MedDRA SOC in source)","VERBATIM_1438","incidence","n_events",0
"Zanomaline High Dose (81 mg)","PT|(uncoded - no MedDRA SOC in source)","VERBATIM_1438","incidence","n_subjects",0
"Zanomaline High Dose (81 mg)","PT|(uncoded - no MedDRA SOC in source)","VERBATIM_1438","incidence","pct_subjects",
"Zanomaline High Dose (81 mg)","PT|(uncoded - no MedDRA SOC in source)","VERBATIM_1438","incidence","n_events",0
"Placebo","PT|(uncoded - no MedDRA SOC in source)","VERBATIM_1439","incidence","n_subjects",1
"Placebo","PT|(uncoded - no MedDRA SOC in source)","VERBATIM_1439","incidence","pct_subjects",1.16279069767442
"Placebo","PT|(uncoded - no MedDRA SOC in source)","VERBATIM_1439","incidence","n_events",1
"Zanomaline Low Dose (54 mg)","PT|(uncoded - no MedDRA SOC in source)","VERBATIM_1439","incidence","n_subjects",0
"Zanomaline Low Dose (54 mg)","PT|(uncoded - no MedDRA SOC in source)","VERBATIM_1439","incidence","pct_subjects",
"Zanomaline Low Dose (54 mg)","PT|(uncoded - no MedDRA SOC in source)","VERBATIM_1439","incidence","n_events",0
"Zanomaline High Dose (81 mg)","PT|(uncoded - no MedDRA SOC in source)","VERBATIM_1439","incidence","n_subjects",0
"Zanomaline High Dose (81 mg)","PT|(uncoded - no MedDRA SOC in source)","VERBATIM_1439","incidence","pct_subjects",
"Zanomaline High Dose (81 mg)","PT|(uncoded - no MedDRA SOC in source)","VERBATIM_1439","incidence","n_events",0
"Placebo","PT|(uncoded - no MedDRA SOC in source)","VERBATIM_1443","incidence","n_subjects",1
"Placebo","PT|(uncoded - no MedDRA SOC in source)","VERBATIM_1443","incidence","pct_subjects",1.16279069767442
"Placebo","PT|(uncoded - no MedDRA SOC in source)","VERBATIM_1443","incidence","n_events",1
"Zanomaline Low Dose (54 mg)","PT|(uncoded - no MedDRA SOC in source)","VERBATIM_1443","incidence","n_subjects",0
"Zanomaline Low Dose (54 mg)","PT|(uncoded - no MedDRA SOC in source)","VERBATIM_1443","incidence","pct_subjects",
"Zanomaline Low Dose (54 mg)","PT|(uncoded - no MedDRA SOC in source)","VERBATIM_1443","incidence","n_events",0
"Zanomaline High Dose (81 mg)","PT|(uncoded - no MedDRA SOC in source)","VERBATIM_1443","incidence","n_subjects",0
"Zanomaline High Dose (81 mg)","PT|(uncoded - no MedDRA SOC in source)","VERBATIM_1443","incidence","pct_subjects",
"Zanomaline High Dose (81 mg)","PT|(uncoded - no MedDRA SOC in source)","VERBATIM_1443","incidence","n_events",0
"Placebo","PT|(uncoded - no MedDRA SOC in source)","VERBATIM_1446","incidence","n_subjects",1
"Placebo","PT|(uncoded - no MedDRA SOC in source)","VERBATIM_1446","incidence","pct_subjects",1.16279069767442
"Placebo","PT|(uncoded - no MedDRA SOC in source)","VERBATIM_1446","incidence","n_events",1
"Zanomaline Low Dose (54 mg)","PT|(uncoded - no MedDRA SOC in source)","VERBATIM_1446","incidence","n_subjects",0
"Zanomaline Low Dose (54 mg)","PT|(uncoded - no MedDRA SOC in source)","VERBATIM_1446","incidence","pct_subjects",
"Zanomaline Low Dose (54 mg)","PT|(uncoded - no MedDRA SOC in source)","VERBATIM_1446","incidence","n_events",0
"Zanomaline High Dose (81 mg)","PT|(uncoded - no MedDRA SOC in source)","VERBATIM_1446","incidence","n_subjects",0
"Zanomaline High Dose (81 mg)","PT|(uncoded - no MedDRA SOC in source)","VERBATIM_1446","incidence","pct_subjects",
"Zanomaline High Dose (81 mg)","PT|(uncoded - no MedDRA SOC in source)","VERBATIM_1446","incidence","n_events",0
"Placebo","PT|(uncoded - no MedDRA SOC in source)","VERBATIM_1454","incidence","n_subjects",1
"Placebo","PT|(uncoded - no MedDRA SOC in source)","VERBATIM_1454","incidence","pct_subjects",1.16279069767442
"Placebo","PT|(uncoded - no MedDRA SOC in source)","VERBATIM_1454","incidence","n_events",1
"Zanomaline Low Dose (54 mg)","PT|(uncoded - no MedDRA SOC in source)","VERBATIM_1454","incidence","n_subjects",0
"Zanomaline Low Dose (54 mg)","PT|(uncoded - no MedDRA SOC in source)","VERBATIM_1454","incidence","pct_subjects",
"Zanomaline Low Dose (54 mg)","PT|(uncoded - no MedDRA SOC in source)","VERBATIM_1454","incidence","n_events",0
"Zanomaline High Dose (81 mg)","PT|(uncoded - no MedDRA SOC in source)","VERBATIM_1454","incidence","n_subjects",0
"Zanomaline High Dose (81 mg)","PT|(uncoded - no MedDRA SOC in source)","VERBATIM_1454","incidence","pct_subjects",
"Zanomaline High Dose (81 mg)","PT|(uncoded - no MedDRA SOC in source)","VERBATIM_1454","incidence","n_events",0
"Placebo","PT|(uncoded - no MedDRA SOC in source)","VERBATIM_1460","incidence","n_subjects",1
"Placebo","PT|(uncoded - no MedDRA SOC in source)","VERBATIM_1460","incidence","pct_subjects",1.16279069767442
"Placebo","PT|(uncoded - no MedDRA SOC in source)","VERBATIM_1460","incidence","n_events",1
"Zanomaline Low Dose (54 mg)","PT|(uncoded - no MedDRA SOC in source)","VERBATIM_1460","incidence","n_subjects",0
"Zanomaline Low Dose (54 mg)","PT|(uncoded - no MedDRA SOC in source)","VERBATIM_1460","incidence","pct_subjects",
"Zanomaline Low Dose (54 mg)","PT|(uncoded - no MedDRA SOC in source)","VERBATIM_1460","incidence","n_events",0
"Zanomaline High Dose (81 mg)","PT|(uncoded - no MedDRA SOC in source)","VERBATIM_1460","incidence","n_subjects",0
"Zanomaline High Dose (81 mg)","PT|(uncoded - no MedDRA SOC in source)","VERBATIM_1460","incidence","pct_subjects",
"Zanomaline High Dose (81 mg)","PT|(uncoded - no MedDRA SOC in source)","VERBATIM_1460","incidence","n_events",0
"Placebo","PT|(uncoded - no MedDRA SOC in source)","VERBATIM_1461","incidence","n_subjects",1
"Placebo","PT|(uncoded - no MedDRA SOC in source)","VERBATIM_1461","incidence","pct_subjects",1.16279069767442
"Placebo","PT|(uncoded - no MedDRA SOC in source)","VERBATIM_1461","incidence","n_events",1
"Zanomaline Low Dose (54 mg)","PT|(uncoded - no MedDRA SOC in source)","VERBATIM_1461","incidence","n_subjects",0
"Zanomaline Low Dose (54 mg)","PT|(uncoded - no MedDRA SOC in source)","VERBATIM_1461","incidence","pct_subjects",
"Zanomaline Low Dose (54 mg)","PT|(uncoded - no MedDRA SOC in source)","VERBATIM_1461","incidence","n_events",0
"Zanomaline High Dose (81 mg)","PT|(uncoded - no MedDRA SOC in source)","VERBATIM_1461","incidence","n_subjects",0
"Zanomaline High Dose (81 mg)","PT|(uncoded - no MedDRA SOC in source)","VERBATIM_1461","incidence","pct_subjects",
"Zanomaline High Dose (81 mg)","PT|(uncoded - no MedDRA SOC in source)","VERBATIM_1461","incidence","n_events",0
"Placebo","PT|(uncoded - no MedDRA SOC in source)","VERBATIM_1473","incidence","n_subjects",1
"Placebo","PT|(uncoded - no MedDRA SOC in source)","VERBATIM_1473","incidence","pct_subjects",1.16279069767442
"Placebo","PT|(uncoded - no MedDRA SOC in source)","VERBATIM_1473","incidence","n_events",1
"Zanomaline Low Dose (54 mg)","PT|(uncoded - no MedDRA SOC in source)","VERBATIM_1473","incidence","n_subjects",0
"Zanomaline Low Dose (54 mg)","PT|(uncoded - no MedDRA SOC in source)","VERBATIM_1473","incidence","pct_subjects",
"Zanomaline Low Dose (54 mg)","PT|(uncoded - no MedDRA SOC in source)","VERBATIM_1473","incidence","n_events",0
"Zanomaline High Dose (81 mg)","PT|(uncoded - no MedDRA SOC in source)","VERBATIM_1473","incidence","n_subjects",0
"Zanomaline High Dose (81 mg)","PT|(uncoded - no MedDRA SOC in source)","VERBATIM_1473","incidence","pct_subjects",
"Zanomaline High Dose (81 mg)","PT|(uncoded - no MedDRA SOC in source)","VERBATIM_1473","incidence","n_events",0
"Placebo","PT|(uncoded - no MedDRA SOC in source)","VERBATIM_1484","incidence","n_subjects",1
"Placebo","PT|(uncoded - no MedDRA SOC in source)","VERBATIM_1484","incidence","pct_subjects",1.16279069767442
"Placebo","PT|(uncoded - no MedDRA SOC in source)","VERBATIM_1484","incidence","n_events",1
"Zanomaline Low Dose (54 mg)","PT|(uncoded - no MedDRA SOC in source)","VERBATIM_1484","incidence","n_subjects",0
"Zanomaline Low Dose (54 mg)","PT|(uncoded - no MedDRA SOC in source)","VERBATIM_1484","incidence","pct_subjects",
"Zanomaline Low Dose (54 mg)","PT|(uncoded - no MedDRA SOC in source)","VERBATIM_1484","incidence","n_events",0
"Zanomaline High Dose (81 mg)","PT|(uncoded - no MedDRA SOC in source)","VERBATIM_1484","incidence","n_subjects",0
"Zanomaline High Dose (81 mg)","PT|(uncoded - no MedDRA SOC in source)","VERBATIM_1484","incidence","pct_subjects",
"Zanomaline High Dose (81 mg)","PT|(uncoded - no MedDRA SOC in source)","VERBATIM_1484","incidence","n_events",0
"Placebo","PT|(uncoded - no MedDRA SOC in source)","VERBATIM_1487","incidence","n_subjects",1
"Placebo","PT|(uncoded - no MedDRA SOC in source)","VERBATIM_1487","incidence","pct_subjects",1.16279069767442
"Placebo","PT|(uncoded - no MedDRA SOC in source)","VERBATIM_1487","incidence","n_events",1
"Zanomaline Low Dose (54 mg)","PT|(uncoded - no MedDRA SOC in source)","VERBATIM_1487","incidence","n_subjects",0
"Zanomaline Low Dose (54 mg)","PT|(uncoded - no MedDRA SOC in source)","VERBATIM_1487","incidence","pct_subjects",
"Zanomaline Low Dose (54 mg)","PT|(uncoded - no MedDRA SOC in source)","VERBATIM_1487","incidence","n_events",0
"Zanomaline High Dose (81 mg)","PT|(uncoded - no MedDRA SOC in source)","VERBATIM_1487","incidence","n_subjects",0
"Zanomaline High Dose (81 mg)","PT|(uncoded - no MedDRA SOC in source)","VERBATIM_1487","incidence","pct_subjects",
"Zanomaline High Dose (81 mg)","PT|(uncoded - no MedDRA SOC in source)","VERBATIM_1487","incidence","n_events",0
"Placebo","PT|(uncoded - no MedDRA SOC in source)","VERBATIM_1490","incidence","n_subjects",1
"Placebo","PT|(uncoded - no MedDRA SOC in source)","VERBATIM_1490","incidence","pct_subjects",1.16279069767442
"Placebo","PT|(uncoded - no MedDRA SOC in source)","VERBATIM_1490","incidence","n_events",1
"Zanomaline Low Dose (54 mg)","PT|(uncoded - no MedDRA SOC in source)","VERBATIM_1490","incidence","n_subjects",0
"Zanomaline Low Dose (54 mg)","PT|(uncoded - no MedDRA SOC in source)","VERBATIM_1490","incidence","pct_subjects",
"Zanomaline Low Dose (54 mg)","PT|(uncoded - no MedDRA SOC in source)","VERBATIM_1490","incidence","n_events",0
"Zanomaline High Dose (81 mg)","PT|(uncoded - no MedDRA SOC in source)","VERBATIM_1490","incidence","n_subjects",0
"Zanomaline High Dose (81 mg)","PT|(uncoded - no MedDRA SOC in source)","VERBATIM_1490","incidence","pct_subjects",
"Zanomaline High Dose (81 mg)","PT|(uncoded - no MedDRA SOC in source)","VERBATIM_1490","incidence","n_events",0
"Placebo","PT|(uncoded - no MedDRA SOC in source)","VERBATIM_1491","incidence","n_subjects",1
"Placebo","PT|(uncoded - no MedDRA SOC in source)","VERBATIM_1491","incidence","pct_subjects",1.16279069767442
"Placebo","PT|(uncoded - no MedDRA SOC in source)","VERBATIM_1491","incidence","n_events",1
"Zanomaline Low Dose (54 mg)","PT|(uncoded - no MedDRA SOC in source)","VERBATIM_1491","incidence","n_subjects",0
"Zanomaline Low Dose (54 mg)","PT|(uncoded - no MedDRA SOC in source)","VERBATIM_1491","incidence","pct_subjects",
"Zanomaline Low Dose (54 mg)","PT|(uncoded - no MedDRA SOC in source)","VERBATIM_1491","incidence","n_events",0
"Zanomaline High Dose (81 mg)","PT|(uncoded - no MedDRA SOC in source)","VERBATIM_1491","incidence","n_subjects",0
"Zanomaline High Dose (81 mg)","PT|(uncoded - no MedDRA SOC in source)","VERBATIM_1491","incidence","pct_subjects",
"Zanomaline High Dose (81 mg)","PT|(uncoded - no MedDRA SOC in source)","VERBATIM_1491","incidence","n_events",0
"Placebo","PT|(uncoded - no MedDRA SOC in source)","VERBATIM_1496","incidence","n_subjects",3
"Placebo","PT|(uncoded - no MedDRA SOC in source)","VERBATIM_1496","incidence","pct_subjects",3.48837209302326
"Placebo","PT|(uncoded - no MedDRA SOC in source)","VERBATIM_1496","incidence","n_events",3
"Zanomaline Low Dose (54 mg)","PT|(uncoded - no MedDRA SOC in source)","VERBATIM_1496","incidence","n_subjects",0
"Zanomaline Low Dose (54 mg)","PT|(uncoded - no MedDRA SOC in source)","VERBATIM_1496","incidence","pct_subjects",
"Zanomaline Low Dose (54 mg)","PT|(uncoded - no MedDRA SOC in source)","VERBATIM_1496","incidence","n_events",0
"Zanomaline High Dose (81 mg)","PT|(uncoded - no MedDRA SOC in source)","VERBATIM_1496","incidence","n_subjects",0
"Zanomaline High Dose (81 mg)","PT|(uncoded - no MedDRA SOC in source)","VERBATIM_1496","incidence","pct_subjects",
"Zanomaline High Dose (81 mg)","PT|(uncoded - no MedDRA SOC in source)","VERBATIM_1496","incidence","n_events",0
"Placebo","PT|(uncoded - no MedDRA SOC in source)","VERBATIM_1506","incidence","n_subjects",1
"Placebo","PT|(uncoded - no MedDRA SOC in source)","VERBATIM_1506","incidence","pct_subjects",1.16279069767442
"Placebo","PT|(uncoded - no MedDRA SOC in source)","VERBATIM_1506","incidence","n_events",1
"Zanomaline Low Dose (54 mg)","PT|(uncoded - no MedDRA SOC in source)","VERBATIM_1506","incidence","n_subjects",0
"Zanomaline Low Dose (54 mg)","PT|(uncoded - no MedDRA SOC in source)","VERBATIM_1506","incidence","pct_subjects",
"Zanomaline Low Dose (54 mg)","PT|(uncoded - no MedDRA SOC in source)","VERBATIM_1506","incidence","n_events",0
"Zanomaline High Dose (81 mg)","PT|(uncoded - no MedDRA SOC in source)","VERBATIM_1506","incidence","n_subjects",0
"Zanomaline High Dose (81 mg)","PT|(uncoded - no MedDRA SOC in source)","VERBATIM_1506","incidence","pct_subjects",
"Zanomaline High Dose (81 mg)","PT|(uncoded - no MedDRA SOC in source)","VERBATIM_1506","incidence","n_events",0
"Placebo","PT|(uncoded - no MedDRA SOC in source)","VERBATIM_1512","incidence","n_subjects",6
"Placebo","PT|(uncoded - no MedDRA SOC in source)","VERBATIM_1512","incidence","pct_subjects",6.97674418604651
"Placebo","PT|(uncoded - no MedDRA SOC in source)","VERBATIM_1512","incidence","n_events",6
"Zanomaline Low Dose (54 mg)","PT|(uncoded - no MedDRA SOC in source)","VERBATIM_1512","incidence","n_subjects",0
"Zanomaline Low Dose (54 mg)","PT|(uncoded - no MedDRA SOC in source)","VERBATIM_1512","incidence","pct_subjects",
"Zanomaline Low Dose (54 mg)","PT|(uncoded - no MedDRA SOC in source)","VERBATIM_1512","incidence","n_events",0
"Zanomaline High Dose (81 mg)","PT|(uncoded - no MedDRA SOC in source)","VERBATIM_1512","incidence","n_subjects",0
"Zanomaline High Dose (81 mg)","PT|(uncoded - no MedDRA SOC in source)","VERBATIM_1512","incidence","pct_subjects",
"Zanomaline High Dose (81 mg)","PT|(uncoded - no MedDRA SOC in source)","VERBATIM_1512","incidence","n_events",0
"Placebo","PT|(uncoded - no MedDRA SOC in source)","VERBATIM_1513","incidence","n_subjects",1
"Placebo","PT|(uncoded - no MedDRA SOC in source)","VERBATIM_1513","incidence","pct_subjects",1.16279069767442
"Placebo","PT|(uncoded - no MedDRA SOC in source)","VERBATIM_1513","incidence","n_events",1
"Zanomaline Low Dose (54 mg)","PT|(uncoded - no MedDRA SOC in source)","VERBATIM_1513","incidence","n_subjects",0
"Zanomaline Low Dose (54 mg)","PT|(uncoded - no MedDRA SOC in source)","VERBATIM_1513","incidence","pct_subjects",
"Zanomaline Low Dose (54 mg)","PT|(uncoded - no MedDRA SOC in source)","VERBATIM_1513","incidence","n_events",0
"Zanomaline High Dose (81 mg)","PT|(uncoded - no MedDRA SOC in source)","VERBATIM_1513","incidence","n_subjects",0
"Zanomaline High Dose (81 mg)","PT|(uncoded - no MedDRA SOC in source)","VERBATIM_1513","incidence","pct_subjects",
"Zanomaline High Dose (81 mg)","PT|(uncoded - no MedDRA SOC in source)","VERBATIM_1513","incidence","n_events",0
"Placebo","PT|(uncoded - no MedDRA SOC in source)","VERBATIM_1514","incidence","n_subjects",1
"Placebo","PT|(uncoded - no MedDRA SOC in source)","VERBATIM_1514","incidence","pct_subjects",1.16279069767442
"Placebo","PT|(uncoded - no MedDRA SOC in source)","VERBATIM_1514","incidence","n_events",1
"Zanomaline Low Dose (54 mg)","PT|(uncoded - no MedDRA SOC in source)","VERBATIM_1514","incidence","n_subjects",0
"Zanomaline Low Dose (54 mg)","PT|(uncoded - no MedDRA SOC in source)","VERBATIM_1514","incidence","pct_subjects",
"Zanomaline Low Dose (54 mg)","PT|(uncoded - no MedDRA SOC in source)","VERBATIM_1514","incidence","n_events",0
"Zanomaline High Dose (81 mg)","PT|(uncoded - no MedDRA SOC in source)","VERBATIM_1514","incidence","n_subjects",0
"Zanomaline High Dose (81 mg)","PT|(uncoded - no MedDRA SOC in source)","VERBATIM_1514","incidence","pct_subjects",
"Zanomaline High Dose (81 mg)","PT|(uncoded - no MedDRA SOC in source)","VERBATIM_1514","incidence","n_events",0
"Placebo","PT|(uncoded - no MedDRA SOC in source)","VERBATIM_1517","incidence","n_subjects",1
"Placebo","PT|(uncoded - no MedDRA SOC in source)","VERBATIM_1517","incidence","pct_subjects",1.16279069767442
"Placebo","PT|(uncoded - no MedDRA SOC in source)","VERBATIM_1517","incidence","n_events",1
"Zanomaline Low Dose (54 mg)","PT|(uncoded - no MedDRA SOC in source)","VERBATIM_1517","incidence","n_subjects",0
"Zanomaline Low Dose (54 mg)","PT|(uncoded - no MedDRA SOC in source)","VERBATIM_1517","incidence","pct_subjects",
"Zanomaline Low Dose (54 mg)","PT|(uncoded - no MedDRA SOC in source)","VERBATIM_1517","incidence","n_events",0
"Zanomaline High Dose (81 mg)","PT|(uncoded - no MedDRA SOC in source)","VERBATIM_1517","incidence","n_subjects",0
"Zanomaline High Dose (81 mg)","PT|(uncoded - no MedDRA SOC in source)","VERBATIM_1517","incidence","pct_subjects",
"Zanomaline High Dose (81 mg)","PT|(uncoded - no MedDRA SOC in source)","VERBATIM_1517","incidence","n_events",0
"Placebo","PT|(uncoded - no MedDRA SOC in source)","VERBATIM_1521","incidence","n_subjects",1
"Placebo","PT|(uncoded - no MedDRA SOC in source)","VERBATIM_1521","incidence","pct_subjects",1.16279069767442
"Placebo","PT|(uncoded - no MedDRA SOC in source)","VERBATIM_1521","incidence","n_events",1
"Zanomaline Low Dose (54 mg)","PT|(uncoded - no MedDRA SOC in source)","VERBATIM_1521","incidence","n_subjects",0
"Zanomaline Low Dose (54 mg)","PT|(uncoded - no MedDRA SOC in source)","VERBATIM_1521","incidence","pct_subjects",
"Zanomaline Low Dose (54 mg)","PT|(uncoded - no MedDRA SOC in source)","VERBATIM_1521","incidence","n_events",0
"Zanomaline High Dose (81 mg)","PT|(uncoded - no MedDRA SOC in source)","VERBATIM_1521","incidence","n_subjects",0
"Zanomaline High Dose (81 mg)","PT|(uncoded - no MedDRA SOC in source)","VERBATIM_1521","incidence","pct_subjects",
"Zanomaline High Dose (81 mg)","PT|(uncoded - no MedDRA SOC in source)","VERBATIM_1521","incidence","n_events",0
"Placebo","PT|(uncoded - no MedDRA SOC in source)","VERBATIM_1524","incidence","n_subjects",1
"Placebo","PT|(uncoded - no MedDRA SOC in source)","VERBATIM_1524","incidence","pct_subjects",1.16279069767442
"Placebo","PT|(uncoded - no MedDRA SOC in source)","VERBATIM_1524","incidence","n_events",1
"Zanomaline Low Dose (54 mg)","PT|(uncoded - no MedDRA SOC in source)","VERBATIM_1524","incidence","n_subjects",0
"Zanomaline Low Dose (54 mg)","PT|(uncoded - no MedDRA SOC in source)","VERBATIM_1524","incidence","pct_subjects",
"Zanomaline Low Dose (54 mg)","PT|(uncoded - no MedDRA SOC in source)","VERBATIM_1524","incidence","n_events",0
"Zanomaline High Dose (81 mg)","PT|(uncoded - no MedDRA SOC in source)","VERBATIM_1524","incidence","n_subjects",0
"Zanomaline High Dose (81 mg)","PT|(uncoded - no MedDRA SOC in source)","VERBATIM_1524","incidence","pct_subjects",
"Zanomaline High Dose (81 mg)","PT|(uncoded - no MedDRA SOC in source)","VERBATIM_1524","incidence","n_events",0
"Placebo","PT|(uncoded - no MedDRA SOC in source)","VERBATIM_1530","incidence","n_subjects",5
"Placebo","PT|(uncoded - no MedDRA SOC in source)","VERBATIM_1530","incidence","pct_subjects",5.81395348837209
"Placebo","PT|(uncoded - no MedDRA SOC in source)","VERBATIM_1530","incidence","n_events",5
"Zanomaline Low Dose (54 mg)","PT|(uncoded - no MedDRA SOC in source)","VERBATIM_1530","incidence","n_subjects",0
"Zanomaline Low Dose (54 mg)","PT|(uncoded - no MedDRA SOC in source)","VERBATIM_1530","incidence","pct_subjects",
"Zanomaline Low Dose (54 mg)","PT|(uncoded - no MedDRA SOC in source)","VERBATIM_1530","incidence","n_events",0
"Zanomaline High Dose (81 mg)","PT|(uncoded - no MedDRA SOC in source)","VERBATIM_1530","incidence","n_subjects",0
"Zanomaline High Dose (81 mg)","PT|(uncoded - no MedDRA SOC in source)","VERBATIM_1530","incidence","pct_subjects",
"Zanomaline High Dose (81 mg)","PT|(uncoded - no MedDRA SOC in source)","VERBATIM_1530","incidence","n_events",0
"Placebo","PT|(uncoded - no MedDRA SOC in source)","VERBATIM_1532","incidence","n_subjects",2
"Placebo","PT|(uncoded - no MedDRA SOC in source)","VERBATIM_1532","incidence","pct_subjects",2.32558139534884
"Placebo","PT|(uncoded - no MedDRA SOC in source)","VERBATIM_1532","incidence","n_events",2
"Zanomaline Low Dose (54 mg)","PT|(uncoded - no MedDRA SOC in source)","VERBATIM_1532","incidence","n_subjects",0
"Zanomaline Low Dose (54 mg)","PT|(uncoded - no MedDRA SOC in source)","VERBATIM_1532","incidence","pct_subjects",
"Zanomaline Low Dose (54 mg)","PT|(uncoded - no MedDRA SOC in source)","VERBATIM_1532","incidence","n_events",0
"Zanomaline High Dose (81 mg)","PT|(uncoded - no MedDRA SOC in source)","VERBATIM_1532","incidence","n_subjects",0
"Zanomaline High Dose (81 mg)","PT|(uncoded - no MedDRA SOC in source)","VERBATIM_1532","incidence","pct_subjects",
"Zanomaline High Dose (81 mg)","PT|(uncoded - no MedDRA SOC in source)","VERBATIM_1532","incidence","n_events",0
"Placebo","PT|(uncoded - no MedDRA SOC in source)","VERBATIM_1533","incidence","n_subjects",1
"Placebo","PT|(uncoded - no MedDRA SOC in source)","VERBATIM_1533","incidence","pct_subjects",1.16279069767442
"Placebo","PT|(uncoded - no MedDRA SOC in source)","VERBATIM_1533","incidence","n_events",1
"Zanomaline Low Dose (54 mg)","PT|(uncoded - no MedDRA SOC in source)","VERBATIM_1533","incidence","n_subjects",0
"Zanomaline Low Dose (54 mg)","PT|(uncoded - no MedDRA SOC in source)","VERBATIM_1533","incidence","pct_subjects",
"Zanomaline Low Dose (54 mg)","PT|(uncoded - no MedDRA SOC in source)","VERBATIM_1533","incidence","n_events",0
"Zanomaline High Dose (81 mg)","PT|(uncoded - no MedDRA SOC in source)","VERBATIM_1533","incidence","n_subjects",0
"Zanomaline High Dose (81 mg)","PT|(uncoded - no MedDRA SOC in source)","VERBATIM_1533","incidence","pct_subjects",
"Zanomaline High Dose (81 mg)","PT|(uncoded - no MedDRA SOC in source)","VERBATIM_1533","incidence","n_events",0
"Placebo","PT|(uncoded - no MedDRA SOC in source)","VERBATIM_1544","incidence","n_subjects",1
"Placebo","PT|(uncoded - no MedDRA SOC in source)","VERBATIM_1544","incidence","pct_subjects",1.16279069767442
"Placebo","PT|(uncoded - no MedDRA SOC in source)","VERBATIM_1544","incidence","n_events",1
"Zanomaline Low Dose (54 mg)","PT|(uncoded - no MedDRA SOC in source)","VERBATIM_1544","incidence","n_subjects",0
"Zanomaline Low Dose (54 mg)","PT|(uncoded - no MedDRA SOC in source)","VERBATIM_1544","incidence","pct_subjects",
"Zanomaline Low Dose (54 mg)","PT|(uncoded - no MedDRA SOC in source)","VERBATIM_1544","incidence","n_events",0
"Zanomaline High Dose (81 mg)","PT|(uncoded - no MedDRA SOC in source)","VERBATIM_1544","incidence","n_subjects",0
"Zanomaline High Dose (81 mg)","PT|(uncoded - no MedDRA SOC in source)","VERBATIM_1544","incidence","pct_subjects",
"Zanomaline High Dose (81 mg)","PT|(uncoded - no MedDRA SOC in source)","VERBATIM_1544","incidence","n_events",0
"Placebo","PT|(uncoded - no MedDRA SOC in source)","VERBATIM_1548","incidence","n_subjects",1
"Placebo","PT|(uncoded - no MedDRA SOC in source)","VERBATIM_1548","incidence","pct_subjects",1.16279069767442
"Placebo","PT|(uncoded - no MedDRA SOC in source)","VERBATIM_1548","incidence","n_events",1
"Zanomaline Low Dose (54 mg)","PT|(uncoded - no MedDRA SOC in source)","VERBATIM_1548","incidence","n_subjects",0
"Zanomaline Low Dose (54 mg)","PT|(uncoded - no MedDRA SOC in source)","VERBATIM_1548","incidence","pct_subjects",
"Zanomaline Low Dose (54 mg)","PT|(uncoded - no MedDRA SOC in source)","VERBATIM_1548","incidence","n_events",0
"Zanomaline High Dose (81 mg)","PT|(uncoded - no MedDRA SOC in source)","VERBATIM_1548","incidence","n_subjects",0
"Zanomaline High Dose (81 mg)","PT|(uncoded - no MedDRA SOC in source)","VERBATIM_1548","incidence","pct_subjects",
"Zanomaline High Dose (81 mg)","PT|(uncoded - no MedDRA SOC in source)","VERBATIM_1548","incidence","n_events",0
"Placebo","PT|(uncoded - no MedDRA SOC in source)","VERBATIM_1553","incidence","n_subjects",1
"Placebo","PT|(uncoded - no MedDRA SOC in source)","VERBATIM_1553","incidence","pct_subjects",1.16279069767442
"Placebo","PT|(uncoded - no MedDRA SOC in source)","VERBATIM_1553","incidence","n_events",1
"Zanomaline Low Dose (54 mg)","PT|(uncoded - no MedDRA SOC in source)","VERBATIM_1553","incidence","n_subjects",0
"Zanomaline Low Dose (54 mg)","PT|(uncoded - no MedDRA SOC in source)","VERBATIM_1553","incidence","pct_subjects",
"Zanomaline Low Dose (54 mg)","PT|(uncoded - no MedDRA SOC in source)","VERBATIM_1553","incidence","n_events",0
"Zanomaline High Dose (81 mg)","PT|(uncoded - no MedDRA SOC in source)","VERBATIM_1553","incidence","n_subjects",0
"Zanomaline High Dose (81 mg)","PT|(uncoded - no MedDRA SOC in source)","VERBATIM_1553","incidence","pct_subjects",
"Zanomaline High Dose (81 mg)","PT|(uncoded - no MedDRA SOC in source)","VERBATIM_1553","incidence","n_events",0
"Placebo","PT|(uncoded - no MedDRA SOC in source)","VERBATIM_1554","incidence","n_subjects",1
"Placebo","PT|(uncoded - no MedDRA SOC in source)","VERBATIM_1554","incidence","pct_subjects",1.16279069767442
"Placebo","PT|(uncoded - no MedDRA SOC in source)","VERBATIM_1554","incidence","n_events",1
"Zanomaline Low Dose (54 mg)","PT|(uncoded - no MedDRA SOC in source)","VERBATIM_1554","incidence","n_subjects",0
"Zanomaline Low Dose (54 mg)","PT|(uncoded - no MedDRA SOC in source)","VERBATIM_1554","incidence","pct_subjects",
"Zanomaline Low Dose (54 mg)","PT|(uncoded - no MedDRA SOC in source)","VERBATIM_1554","incidence","n_events",0
"Zanomaline High Dose (81 mg)","PT|(uncoded - no MedDRA SOC in source)","VERBATIM_1554","incidence","n_subjects",0
"Zanomaline High Dose (81 mg)","PT|(uncoded - no MedDRA SOC in source)","VERBATIM_1554","incidence","pct_subjects",
"Zanomaline High Dose (81 mg)","PT|(uncoded - no MedDRA SOC in source)","VERBATIM_1554","incidence","n_events",0
"Placebo","PT|(uncoded - no MedDRA SOC in source)","VERBATIM_1561","incidence","n_subjects",1
"Placebo","PT|(uncoded - no MedDRA SOC in source)","VERBATIM_1561","incidence","pct_subjects",1.16279069767442
"Placebo","PT|(uncoded - no MedDRA SOC in source)","VERBATIM_1561","incidence","n_events",1
"Zanomaline Low Dose (54 mg)","PT|(uncoded - no MedDRA SOC in source)","VERBATIM_1561","incidence","n_subjects",0
"Zanomaline Low Dose (54 mg)","PT|(uncoded - no MedDRA SOC in source)","VERBATIM_1561","incidence","pct_subjects",
"Zanomaline Low Dose (54 mg)","PT|(uncoded - no MedDRA SOC in source)","VERBATIM_1561","incidence","n_events",0
"Zanomaline High Dose (81 mg)","PT|(uncoded - no MedDRA SOC in source)","VERBATIM_1561","incidence","n_subjects",0
"Zanomaline High Dose (81 mg)","PT|(uncoded - no MedDRA SOC in source)","VERBATIM_1561","incidence","pct_subjects",
"Zanomaline High Dose (81 mg)","PT|(uncoded - no MedDRA SOC in source)","VERBATIM_1561","incidence","n_events",0
"Placebo","PT|(uncoded - no MedDRA SOC in source)","VERBATIM_1563","incidence","n_subjects",1
"Placebo","PT|(uncoded - no MedDRA SOC in source)","VERBATIM_1563","incidence","pct_subjects",1.16279069767442
"Placebo","PT|(uncoded - no MedDRA SOC in source)","VERBATIM_1563","incidence","n_events",1
"Zanomaline Low Dose (54 mg)","PT|(uncoded - no MedDRA SOC in source)","VERBATIM_1563","incidence","n_subjects",0
"Zanomaline Low Dose (54 mg)","PT|(uncoded - no MedDRA SOC in source)","VERBATIM_1563","incidence","pct_subjects",
"Zanomaline Low Dose (54 mg)","PT|(uncoded - no MedDRA SOC in source)","VERBATIM_1563","incidence","n_events",0
"Zanomaline High Dose (81 mg)","PT|(uncoded - no MedDRA SOC in source)","VERBATIM_1563","incidence","n_subjects",0
"Zanomaline High Dose (81 mg)","PT|(uncoded - no MedDRA SOC in source)","VERBATIM_1563","incidence","pct_subjects",
"Zanomaline High Dose (81 mg)","PT|(uncoded - no MedDRA SOC in source)","VERBATIM_1563","incidence","n_events",0
"Placebo","PT|(uncoded - no MedDRA SOC in source)","VERBATIM_1564","incidence","n_subjects",1
"Placebo","PT|(uncoded - no MedDRA SOC in source)","VERBATIM_1564","incidence","pct_subjects",1.16279069767442
"Placebo","PT|(uncoded - no MedDRA SOC in source)","VERBATIM_1564","incidence","n_events",1
"Zanomaline Low Dose (54 mg)","PT|(uncoded - no MedDRA SOC in source)","VERBATIM_1564","incidence","n_subjects",0
"Zanomaline Low Dose (54 mg)","PT|(uncoded - no MedDRA SOC in source)","VERBATIM_1564","incidence","pct_subjects",
"Zanomaline Low Dose (54 mg)","PT|(uncoded - no MedDRA SOC in source)","VERBATIM_1564","incidence","n_events",0
"Zanomaline High Dose (81 mg)","PT|(uncoded - no MedDRA SOC in source)","VERBATIM_1564","incidence","n_subjects",0
"Zanomaline High Dose (81 mg)","PT|(uncoded - no MedDRA SOC in source)","VERBATIM_1564","incidence","pct_subjects",
"Zanomaline High Dose (81 mg)","PT|(uncoded - no MedDRA SOC in source)","VERBATIM_1564","incidence","n_events",0
"Placebo","PT|(uncoded - no MedDRA SOC in source)","VERBATIM_1570","incidence","n_subjects",1
"Placebo","PT|(uncoded - no MedDRA SOC in source)","VERBATIM_1570","incidence","pct_subjects",1.16279069767442
"Placebo","PT|(uncoded - no MedDRA SOC in source)","VERBATIM_1570","incidence","n_events",1
"Zanomaline Low Dose (54 mg)","PT|(uncoded - no MedDRA SOC in source)","VERBATIM_1570","incidence","n_subjects",0
"Zanomaline Low Dose (54 mg)","PT|(uncoded - no MedDRA SOC in source)","VERBATIM_1570","incidence","pct_subjects",
"Zanomaline Low Dose (54 mg)","PT|(uncoded - no MedDRA SOC in source)","VERBATIM_1570","incidence","n_events",0
"Zanomaline High Dose (81 mg)","PT|(uncoded - no MedDRA SOC in source)","VERBATIM_1570","incidence","n_subjects",0
"Zanomaline High Dose (81 mg)","PT|(uncoded - no MedDRA SOC in source)","VERBATIM_1570","incidence","pct_subjects",
"Zanomaline High Dose (81 mg)","PT|(uncoded - no MedDRA SOC in source)","VERBATIM_1570","incidence","n_events",0
"Placebo","PT|(uncoded - no MedDRA SOC in source)","VERBATIM_1574","incidence","n_subjects",1
"Placebo","PT|(uncoded - no MedDRA SOC in source)","VERBATIM_1574","incidence","pct_subjects",1.16279069767442
"Placebo","PT|(uncoded - no MedDRA SOC in source)","VERBATIM_1574","incidence","n_events",1
"Zanomaline Low Dose (54 mg)","PT|(uncoded - no MedDRA SOC in source)","VERBATIM_1574","incidence","n_subjects",0
"Zanomaline Low Dose (54 mg)","PT|(uncoded - no MedDRA SOC in source)","VERBATIM_1574","incidence","pct_subjects",
"Zanomaline Low Dose (54 mg)","PT|(uncoded - no MedDRA SOC in source)","VERBATIM_1574","incidence","n_events",0
"Zanomaline High Dose (81 mg)","PT|(uncoded - no MedDRA SOC in source)","VERBATIM_1574","incidence","n_subjects",0
"Zanomaline High Dose (81 mg)","PT|(uncoded - no MedDRA SOC in source)","VERBATIM_1574","incidence","pct_subjects",
"Zanomaline High Dose (81 mg)","PT|(uncoded - no MedDRA SOC in source)","VERBATIM_1574","incidence","n_events",0
"Placebo","PT|(uncoded - no MedDRA SOC in source)","VERBATIM_1579","incidence","n_subjects",2
"Placebo","PT|(uncoded - no MedDRA SOC in source)","VERBATIM_1579","incidence","pct_subjects",2.32558139534884
"Placebo","PT|(uncoded - no MedDRA SOC in source)","VERBATIM_1579","incidence","n_events",2
"Zanomaline Low Dose (54 mg)","PT|(uncoded - no MedDRA SOC in source)","VERBATIM_1579","incidence","n_subjects",0
"Zanomaline Low Dose (54 mg)","PT|(uncoded - no MedDRA SOC in source)","VERBATIM_1579","incidence","pct_subjects",
"Zanomaline Low Dose (54 mg)","PT|(uncoded - no MedDRA SOC in source)","VERBATIM_1579","incidence","n_events",0
"Zanomaline High Dose (81 mg)","PT|(uncoded - no MedDRA SOC in source)","VERBATIM_1579","incidence","n_subjects",0
"Zanomaline High Dose (81 mg)","PT|(uncoded - no MedDRA SOC in source)","VERBATIM_1579","incidence","pct_subjects",
"Zanomaline High Dose (81 mg)","PT|(uncoded - no MedDRA SOC in source)","VERBATIM_1579","incidence","n_events",0
"Placebo","PT|(uncoded - no MedDRA SOC in source)","VERBATIM_1581","incidence","n_subjects",1
"Placebo","PT|(uncoded - no MedDRA SOC in source)","VERBATIM_1581","incidence","pct_subjects",1.16279069767442
"Placebo","PT|(uncoded - no MedDRA SOC in source)","VERBATIM_1581","incidence","n_events",1
"Zanomaline Low Dose (54 mg)","PT|(uncoded - no MedDRA SOC in source)","VERBATIM_1581","incidence","n_subjects",0
"Zanomaline Low Dose (54 mg)","PT|(uncoded - no MedDRA SOC in source)","VERBATIM_1581","incidence","pct_subjects",
"Zanomaline Low Dose (54 mg)","PT|(uncoded - no MedDRA SOC in source)","VERBATIM_1581","incidence","n_events",0
"Zanomaline High Dose (81 mg)","PT|(uncoded - no MedDRA SOC in source)","VERBATIM_1581","incidence","n_subjects",0
"Zanomaline High Dose (81 mg)","PT|(uncoded - no MedDRA SOC in source)","VERBATIM_1581","incidence","pct_subjects",
"Zanomaline High Dose (81 mg)","PT|(uncoded - no MedDRA SOC in source)","VERBATIM_1581","incidence","n_events",0
"Placebo","PT|(uncoded - no MedDRA SOC in source)","VERBATIM_1583","incidence","n_subjects",1
"Placebo","PT|(uncoded - no MedDRA SOC in source)","VERBATIM_1583","incidence","pct_subjects",1.16279069767442
"Placebo","PT|(uncoded - no MedDRA SOC in source)","VERBATIM_1583","incidence","n_events",1
"Zanomaline Low Dose (54 mg)","PT|(uncoded - no MedDRA SOC in source)","VERBATIM_1583","incidence","n_subjects",0
"Zanomaline Low Dose (54 mg)","PT|(uncoded - no MedDRA SOC in source)","VERBATIM_1583","incidence","pct_subjects",
"Zanomaline Low Dose (54 mg)","PT|(uncoded - no MedDRA SOC in source)","VERBATIM_1583","incidence","n_events",0
"Zanomaline High Dose (81 mg)","PT|(uncoded - no MedDRA SOC in source)","VERBATIM_1583","incidence","n_subjects",0
"Zanomaline High Dose (81 mg)","PT|(uncoded - no MedDRA SOC in source)","VERBATIM_1583","incidence","pct_subjects",
"Zanomaline High Dose (81 mg)","PT|(uncoded - no MedDRA SOC in source)","VERBATIM_1583","incidence","n_events",0
"Placebo","PT|(uncoded - no MedDRA SOC in source)","VERBATIM_1585","incidence","n_subjects",1
"Placebo","PT|(uncoded - no MedDRA SOC in source)","VERBATIM_1585","incidence","pct_subjects",1.16279069767442
"Placebo","PT|(uncoded - no MedDRA SOC in source)","VERBATIM_1585","incidence","n_events",1
"Zanomaline Low Dose (54 mg)","PT|(uncoded - no MedDRA SOC in source)","VERBATIM_1585","incidence","n_subjects",0
"Zanomaline Low Dose (54 mg)","PT|(uncoded - no MedDRA SOC in source)","VERBATIM_1585","incidence","pct_subjects",
"Zanomaline Low Dose (54 mg)","PT|(uncoded - no MedDRA SOC in source)","VERBATIM_1585","incidence","n_events",0
"Zanomaline High Dose (81 mg)","PT|(uncoded - no MedDRA SOC in source)","VERBATIM_1585","incidence","n_subjects",0
"Zanomaline High Dose (81 mg)","PT|(uncoded - no MedDRA SOC in source)","VERBATIM_1585","incidence","pct_subjects",
"Zanomaline High Dose (81 mg)","PT|(uncoded - no MedDRA SOC in source)","VERBATIM_1585","incidence","n_events",0
"Placebo","PT|(uncoded - no MedDRA SOC in source)","VERBATIM_1589","incidence","n_subjects",1
"Placebo","PT|(uncoded - no MedDRA SOC in source)","VERBATIM_1589","incidence","pct_subjects",1.16279069767442
"Placebo","PT|(uncoded - no MedDRA SOC in source)","VERBATIM_1589","incidence","n_events",1
"Zanomaline Low Dose (54 mg)","PT|(uncoded - no MedDRA SOC in source)","VERBATIM_1589","incidence","n_subjects",0
"Zanomaline Low Dose (54 mg)","PT|(uncoded - no MedDRA SOC in source)","VERBATIM_1589","incidence","pct_subjects",
"Zanomaline Low Dose (54 mg)","PT|(uncoded - no MedDRA SOC in source)","VERBATIM_1589","incidence","n_events",0
"Zanomaline High Dose (81 mg)","PT|(uncoded - no MedDRA SOC in source)","VERBATIM_1589","incidence","n_subjects",0
"Zanomaline High Dose (81 mg)","PT|(uncoded - no MedDRA SOC in source)","VERBATIM_1589","incidence","pct_subjects",
"Zanomaline High Dose (81 mg)","PT|(uncoded - no MedDRA SOC in source)","VERBATIM_1589","incidence","n_events",0
"Placebo","PT|(uncoded - no MedDRA SOC in source)","VERBATIM_1590","incidence","n_subjects",1
"Placebo","PT|(uncoded - no MedDRA SOC in source)","VERBATIM_1590","incidence","pct_subjects",1.16279069767442
"Placebo","PT|(uncoded - no MedDRA SOC in source)","VERBATIM_1590","incidence","n_events",1
"Zanomaline Low Dose (54 mg)","PT|(uncoded - no MedDRA SOC in source)","VERBATIM_1590","incidence","n_subjects",0
"Zanomaline Low Dose (54 mg)","PT|(uncoded - no MedDRA SOC in source)","VERBATIM_1590","incidence","pct_subjects",
"Zanomaline Low Dose (54 mg)","PT|(uncoded - no MedDRA SOC in source)","VERBATIM_1590","incidence","n_events",0
"Zanomaline High Dose (81 mg)","PT|(uncoded - no MedDRA SOC in source)","VERBATIM_1590","incidence","n_subjects",0
"Zanomaline High Dose (81 mg)","PT|(uncoded - no MedDRA SOC in source)","VERBATIM_1590","incidence","pct_subjects",
"Zanomaline High Dose (81 mg)","PT|(uncoded - no MedDRA SOC in source)","VERBATIM_1590","incidence","n_events",0
"Placebo","PT|(uncoded - no MedDRA SOC in source)","VERBATIM_1591","incidence","n_subjects",1
"Placebo","PT|(uncoded - no MedDRA SOC in source)","VERBATIM_1591","incidence","pct_subjects",1.16279069767442
"Placebo","PT|(uncoded - no MedDRA SOC in source)","VERBATIM_1591","incidence","n_events",1
"Zanomaline Low Dose (54 mg)","PT|(uncoded - no MedDRA SOC in source)","VERBATIM_1591","incidence","n_subjects",0
"Zanomaline Low Dose (54 mg)","PT|(uncoded - no MedDRA SOC in source)","VERBATIM_1591","incidence","pct_subjects",
"Zanomaline Low Dose (54 mg)","PT|(uncoded - no MedDRA SOC in source)","VERBATIM_1591","incidence","n_events",0
"Zanomaline High Dose (81 mg)","PT|(uncoded - no MedDRA SOC in source)","VERBATIM_1591","incidence","n_subjects",0
"Zanomaline High Dose (81 mg)","PT|(uncoded - no MedDRA SOC in source)","VERBATIM_1591","incidence","pct_subjects",
"Zanomaline High Dose (81 mg)","PT|(uncoded - no MedDRA SOC in source)","VERBATIM_1591","incidence","n_events",0
"Placebo","PT|(uncoded - no MedDRA SOC in source)","VERBATIM_1602","incidence","n_subjects",1
"Placebo","PT|(uncoded - no MedDRA SOC in source)","VERBATIM_1602","incidence","pct_subjects",1.16279069767442
"Placebo","PT|(uncoded - no MedDRA SOC in source)","VERBATIM_1602","incidence","n_events",1
"Zanomaline Low Dose (54 mg)","PT|(uncoded - no MedDRA SOC in source)","VERBATIM_1602","incidence","n_subjects",0
"Zanomaline Low Dose (54 mg)","PT|(uncoded - no MedDRA SOC in source)","VERBATIM_1602","incidence","pct_subjects",
"Zanomaline Low Dose (54 mg)","PT|(uncoded - no MedDRA SOC in source)","VERBATIM_1602","incidence","n_events",0
"Zanomaline High Dose (81 mg)","PT|(uncoded - no MedDRA SOC in source)","VERBATIM_1602","incidence","n_subjects",0
"Zanomaline High Dose (81 mg)","PT|(uncoded - no MedDRA SOC in source)","VERBATIM_1602","incidence","pct_subjects",
"Zanomaline High Dose (81 mg)","PT|(uncoded - no MedDRA SOC in source)","VERBATIM_1602","incidence","n_events",0
"Placebo","PT|(uncoded - no MedDRA SOC in source)","VERBATIM_1607","incidence","n_subjects",1
"Placebo","PT|(uncoded - no MedDRA SOC in source)","VERBATIM_1607","incidence","pct_subjects",1.16279069767442
"Placebo","PT|(uncoded - no MedDRA SOC in source)","VERBATIM_1607","incidence","n_events",1
"Zanomaline Low Dose (54 mg)","PT|(uncoded - no MedDRA SOC in source)","VERBATIM_1607","incidence","n_subjects",0
"Zanomaline Low Dose (54 mg)","PT|(uncoded - no MedDRA SOC in source)","VERBATIM_1607","incidence","pct_subjects",
"Zanomaline Low Dose (54 mg)","PT|(uncoded - no MedDRA SOC in source)","VERBATIM_1607","incidence","n_events",0
"Zanomaline High Dose (81 mg)","PT|(uncoded - no MedDRA SOC in source)","VERBATIM_1607","incidence","n_subjects",0
"Zanomaline High Dose (81 mg)","PT|(uncoded - no MedDRA SOC in source)","VERBATIM_1607","incidence","pct_subjects",
"Zanomaline High Dose (81 mg)","PT|(uncoded - no MedDRA SOC in source)","VERBATIM_1607","incidence","n_events",0
"Placebo","PT|(uncoded - no MedDRA SOC in source)","VERBATIM_1613","incidence","n_subjects",1
"Placebo","PT|(uncoded - no MedDRA SOC in source)","VERBATIM_1613","incidence","pct_subjects",1.16279069767442
"Placebo","PT|(uncoded - no MedDRA SOC in source)","VERBATIM_1613","incidence","n_events",1
"Zanomaline Low Dose (54 mg)","PT|(uncoded - no MedDRA SOC in source)","VERBATIM_1613","incidence","n_subjects",0
"Zanomaline Low Dose (54 mg)","PT|(uncoded - no MedDRA SOC in source)","VERBATIM_1613","incidence","pct_subjects",
"Zanomaline Low Dose (54 mg)","PT|(uncoded - no MedDRA SOC in source)","VERBATIM_1613","incidence","n_events",0
"Zanomaline High Dose (81 mg)","PT|(uncoded - no MedDRA SOC in source)","VERBATIM_1613","incidence","n_subjects",0
"Zanomaline High Dose (81 mg)","PT|(uncoded - no MedDRA SOC in source)","VERBATIM_1613","incidence","pct_subjects",
"Zanomaline High Dose (81 mg)","PT|(uncoded - no MedDRA SOC in source)","VERBATIM_1613","incidence","n_events",0
"Placebo","PT|(uncoded - no MedDRA SOC in source)","VERBATIM_1617","incidence","n_subjects",1
"Placebo","PT|(uncoded - no MedDRA SOC in source)","VERBATIM_1617","incidence","pct_subjects",1.16279069767442
"Placebo","PT|(uncoded - no MedDRA SOC in source)","VERBATIM_1617","incidence","n_events",1
"Zanomaline Low Dose (54 mg)","PT|(uncoded - no MedDRA SOC in source)","VERBATIM_1617","incidence","n_subjects",0
"Zanomaline Low Dose (54 mg)","PT|(uncoded - no MedDRA SOC in source)","VERBATIM_1617","incidence","pct_subjects",
"Zanomaline Low Dose (54 mg)","PT|(uncoded - no MedDRA SOC in source)","VERBATIM_1617","incidence","n_events",0
"Zanomaline High Dose (81 mg)","PT|(uncoded - no MedDRA SOC in source)","VERBATIM_1617","incidence","n_subjects",0
"Zanomaline High Dose (81 mg)","PT|(uncoded - no MedDRA SOC in source)","VERBATIM_1617","incidence","pct_subjects",
"Zanomaline High Dose (81 mg)","PT|(uncoded - no MedDRA SOC in source)","VERBATIM_1617","incidence","n_events",0
"Placebo","PT|(uncoded - no MedDRA SOC in source)","VERBATIM_1619","incidence","n_subjects",1
"Placebo","PT|(uncoded - no MedDRA SOC in source)","VERBATIM_1619","incidence","pct_subjects",1.16279069767442
"Placebo","PT|(uncoded - no MedDRA SOC in source)","VERBATIM_1619","incidence","n_events",1
"Zanomaline Low Dose (54 mg)","PT|(uncoded - no MedDRA SOC in source)","VERBATIM_1619","incidence","n_subjects",0
"Zanomaline Low Dose (54 mg)","PT|(uncoded - no MedDRA SOC in source)","VERBATIM_1619","incidence","pct_subjects",
"Zanomaline Low Dose (54 mg)","PT|(uncoded - no MedDRA SOC in source)","VERBATIM_1619","incidence","n_events",0
"Zanomaline High Dose (81 mg)","PT|(uncoded - no MedDRA SOC in source)","VERBATIM_1619","incidence","n_subjects",0
"Zanomaline High Dose (81 mg)","PT|(uncoded - no MedDRA SOC in source)","VERBATIM_1619","incidence","pct_subjects",
"Zanomaline High Dose (81 mg)","PT|(uncoded - no MedDRA SOC in source)","VERBATIM_1619","incidence","n_events",0
"Placebo","PT|(uncoded - no MedDRA SOC in source)","VERBATIM_1623","incidence","n_subjects",1
"Placebo","PT|(uncoded - no MedDRA SOC in source)","VERBATIM_1623","incidence","pct_subjects",1.16279069767442
"Placebo","PT|(uncoded - no MedDRA SOC in source)","VERBATIM_1623","incidence","n_events",1
"Zanomaline Low Dose (54 mg)","PT|(uncoded - no MedDRA SOC in source)","VERBATIM_1623","incidence","n_subjects",0
"Zanomaline Low Dose (54 mg)","PT|(uncoded - no MedDRA SOC in source)","VERBATIM_1623","incidence","pct_subjects",
"Zanomaline Low Dose (54 mg)","PT|(uncoded - no MedDRA SOC in source)","VERBATIM_1623","incidence","n_events",0
"Zanomaline High Dose (81 mg)","PT|(uncoded - no MedDRA SOC in source)","VERBATIM_1623","incidence","n_subjects",0
"Zanomaline High Dose (81 mg)","PT|(uncoded - no MedDRA SOC in source)","VERBATIM_1623","incidence","pct_subjects",
"Zanomaline High Dose (81 mg)","PT|(uncoded - no MedDRA SOC in source)","VERBATIM_1623","incidence","n_events",0
"Placebo","PT|(uncoded - no MedDRA SOC in source)","VERBATIM_1638","incidence","n_subjects",1
"Placebo","PT|(uncoded - no MedDRA SOC in source)","VERBATIM_1638","incidence","pct_subjects",1.16279069767442
"Placebo","PT|(uncoded - no MedDRA SOC in source)","VERBATIM_1638","incidence","n_events",1
"Zanomaline Low Dose (54 mg)","PT|(uncoded - no MedDRA SOC in source)","VERBATIM_1638","incidence","n_subjects",0
"Zanomaline Low Dose (54 mg)","PT|(uncoded - no MedDRA SOC in source)","VERBATIM_1638","incidence","pct_subjects",
"Zanomaline Low Dose (54 mg)","PT|(uncoded - no MedDRA SOC in source)","VERBATIM_1638","incidence","n_events",0
"Zanomaline High Dose (81 mg)","PT|(uncoded - no MedDRA SOC in source)","VERBATIM_1638","incidence","n_subjects",0
"Zanomaline High Dose (81 mg)","PT|(uncoded - no MedDRA SOC in source)","VERBATIM_1638","incidence","pct_subjects",
"Zanomaline High Dose (81 mg)","PT|(uncoded - no MedDRA SOC in source)","VERBATIM_1638","incidence","n_events",0
"Placebo","PT|(uncoded - no MedDRA SOC in source)","VERBATIM_1642","incidence","n_subjects",1
"Placebo","PT|(uncoded - no MedDRA SOC in source)","VERBATIM_1642","incidence","pct_subjects",1.16279069767442
"Placebo","PT|(uncoded - no MedDRA SOC in source)","VERBATIM_1642","incidence","n_events",1
"Zanomaline Low Dose (54 mg)","PT|(uncoded - no MedDRA SOC in source)","VERBATIM_1642","incidence","n_subjects",0
"Zanomaline Low Dose (54 mg)","PT|(uncoded - no MedDRA SOC in source)","VERBATIM_1642","incidence","pct_subjects",
"Zanomaline Low Dose (54 mg)","PT|(uncoded - no MedDRA SOC in source)","VERBATIM_1642","incidence","n_events",0
"Zanomaline High Dose (81 mg)","PT|(uncoded - no MedDRA SOC in source)","VERBATIM_1642","incidence","n_subjects",0
"Zanomaline High Dose (81 mg)","PT|(uncoded - no MedDRA SOC in source)","VERBATIM_1642","incidence","pct_subjects",
"Zanomaline High Dose (81 mg)","PT|(uncoded - no MedDRA SOC in source)","VERBATIM_1642","incidence","n_events",0
"Placebo","PT|(uncoded - no MedDRA SOC in source)","VERBATIM_1652","incidence","n_subjects",1
"Placebo","PT|(uncoded - no MedDRA SOC in source)","VERBATIM_1652","incidence","pct_subjects",1.16279069767442
"Placebo","PT|(uncoded - no MedDRA SOC in source)","VERBATIM_1652","incidence","n_events",1
"Zanomaline Low Dose (54 mg)","PT|(uncoded - no MedDRA SOC in source)","VERBATIM_1652","incidence","n_subjects",0
"Zanomaline Low Dose (54 mg)","PT|(uncoded - no MedDRA SOC in source)","VERBATIM_1652","incidence","pct_subjects",
"Zanomaline Low Dose (54 mg)","PT|(uncoded - no MedDRA SOC in source)","VERBATIM_1652","incidence","n_events",0
"Zanomaline High Dose (81 mg)","PT|(uncoded - no MedDRA SOC in source)","VERBATIM_1652","incidence","n_subjects",0
"Zanomaline High Dose (81 mg)","PT|(uncoded - no MedDRA SOC in source)","VERBATIM_1652","incidence","pct_subjects",
"Zanomaline High Dose (81 mg)","PT|(uncoded - no MedDRA SOC in source)","VERBATIM_1652","incidence","n_events",0
"Placebo","PT|(uncoded - no MedDRA SOC in source)","VERBATIM_1654","incidence","n_subjects",1
"Placebo","PT|(uncoded - no MedDRA SOC in source)","VERBATIM_1654","incidence","pct_subjects",1.16279069767442
"Placebo","PT|(uncoded - no MedDRA SOC in source)","VERBATIM_1654","incidence","n_events",1
"Zanomaline Low Dose (54 mg)","PT|(uncoded - no MedDRA SOC in source)","VERBATIM_1654","incidence","n_subjects",0
"Zanomaline Low Dose (54 mg)","PT|(uncoded - no MedDRA SOC in source)","VERBATIM_1654","incidence","pct_subjects",
"Zanomaline Low Dose (54 mg)","PT|(uncoded - no MedDRA SOC in source)","VERBATIM_1654","incidence","n_events",0
"Zanomaline High Dose (81 mg)","PT|(uncoded - no MedDRA SOC in source)","VERBATIM_1654","incidence","n_subjects",0
"Zanomaline High Dose (81 mg)","PT|(uncoded - no MedDRA SOC in source)","VERBATIM_1654","incidence","pct_subjects",
"Zanomaline High Dose (81 mg)","PT|(uncoded - no MedDRA SOC in source)","VERBATIM_1654","incidence","n_events",0
"Placebo","PT|(uncoded - no MedDRA SOC in source)","VERBATIM_1658","incidence","n_subjects",1
"Placebo","PT|(uncoded - no MedDRA SOC in source)","VERBATIM_1658","incidence","pct_subjects",1.16279069767442
"Placebo","PT|(uncoded - no MedDRA SOC in source)","VERBATIM_1658","incidence","n_events",1
"Zanomaline Low Dose (54 mg)","PT|(uncoded - no MedDRA SOC in source)","VERBATIM_1658","incidence","n_subjects",0
"Zanomaline Low Dose (54 mg)","PT|(uncoded - no MedDRA SOC in source)","VERBATIM_1658","incidence","pct_subjects",
"Zanomaline Low Dose (54 mg)","PT|(uncoded - no MedDRA SOC in source)","VERBATIM_1658","incidence","n_events",0
"Zanomaline High Dose (81 mg)","PT|(uncoded - no MedDRA SOC in source)","VERBATIM_1658","incidence","n_subjects",0
"Zanomaline High Dose (81 mg)","PT|(uncoded - no MedDRA SOC in source)","VERBATIM_1658","incidence","pct_subjects",
"Zanomaline High Dose (81 mg)","PT|(uncoded - no MedDRA SOC in source)","VERBATIM_1658","incidence","n_events",0
"Placebo","PT|(uncoded - no MedDRA SOC in source)","VERBATIM_1660","incidence","n_subjects",1
"Placebo","PT|(uncoded - no MedDRA SOC in source)","VERBATIM_1660","incidence","pct_subjects",1.16279069767442
"Placebo","PT|(uncoded - no MedDRA SOC in source)","VERBATIM_1660","incidence","n_events",1
"Zanomaline Low Dose (54 mg)","PT|(uncoded - no MedDRA SOC in source)","VERBATIM_1660","incidence","n_subjects",0
"Zanomaline Low Dose (54 mg)","PT|(uncoded - no MedDRA SOC in source)","VERBATIM_1660","incidence","pct_subjects",
"Zanomaline Low Dose (54 mg)","PT|(uncoded - no MedDRA SOC in source)","VERBATIM_1660","incidence","n_events",0
"Zanomaline High Dose (81 mg)","PT|(uncoded - no MedDRA SOC in source)","VERBATIM_1660","incidence","n_subjects",0
"Zanomaline High Dose (81 mg)","PT|(uncoded - no MedDRA SOC in source)","VERBATIM_1660","incidence","pct_subjects",
"Zanomaline High Dose (81 mg)","PT|(uncoded - no MedDRA SOC in source)","VERBATIM_1660","incidence","n_events",0
"Placebo","PT|(uncoded - no MedDRA SOC in source)","VERBATIM_1662","incidence","n_subjects",1
"Placebo","PT|(uncoded - no MedDRA SOC in source)","VERBATIM_1662","incidence","pct_subjects",1.16279069767442
"Placebo","PT|(uncoded - no MedDRA SOC in source)","VERBATIM_1662","incidence","n_events",1
"Zanomaline Low Dose (54 mg)","PT|(uncoded - no MedDRA SOC in source)","VERBATIM_1662","incidence","n_subjects",0
"Zanomaline Low Dose (54 mg)","PT|(uncoded - no MedDRA SOC in source)","VERBATIM_1662","incidence","pct_subjects",
"Zanomaline Low Dose (54 mg)","PT|(uncoded - no MedDRA SOC in source)","VERBATIM_1662","incidence","n_events",0
"Zanomaline High Dose (81 mg)","PT|(uncoded - no MedDRA SOC in source)","VERBATIM_1662","incidence","n_subjects",0
"Zanomaline High Dose (81 mg)","PT|(uncoded - no MedDRA SOC in source)","VERBATIM_1662","incidence","pct_subjects",
"Zanomaline High Dose (81 mg)","PT|(uncoded - no MedDRA SOC in source)","VERBATIM_1662","incidence","n_events",0
"Placebo","PT|(uncoded - no MedDRA SOC in source)","VERBATIM_1667","incidence","n_subjects",1
"Placebo","PT|(uncoded - no MedDRA SOC in source)","VERBATIM_1667","incidence","pct_subjects",1.16279069767442
"Placebo","PT|(uncoded - no MedDRA SOC in source)","VERBATIM_1667","incidence","n_events",1
"Zanomaline Low Dose (54 mg)","PT|(uncoded - no MedDRA SOC in source)","VERBATIM_1667","incidence","n_subjects",0
"Zanomaline Low Dose (54 mg)","PT|(uncoded - no MedDRA SOC in source)","VERBATIM_1667","incidence","pct_subjects",
"Zanomaline Low Dose (54 mg)","PT|(uncoded - no MedDRA SOC in source)","VERBATIM_1667","incidence","n_events",0
"Zanomaline High Dose (81 mg)","PT|(uncoded - no MedDRA SOC in source)","VERBATIM_1667","incidence","n_subjects",0
"Zanomaline High Dose (81 mg)","PT|(uncoded - no MedDRA SOC in source)","VERBATIM_1667","incidence","pct_subjects",
"Zanomaline High Dose (81 mg)","PT|(uncoded - no MedDRA SOC in source)","VERBATIM_1667","incidence","n_events",0
"Placebo","PT|(uncoded - no MedDRA SOC in source)","VERBATIM_1672","incidence","n_subjects",1
"Placebo","PT|(uncoded - no MedDRA SOC in source)","VERBATIM_1672","incidence","pct_subjects",1.16279069767442
"Placebo","PT|(uncoded - no MedDRA SOC in source)","VERBATIM_1672","incidence","n_events",1
"Zanomaline Low Dose (54 mg)","PT|(uncoded - no MedDRA SOC in source)","VERBATIM_1672","incidence","n_subjects",0
"Zanomaline Low Dose (54 mg)","PT|(uncoded - no MedDRA SOC in source)","VERBATIM_1672","incidence","pct_subjects",
"Zanomaline Low Dose (54 mg)","PT|(uncoded - no MedDRA SOC in source)","VERBATIM_1672","incidence","n_events",0
"Zanomaline High Dose (81 mg)","PT|(uncoded - no MedDRA SOC in source)","VERBATIM_1672","incidence","n_subjects",0
"Zanomaline High Dose (81 mg)","PT|(uncoded - no MedDRA SOC in source)","VERBATIM_1672","incidence","pct_subjects",
"Zanomaline High Dose (81 mg)","PT|(uncoded - no MedDRA SOC in source)","VERBATIM_1672","incidence","n_events",0
"Placebo","PT|(uncoded - no MedDRA SOC in source)","VERBATIM_1681","incidence","n_subjects",1
"Placebo","PT|(uncoded - no MedDRA SOC in source)","VERBATIM_1681","incidence","pct_subjects",1.16279069767442
"Placebo","PT|(uncoded - no MedDRA SOC in source)","VERBATIM_1681","incidence","n_events",1
"Zanomaline Low Dose (54 mg)","PT|(uncoded - no MedDRA SOC in source)","VERBATIM_1681","incidence","n_subjects",0
"Zanomaline Low Dose (54 mg)","PT|(uncoded - no MedDRA SOC in source)","VERBATIM_1681","incidence","pct_subjects",
"Zanomaline Low Dose (54 mg)","PT|(uncoded - no MedDRA SOC in source)","VERBATIM_1681","incidence","n_events",0
"Zanomaline High Dose (81 mg)","PT|(uncoded - no MedDRA SOC in source)","VERBATIM_1681","incidence","n_subjects",0
"Zanomaline High Dose (81 mg)","PT|(uncoded - no MedDRA SOC in source)","VERBATIM_1681","incidence","pct_subjects",
"Zanomaline High Dose (81 mg)","PT|(uncoded - no MedDRA SOC in source)","VERBATIM_1681","incidence","n_events",0
"Placebo","PT|(uncoded - no MedDRA SOC in source)","VERBATIM_1683","incidence","n_subjects",2
"Placebo","PT|(uncoded - no MedDRA SOC in source)","VERBATIM_1683","incidence","pct_subjects",2.32558139534884
"Placebo","PT|(uncoded - no MedDRA SOC in source)","VERBATIM_1683","incidence","n_events",2
"Zanomaline Low Dose (54 mg)","PT|(uncoded - no MedDRA SOC in source)","VERBATIM_1683","incidence","n_subjects",0
"Zanomaline Low Dose (54 mg)","PT|(uncoded - no MedDRA SOC in source)","VERBATIM_1683","incidence","pct_subjects",
"Zanomaline Low Dose (54 mg)","PT|(uncoded - no MedDRA SOC in source)","VERBATIM_1683","incidence","n_events",0
"Zanomaline High Dose (81 mg)","PT|(uncoded - no MedDRA SOC in source)","VERBATIM_1683","incidence","n_subjects",0
"Zanomaline High Dose (81 mg)","PT|(uncoded - no MedDRA SOC in source)","VERBATIM_1683","incidence","pct_subjects",
"Zanomaline High Dose (81 mg)","PT|(uncoded - no MedDRA SOC in source)","VERBATIM_1683","incidence","n_events",0
"Placebo","PT|(uncoded - no MedDRA SOC in source)","VERBATIM_1684","incidence","n_subjects",1
"Placebo","PT|(uncoded - no MedDRA SOC in source)","VERBATIM_1684","incidence","pct_subjects",1.16279069767442
"Placebo","PT|(uncoded - no MedDRA SOC in source)","VERBATIM_1684","incidence","n_events",1
"Zanomaline Low Dose (54 mg)","PT|(uncoded - no MedDRA SOC in source)","VERBATIM_1684","incidence","n_subjects",0
"Zanomaline Low Dose (54 mg)","PT|(uncoded - no MedDRA SOC in source)","VERBATIM_1684","incidence","pct_subjects",
"Zanomaline Low Dose (54 mg)","PT|(uncoded - no MedDRA SOC in source)","VERBATIM_1684","incidence","n_events",0
"Zanomaline High Dose (81 mg)","PT|(uncoded - no MedDRA SOC in source)","VERBATIM_1684","incidence","n_subjects",0
"Zanomaline High Dose (81 mg)","PT|(uncoded - no MedDRA SOC in source)","VERBATIM_1684","incidence","pct_subjects",
"Zanomaline High Dose (81 mg)","PT|(uncoded - no MedDRA SOC in source)","VERBATIM_1684","incidence","n_events",0
"Placebo","PT|(uncoded - no MedDRA SOC in source)","VERBATIM_1685","incidence","n_subjects",1
"Placebo","PT|(uncoded - no MedDRA SOC in source)","VERBATIM_1685","incidence","pct_subjects",1.16279069767442
"Placebo","PT|(uncoded - no MedDRA SOC in source)","VERBATIM_1685","incidence","n_events",1
"Zanomaline Low Dose (54 mg)","PT|(uncoded - no MedDRA SOC in source)","VERBATIM_1685","incidence","n_subjects",0
"Zanomaline Low Dose (54 mg)","PT|(uncoded - no MedDRA SOC in source)","VERBATIM_1685","incidence","pct_subjects",
"Zanomaline Low Dose (54 mg)","PT|(uncoded - no MedDRA SOC in source)","VERBATIM_1685","incidence","n_events",0
"Zanomaline High Dose (81 mg)","PT|(uncoded - no MedDRA SOC in source)","VERBATIM_1685","incidence","n_subjects",0
"Zanomaline High Dose (81 mg)","PT|(uncoded - no MedDRA SOC in source)","VERBATIM_1685","incidence","pct_subjects",
"Zanomaline High Dose (81 mg)","PT|(uncoded - no MedDRA SOC in source)","VERBATIM_1685","incidence","n_events",0
"Placebo","PT|(uncoded - no MedDRA SOC in source)","VERBATIM_1696","incidence","n_subjects",1
"Placebo","PT|(uncoded - no MedDRA SOC in source)","VERBATIM_1696","incidence","pct_subjects",1.16279069767442
"Placebo","PT|(uncoded - no MedDRA SOC in source)","VERBATIM_1696","incidence","n_events",2
"Zanomaline Low Dose (54 mg)","PT|(uncoded - no MedDRA SOC in source)","VERBATIM_1696","incidence","n_subjects",0
"Zanomaline Low Dose (54 mg)","PT|(uncoded - no MedDRA SOC in source)","VERBATIM_1696","incidence","pct_subjects",
"Zanomaline Low Dose (54 mg)","PT|(uncoded - no MedDRA SOC in source)","VERBATIM_1696","incidence","n_events",0
"Zanomaline High Dose (81 mg)","PT|(uncoded - no MedDRA SOC in source)","VERBATIM_1696","incidence","n_subjects",0
"Zanomaline High Dose (81 mg)","PT|(uncoded - no MedDRA SOC in source)","VERBATIM_1696","incidence","pct_subjects",
"Zanomaline High Dose (81 mg)","PT|(uncoded - no MedDRA SOC in source)","VERBATIM_1696","incidence","n_events",0
"Placebo","PT|(uncoded - no MedDRA SOC in source)","VERBATIM_1699","incidence","n_subjects",1
"Placebo","PT|(uncoded - no MedDRA SOC in source)","VERBATIM_1699","incidence","pct_subjects",1.16279069767442
"Placebo","PT|(uncoded - no MedDRA SOC in source)","VERBATIM_1699","incidence","n_events",1
"Zanomaline Low Dose (54 mg)","PT|(uncoded - no MedDRA SOC in source)","VERBATIM_1699","incidence","n_subjects",0
"Zanomaline Low Dose (54 mg)","PT|(uncoded - no MedDRA SOC in source)","VERBATIM_1699","incidence","pct_subjects",
"Zanomaline Low Dose (54 mg)","PT|(uncoded - no MedDRA SOC in source)","VERBATIM_1699","incidence","n_events",0
"Zanomaline High Dose (81 mg)","PT|(uncoded - no MedDRA SOC in source)","VERBATIM_1699","incidence","n_subjects",0
"Zanomaline High Dose (81 mg)","PT|(uncoded - no MedDRA SOC in source)","VERBATIM_1699","incidence","pct_subjects",
"Zanomaline High Dose (81 mg)","PT|(uncoded - no MedDRA SOC in source)","VERBATIM_1699","incidence","n_events",0
"Placebo","PT|(uncoded - no MedDRA SOC in source)","VERBATIM_1701","incidence","n_subjects",1
"Placebo","PT|(uncoded - no MedDRA SOC in source)","VERBATIM_1701","incidence","pct_subjects",1.16279069767442
"Placebo","PT|(uncoded - no MedDRA SOC in source)","VERBATIM_1701","incidence","n_events",1
"Zanomaline Low Dose (54 mg)","PT|(uncoded - no MedDRA SOC in source)","VERBATIM_1701","incidence","n_subjects",0
"Zanomaline Low Dose (54 mg)","PT|(uncoded - no MedDRA SOC in source)","VERBATIM_1701","incidence","pct_subjects",
"Zanomaline Low Dose (54 mg)","PT|(uncoded - no MedDRA SOC in source)","VERBATIM_1701","incidence","n_events",0
"Zanomaline High Dose (81 mg)","PT|(uncoded - no MedDRA SOC in source)","VERBATIM_1701","incidence","n_subjects",0
"Zanomaline High Dose (81 mg)","PT|(uncoded - no MedDRA SOC in source)","VERBATIM_1701","incidence","pct_subjects",
"Zanomaline High Dose (81 mg)","PT|(uncoded - no MedDRA SOC in source)","VERBATIM_1701","incidence","n_events",0
"Placebo","PT|(uncoded - no MedDRA SOC in source)","VERBATIM_1703","incidence","n_subjects",2
"Placebo","PT|(uncoded - no MedDRA SOC in source)","VERBATIM_1703","incidence","pct_subjects",2.32558139534884
"Placebo","PT|(uncoded - no MedDRA SOC in source)","VERBATIM_1703","incidence","n_events",2
"Zanomaline Low Dose (54 mg)","PT|(uncoded - no MedDRA SOC in source)","VERBATIM_1703","incidence","n_subjects",0
"Zanomaline Low Dose (54 mg)","PT|(uncoded - no MedDRA SOC in source)","VERBATIM_1703","incidence","pct_subjects",
"Zanomaline Low Dose (54 mg)","PT|(uncoded - no MedDRA SOC in source)","VERBATIM_1703","incidence","n_events",0
"Zanomaline High Dose (81 mg)","PT|(uncoded - no MedDRA SOC in source)","VERBATIM_1703","incidence","n_subjects",0
"Zanomaline High Dose (81 mg)","PT|(uncoded - no MedDRA SOC in source)","VERBATIM_1703","incidence","pct_subjects",
"Zanomaline High Dose (81 mg)","PT|(uncoded - no MedDRA SOC in source)","VERBATIM_1703","incidence","n_events",0
"Placebo","PT|(uncoded - no MedDRA SOC in source)","VERBATIM_1715","incidence","n_subjects",1
"Placebo","PT|(uncoded - no MedDRA SOC in source)","VERBATIM_1715","incidence","pct_subjects",1.16279069767442
"Placebo","PT|(uncoded - no MedDRA SOC in source)","VERBATIM_1715","incidence","n_events",1
"Zanomaline Low Dose (54 mg)","PT|(uncoded - no MedDRA SOC in source)","VERBATIM_1715","incidence","n_subjects",0
"Zanomaline Low Dose (54 mg)","PT|(uncoded - no MedDRA SOC in source)","VERBATIM_1715","incidence","pct_subjects",
"Zanomaline Low Dose (54 mg)","PT|(uncoded - no MedDRA SOC in source)","VERBATIM_1715","incidence","n_events",0
"Zanomaline High Dose (81 mg)","PT|(uncoded - no MedDRA SOC in source)","VERBATIM_1715","incidence","n_subjects",0
"Zanomaline High Dose (81 mg)","PT|(uncoded - no MedDRA SOC in source)","VERBATIM_1715","incidence","pct_subjects",
"Zanomaline High Dose (81 mg)","PT|(uncoded - no MedDRA SOC in source)","VERBATIM_1715","incidence","n_events",0
"Placebo","PT|(uncoded - no MedDRA SOC in source)","VERBATIM_1716","incidence","n_subjects",7
"Placebo","PT|(uncoded - no MedDRA SOC in source)","VERBATIM_1716","incidence","pct_subjects",8.13953488372093
"Placebo","PT|(uncoded - no MedDRA SOC in source)","VERBATIM_1716","incidence","n_events",7
"Zanomaline Low Dose (54 mg)","PT|(uncoded - no MedDRA SOC in source)","VERBATIM_1716","incidence","n_subjects",0
"Zanomaline Low Dose (54 mg)","PT|(uncoded - no MedDRA SOC in source)","VERBATIM_1716","incidence","pct_subjects",
"Zanomaline Low Dose (54 mg)","PT|(uncoded - no MedDRA SOC in source)","VERBATIM_1716","incidence","n_events",0
"Zanomaline High Dose (81 mg)","PT|(uncoded - no MedDRA SOC in source)","VERBATIM_1716","incidence","n_subjects",0
"Zanomaline High Dose (81 mg)","PT|(uncoded - no MedDRA SOC in source)","VERBATIM_1716","incidence","pct_subjects",
"Zanomaline High Dose (81 mg)","PT|(uncoded - no MedDRA SOC in source)","VERBATIM_1716","incidence","n_events",0
"Placebo","PT|(uncoded - no MedDRA SOC in source)","VERBATIM_1732","incidence","n_subjects",1
"Placebo","PT|(uncoded - no MedDRA SOC in source)","VERBATIM_1732","incidence","pct_subjects",1.16279069767442
"Placebo","PT|(uncoded - no MedDRA SOC in source)","VERBATIM_1732","incidence","n_events",1
"Zanomaline Low Dose (54 mg)","PT|(uncoded - no MedDRA SOC in source)","VERBATIM_1732","incidence","n_subjects",0
"Zanomaline Low Dose (54 mg)","PT|(uncoded - no MedDRA SOC in source)","VERBATIM_1732","incidence","pct_subjects",
"Zanomaline Low Dose (54 mg)","PT|(uncoded - no MedDRA SOC in source)","VERBATIM_1732","incidence","n_events",0
"Zanomaline High Dose (81 mg)","PT|(uncoded - no MedDRA SOC in source)","VERBATIM_1732","incidence","n_subjects",0
"Zanomaline High Dose (81 mg)","PT|(uncoded - no MedDRA SOC in source)","VERBATIM_1732","incidence","pct_subjects",
"Zanomaline High Dose (81 mg)","PT|(uncoded - no MedDRA SOC in source)","VERBATIM_1732","incidence","n_events",0
"Placebo","PT|(uncoded - no MedDRA SOC in source)","VERBATIM_1737","incidence","n_subjects",1
"Placebo","PT|(uncoded - no MedDRA SOC in source)","VERBATIM_1737","incidence","pct_subjects",1.16279069767442
"Placebo","PT|(uncoded - no MedDRA SOC in source)","VERBATIM_1737","incidence","n_events",2
"Zanomaline Low Dose (54 mg)","PT|(uncoded - no MedDRA SOC in source)","VERBATIM_1737","incidence","n_subjects",0
"Zanomaline Low Dose (54 mg)","PT|(uncoded - no MedDRA SOC in source)","VERBATIM_1737","incidence","pct_subjects",
"Zanomaline Low Dose (54 mg)","PT|(uncoded - no MedDRA SOC in source)","VERBATIM_1737","incidence","n_events",0
"Zanomaline High Dose (81 mg)","PT|(uncoded - no MedDRA SOC in source)","VERBATIM_1737","incidence","n_subjects",0
"Zanomaline High Dose (81 mg)","PT|(uncoded - no MedDRA SOC in source)","VERBATIM_1737","incidence","pct_subjects",
"Zanomaline High Dose (81 mg)","PT|(uncoded - no MedDRA SOC in source)","VERBATIM_1737","incidence","n_events",0
"Placebo","PT|(uncoded - no MedDRA SOC in source)","VERBATIM_1738","incidence","n_subjects",1
"Placebo","PT|(uncoded - no MedDRA SOC in source)","VERBATIM_1738","incidence","pct_subjects",1.16279069767442
"Placebo","PT|(uncoded - no MedDRA SOC in source)","VERBATIM_1738","incidence","n_events",1
"Zanomaline Low Dose (54 mg)","PT|(uncoded - no MedDRA SOC in source)","VERBATIM_1738","incidence","n_subjects",0
"Zanomaline Low Dose (54 mg)","PT|(uncoded - no MedDRA SOC in source)","VERBATIM_1738","incidence","pct_subjects",
"Zanomaline Low Dose (54 mg)","PT|(uncoded - no MedDRA SOC in source)","VERBATIM_1738","incidence","n_events",0
"Zanomaline High Dose (81 mg)","PT|(uncoded - no MedDRA SOC in source)","VERBATIM_1738","incidence","n_subjects",0
"Zanomaline High Dose (81 mg)","PT|(uncoded - no MedDRA SOC in source)","VERBATIM_1738","incidence","pct_subjects",
"Zanomaline High Dose (81 mg)","PT|(uncoded - no MedDRA SOC in source)","VERBATIM_1738","incidence","n_events",0
"Placebo","PT|(uncoded - no MedDRA SOC in source)","VERBATIM_1742","incidence","n_subjects",1
"Placebo","PT|(uncoded - no MedDRA SOC in source)","VERBATIM_1742","incidence","pct_subjects",1.16279069767442
"Placebo","PT|(uncoded - no MedDRA SOC in source)","VERBATIM_1742","incidence","n_events",1
"Zanomaline Low Dose (54 mg)","PT|(uncoded - no MedDRA SOC in source)","VERBATIM_1742","incidence","n_subjects",0
"Zanomaline Low Dose (54 mg)","PT|(uncoded - no MedDRA SOC in source)","VERBATIM_1742","incidence","pct_subjects",
"Zanomaline Low Dose (54 mg)","PT|(uncoded - no MedDRA SOC in source)","VERBATIM_1742","incidence","n_events",0
"Zanomaline High Dose (81 mg)","PT|(uncoded - no MedDRA SOC in source)","VERBATIM_1742","incidence","n_subjects",0
"Zanomaline High Dose (81 mg)","PT|(uncoded - no MedDRA SOC in source)","VERBATIM_1742","incidence","pct_subjects",
"Zanomaline High Dose (81 mg)","PT|(uncoded - no MedDRA SOC in source)","VERBATIM_1742","incidence","n_events",0
"Placebo","PT|(uncoded - no MedDRA SOC in source)","VERBATIM_1751","incidence","n_subjects",3
"Placebo","PT|(uncoded - no MedDRA SOC in source)","VERBATIM_1751","incidence","pct_subjects",3.48837209302326
"Placebo","PT|(uncoded - no MedDRA SOC in source)","VERBATIM_1751","incidence","n_events",3
"Zanomaline Low Dose (54 mg)","PT|(uncoded - no MedDRA SOC in source)","VERBATIM_1751","incidence","n_subjects",0
"Zanomaline Low Dose (54 mg)","PT|(uncoded - no MedDRA SOC in source)","VERBATIM_1751","incidence","pct_subjects",
"Zanomaline Low Dose (54 mg)","PT|(uncoded - no MedDRA SOC in source)","VERBATIM_1751","incidence","n_events",0
"Zanomaline High Dose (81 mg)","PT|(uncoded - no MedDRA SOC in source)","VERBATIM_1751","incidence","n_subjects",0
"Zanomaline High Dose (81 mg)","PT|(uncoded - no MedDRA SOC in source)","VERBATIM_1751","incidence","pct_subjects",
"Zanomaline High Dose (81 mg)","PT|(uncoded - no MedDRA SOC in source)","VERBATIM_1751","incidence","n_events",0
"Placebo","PT|(uncoded - no MedDRA SOC in source)","VERBATIM_1769","incidence","n_subjects",5
"Placebo","PT|(uncoded - no MedDRA SOC in source)","VERBATIM_1769","incidence","pct_subjects",5.81395348837209
"Placebo","PT|(uncoded - no MedDRA SOC in source)","VERBATIM_1769","incidence","n_events",5
"Zanomaline Low Dose (54 mg)","PT|(uncoded - no MedDRA SOC in source)","VERBATIM_1769","incidence","n_subjects",0
"Zanomaline Low Dose (54 mg)","PT|(uncoded - no MedDRA SOC in source)","VERBATIM_1769","incidence","pct_subjects",
"Zanomaline Low Dose (54 mg)","PT|(uncoded - no MedDRA SOC in source)","VERBATIM_1769","incidence","n_events",0
"Zanomaline High Dose (81 mg)","PT|(uncoded - no MedDRA SOC in source)","VERBATIM_1769","incidence","n_subjects",0
"Zanomaline High Dose (81 mg)","PT|(uncoded - no MedDRA SOC in source)","VERBATIM_1769","incidence","pct_subjects",
"Zanomaline High Dose (81 mg)","PT|(uncoded - no MedDRA SOC in source)","VERBATIM_1769","incidence","n_events",0
"Placebo","PT|(uncoded - no MedDRA SOC in source)","VERBATIM_1775","incidence","n_subjects",8
"Placebo","PT|(uncoded - no MedDRA SOC in source)","VERBATIM_1775","incidence","pct_subjects",9.30232558139535
"Placebo","PT|(uncoded - no MedDRA SOC in source)","VERBATIM_1775","incidence","n_events",8
"Zanomaline Low Dose (54 mg)","PT|(uncoded - no MedDRA SOC in source)","VERBATIM_1775","incidence","n_subjects",0
"Zanomaline Low Dose (54 mg)","PT|(uncoded - no MedDRA SOC in source)","VERBATIM_1775","incidence","pct_subjects",
"Zanomaline Low Dose (54 mg)","PT|(uncoded - no MedDRA SOC in source)","VERBATIM_1775","incidence","n_events",0
"Zanomaline High Dose (81 mg)","PT|(uncoded - no MedDRA SOC in source)","VERBATIM_1775","incidence","n_subjects",0
"Zanomaline High Dose (81 mg)","PT|(uncoded - no MedDRA SOC in source)","VERBATIM_1775","incidence","pct_subjects",
"Zanomaline High Dose (81 mg)","PT|(uncoded - no MedDRA SOC in source)","VERBATIM_1775","incidence","n_events",0
"Placebo","PT|(uncoded - no MedDRA SOC in source)","VERBATIM_1779","incidence","n_subjects",1
"Placebo","PT|(uncoded - no MedDRA SOC in source)","VERBATIM_1779","incidence","pct_subjects",1.16279069767442
"Placebo","PT|(uncoded - no MedDRA SOC in source)","VERBATIM_1779","incidence","n_events",1
"Zanomaline Low Dose (54 mg)","PT|(uncoded - no MedDRA SOC in source)","VERBATIM_1779","incidence","n_subjects",0
"Zanomaline Low Dose (54 mg)","PT|(uncoded - no MedDRA SOC in source)","VERBATIM_1779","incidence","pct_subjects",
"Zanomaline Low Dose (54 mg)","PT|(uncoded - no MedDRA SOC in source)","VERBATIM_1779","incidence","n_events",0
"Zanomaline High Dose (81 mg)","PT|(uncoded - no MedDRA SOC in source)","VERBATIM_1779","incidence","n_subjects",0
"Zanomaline High Dose (81 mg)","PT|(uncoded - no MedDRA SOC in source)","VERBATIM_1779","incidence","pct_subjects",
"Zanomaline High Dose (81 mg)","PT|(uncoded - no MedDRA SOC in source)","VERBATIM_1779","incidence","n_events",0
"Placebo","PT|(uncoded - no MedDRA SOC in source)","VERBATIM_1782","incidence","n_subjects",1
"Placebo","PT|(uncoded - no MedDRA SOC in source)","VERBATIM_1782","incidence","pct_subjects",1.16279069767442
"Placebo","PT|(uncoded - no MedDRA SOC in source)","VERBATIM_1782","incidence","n_events",1
"Zanomaline Low Dose (54 mg)","PT|(uncoded - no MedDRA SOC in source)","VERBATIM_1782","incidence","n_subjects",0
"Zanomaline Low Dose (54 mg)","PT|(uncoded - no MedDRA SOC in source)","VERBATIM_1782","incidence","pct_subjects",
"Zanomaline Low Dose (54 mg)","PT|(uncoded - no MedDRA SOC in source)","VERBATIM_1782","incidence","n_events",0
"Zanomaline High Dose (81 mg)","PT|(uncoded - no MedDRA SOC in source)","VERBATIM_1782","incidence","n_subjects",0
"Zanomaline High Dose (81 mg)","PT|(uncoded - no MedDRA SOC in source)","VERBATIM_1782","incidence","pct_subjects",
"Zanomaline High Dose (81 mg)","PT|(uncoded - no MedDRA SOC in source)","VERBATIM_1782","incidence","n_events",0
"Placebo","PT|(uncoded - no MedDRA SOC in source)","VERBATIM_1797","incidence","n_subjects",1
"Placebo","PT|(uncoded - no MedDRA SOC in source)","VERBATIM_1797","incidence","pct_subjects",1.16279069767442
"Placebo","PT|(uncoded - no MedDRA SOC in source)","VERBATIM_1797","incidence","n_events",1
"Zanomaline Low Dose (54 mg)","PT|(uncoded - no MedDRA SOC in source)","VERBATIM_1797","incidence","n_subjects",0
"Zanomaline Low Dose (54 mg)","PT|(uncoded - no MedDRA SOC in source)","VERBATIM_1797","incidence","pct_subjects",
"Zanomaline Low Dose (54 mg)","PT|(uncoded - no MedDRA SOC in source)","VERBATIM_1797","incidence","n_events",0
"Zanomaline High Dose (81 mg)","PT|(uncoded - no MedDRA SOC in source)","VERBATIM_1797","incidence","n_subjects",0
"Zanomaline High Dose (81 mg)","PT|(uncoded - no MedDRA SOC in source)","VERBATIM_1797","incidence","pct_subjects",
"Zanomaline High Dose (81 mg)","PT|(uncoded - no MedDRA SOC in source)","VERBATIM_1797","incidence","n_events",0
"Placebo","PT|(uncoded - no MedDRA SOC in source)","VERBATIM_1800","incidence","n_subjects",1
"Placebo","PT|(uncoded - no MedDRA SOC in source)","VERBATIM_1800","incidence","pct_subjects",1.16279069767442
"Placebo","PT|(uncoded - no MedDRA SOC in source)","VERBATIM_1800","incidence","n_events",1
"Zanomaline Low Dose (54 mg)","PT|(uncoded - no MedDRA SOC in source)","VERBATIM_1800","incidence","n_subjects",0
"Zanomaline Low Dose (54 mg)","PT|(uncoded - no MedDRA SOC in source)","VERBATIM_1800","incidence","pct_subjects",
"Zanomaline Low Dose (54 mg)","PT|(uncoded - no MedDRA SOC in source)","VERBATIM_1800","incidence","n_events",0
"Zanomaline High Dose (81 mg)","PT|(uncoded - no MedDRA SOC in source)","VERBATIM_1800","incidence","n_subjects",0
"Zanomaline High Dose (81 mg)","PT|(uncoded - no MedDRA SOC in source)","VERBATIM_1800","incidence","pct_subjects",
"Zanomaline High Dose (81 mg)","PT|(uncoded - no MedDRA SOC in source)","VERBATIM_1800","incidence","n_events",0
